

/home/pospelov/development/iter/projects/sequencer-gui/src/lib/oac-tree-gui-views/oac_tree_gui/mainwindow/splash_screen.h should add these lines:
#include <qtmetamacros.h>  // for Q_OBJECT

/home/pospelov/development/iter/projects/sequencer-gui/src/lib/oac-tree-gui-views/oac_tree_gui/mainwindow/splash_screen.h should remove these lines:

The full include-list for /home/pospelov/development/iter/projects/sequencer-gui/src/lib/oac-tree-gui-views/oac_tree_gui/mainwindow/splash_screen.h:
#include <qtmetamacros.h>  // for Q_OBJECT
#include <QSplashScreen>   // for QSplashScreen
---

/home/pospelov/development/iter/projects/sequencer-gui/src/lib/oac-tree-gui-views/oac_tree_gui/mainwindow/splash_screen.cpp should add these lines:
#include <qeventloop.h>                    // for QEventLoop
#include <qnamespace.h>                    // for CursorShape
#include <qpixmap.h>                       // for QPixmap
#include <qrect.h>                         // for QRect
#include <qstring.h>                       // for QString
#include <string>                          // for basic_string

/home/pospelov/development/iter/projects/sequencer-gui/src/lib/oac-tree-gui-views/oac_tree_gui/mainwindow/splash_screen.cpp should remove these lines:

The full include-list for /home/pospelov/development/iter/projects/sequencer-gui/src/lib/oac-tree-gui-views/oac_tree_gui/mainwindow/splash_screen.cpp:
#include "splash_screen.h"
#include <mvvm/style/mvvm_style_helper.h>  // for UnitSize
#include <oac_tree_gui/core/version.h>     // for ProjectVersion
#include <qeventloop.h>                    // for QEventLoop
#include <qnamespace.h>                    // for CursorShape
#include <qpixmap.h>                       // for QPixmap
#include <qrect.h>                         // for QRect
#include <qstring.h>                       // for QString
#include <QCoreApplication>                // for QCoreApplication
#include <QStyle>                          // for QStyle
#include <QTime>                           // for QTime, operator<
#include <string>                          // for basic_string
---


/home/pospelov/development/iter/projects/sequencer-gui/src/lib/oac-tree-gui-views/oac_tree_gui/widgets/busy_sign.h should add these lines:
class QWidget;

/home/pospelov/development/iter/projects/sequencer-gui/src/lib/oac-tree-gui-views/oac_tree_gui/widgets/busy_sign.h should remove these lines:

The full include-list for /home/pospelov/development/iter/projects/sequencer-gui/src/lib/oac-tree-gui-views/oac_tree_gui/widgets/busy_sign.h:
#include <QObject>  // for QObject
class QWidget;
namespace oac_tree_gui { class BusySignWidget; }  // lines 45-45
---

/home/pospelov/development/iter/projects/sequencer-gui/src/lib/oac-tree-gui-views/oac_tree_gui/widgets/busy_sign.cpp should add these lines:
#include <QtCore/qobjectdefs.h>  // for FunctionPointer<>::ArgumentCount
#include <qnamespace.h>          // for WidgetAttribute
#include <qpixmap.h>             // for QPixmap
#include <qpoint.h>              // for QPoint
#include <qrect.h>               // for QRect
#include <qsize.h>               // for QSize, operator/
#include <qstring.h>             // for QString
#include <qtransform.h>          // for QTransform
#include <functional>            // for function
#include <utility>               // for move, forward
class QPaintEvent;

/home/pospelov/development/iter/projects/sequencer-gui/src/lib/oac-tree-gui-views/oac_tree_gui/widgets/busy_sign.cpp should remove these lines:

The full include-list for /home/pospelov/development/iter/projects/sequencer-gui/src/lib/oac-tree-gui-views/oac_tree_gui/widgets/busy_sign.cpp:
#include "busy_sign.h"
#include <QtCore/qobjectdefs.h>  // for FunctionPointer<>::ArgumentCount
#include <qnamespace.h>          // for WidgetAttribute
#include <qpixmap.h>             // for QPixmap
#include <qpoint.h>              // for QPoint
#include <qrect.h>               // for QRect
#include <qsize.h>               // for QSize, operator/
#include <qstring.h>             // for QString
#include <qtransform.h>          // for QTransform
#include <QEvent>                // for QEvent
#include <QPainter>              // for QPainter
#include <QTimer>                // for QTimer
#include <QWidget>               // for QWidget, QPaintEvent
#include <functional>            // for function
#include <utility>               // for move, forward
class QPaintEvent;
---


/home/pospelov/development/iter/projects/sequencer-gui/src/lib/oac-tree-gui-views/oac_tree_gui/widgets/custom_tree_view_style.h should add these lines:
class QStyle;

/home/pospelov/development/iter/projects/sequencer-gui/src/lib/oac-tree-gui-views/oac_tree_gui/widgets/custom_tree_view_style.h should remove these lines:

The full include-list for /home/pospelov/development/iter/projects/sequencer-gui/src/lib/oac-tree-gui-views/oac_tree_gui/widgets/custom_tree_view_style.h:
#include <QProxyStyle>  // for QProxyStyle
class QStyle;
---

/home/pospelov/development/iter/projects/sequencer-gui/src/lib/oac-tree-gui-views/oac_tree_gui/widgets/custom_tree_view_style.cpp should add these lines:
#include <qrect.h>       // for QRect
#include <qstyle.h>      // for QStyle
#include <qwidget.h>     // for QWidget

/home/pospelov/development/iter/projects/sequencer-gui/src/lib/oac-tree-gui-views/oac_tree_gui/widgets/custom_tree_view_style.cpp should remove these lines:

The full include-list for /home/pospelov/development/iter/projects/sequencer-gui/src/lib/oac-tree-gui-views/oac_tree_gui/widgets/custom_tree_view_style.cpp:
#include "custom_tree_view_style.h"
#include <qrect.h>       // for QRect
#include <qstyle.h>      // for QStyle
#include <qwidget.h>     // for QWidget
#include <QStyleOption>  // for QStyleOption
---


/home/pospelov/development/iter/projects/sequencer-gui/src/lib/oac-tree-gui-views/oac_tree_gui/widgets/file_tree_view.h should add these lines:
#include <qstring.h>       // for QString
#include <qtmetamacros.h>  // for Q_OBJECT, signals
#include <memory>          // for unique_ptr
class QModelIndex;

/home/pospelov/development/iter/projects/sequencer-gui/src/lib/oac-tree-gui-views/oac_tree_gui/widgets/file_tree_view.h should remove these lines:

The full include-list for /home/pospelov/development/iter/projects/sequencer-gui/src/lib/oac-tree-gui-views/oac_tree_gui/widgets/file_tree_view.h:
#include <qstring.h>       // for QString
#include <qtmetamacros.h>  // for Q_OBJECT, signals
#include <QWidget>         // for QWidget
#include <memory>          // for unique_ptr
class QAction;  // lines 29-29
class QFileSystemModel;  // lines 27-27
class QLabel;  // lines 28-28
class QMenu;  // lines 30-30
class QModelIndex;
class QTreeView;  // lines 26-26
namespace mvvm { class RecentProjectSettings; }  // lines 34-34
namespace sup { namespace gui { class ActionMenu; } }  // lines 39-39
---

/home/pospelov/development/iter/projects/sequencer-gui/src/lib/oac-tree-gui-views/oac_tree_gui/widgets/file_tree_view.cpp should add these lines:
#include <QtCore/qobjectdefs.h>                    // for FunctionPointer<>:...
#include <qabstractitemmodel.h>                    // for QModelIndex
#include <qdir.h>                                  // for QDir
#include <qfileinfo.h>                             // for QFileInfo
#include <qicon.h>                                 // for QIcon
#include <qlist.h>                                 // for QList
#include <utility>                                 // for forward

/home/pospelov/development/iter/projects/sequencer-gui/src/lib/oac-tree-gui-views/oac_tree_gui/widgets/file_tree_view.cpp should remove these lines:
- #include <QSettings>  // lines 35-35
- #include <QToolButton>  // lines 36-36

The full include-list for /home/pospelov/development/iter/projects/sequencer-gui/src/lib/oac-tree-gui-views/oac_tree_gui/widgets/file_tree_view.cpp:
#include "file_tree_view.h"
#include <QtCore/qobjectdefs.h>                    // for FunctionPointer<>:...
#include <mvvm/project/recent_project_settings.h>  // for RecentProjectSettings
#include <mvvm/widgets/widget_utils.h>             // for CreatePathPresenta...
#include <oac_tree_gui/style/style_helper.h>       // for FindIcon
#include <qabstractitemmodel.h>                    // for QModelIndex
#include <qdir.h>                                  // for QDir
#include <qfileinfo.h>                             // for QFileInfo
#include <qicon.h>                                 // for QIcon
#include <qlist.h>                                 // for QList
#include <sup/gui/widgets/action_menu.h>           // for ActionMenu
#include <QAction>                                 // for QAction
#include <QFileSystemModel>                        // for QFileSystemModel
#include <QItemSelectionModel>                     // for QItemSelectionModel
#include <QLabel>                                  // for QLabel
#include <QMenu>                                   // for QMenu
#include <QTreeView>                               // for QTreeView
#include <QVBoxLayout>                             // for QVBoxLayout
#include <utility>                                 // for forward
---


/home/pospelov/development/iter/projects/sequencer-gui/src/lib/oac-tree-gui-views/oac_tree_gui/widgets/flatlist_delegate.h should add these lines:
class QObject;

/home/pospelov/development/iter/projects/sequencer-gui/src/lib/oac-tree-gui-views/oac_tree_gui/widgets/flatlist_delegate.h should remove these lines:

The full include-list for /home/pospelov/development/iter/projects/sequencer-gui/src/lib/oac-tree-gui-views/oac_tree_gui/widgets/flatlist_delegate.h:
#include <QStyledItemDelegate>  // for QStyledItemDelegate
class QObject;
---

/home/pospelov/development/iter/projects/sequencer-gui/src/lib/oac-tree-gui-views/oac_tree_gui/widgets/flatlist_delegate.cpp should add these lines:
#include <qabstractitemmodel.h>               // for QModelIndex
#include <qbrush.h>                           // for QBrush
#include <qicon.h>                            // for QIcon
#include <qnamespace.h>                       // for AlignmentFlag, operator|
#include <qpalette.h>                         // for QPalette
#include <qrect.h>                            // for QRect
#include <qsize.h>                            // for QSize
#include <qstyle.h>                           // for QStyle
#include <qstyleoption.h>                     // for QStyleOptionViewItem
class QObject;

/home/pospelov/development/iter/projects/sequencer-gui/src/lib/oac-tree-gui-views/oac_tree_gui/widgets/flatlist_delegate.cpp should remove these lines:
- #include <QApplication>  // lines 27-27

The full include-list for /home/pospelov/development/iter/projects/sequencer-gui/src/lib/oac-tree-gui-views/oac_tree_gui/widgets/flatlist_delegate.cpp:
#include "flatlist_delegate.h"
#include <mvvm/style/mvvm_style_helper.h>     // for UnitSize
#include <oac_tree_gui/style/style_helper.h>  // for FindIcon
#include <qabstractitemmodel.h>               // for QModelIndex
#include <qbrush.h>                           // for QBrush
#include <qicon.h>                            // for QIcon
#include <qnamespace.h>                       // for AlignmentFlag, operator|
#include <qpalette.h>                         // for QPalette
#include <qrect.h>                            // for QRect
#include <qsize.h>                            // for QSize
#include <qstyle.h>                           // for QStyle
#include <qstyleoption.h>                     // for QStyleOptionViewItem
#include <QPainter>                           // for QPainter
class QObject;
---


/home/pospelov/development/iter/projects/sequencer-gui/src/lib/oac-tree-gui-views/oac_tree_gui/widgets/flatlist_view.h should add these lines:
#include <qtmetamacros.h>  // for Q_OBJECT, signals
class QModelIndex;
class QWidget;

/home/pospelov/development/iter/projects/sequencer-gui/src/lib/oac-tree-gui-views/oac_tree_gui/widgets/flatlist_view.h should remove these lines:

The full include-list for /home/pospelov/development/iter/projects/sequencer-gui/src/lib/oac-tree-gui-views/oac_tree_gui/widgets/flatlist_view.h:
#include <qtmetamacros.h>  // for Q_OBJECT, signals
#include <QTreeView>       // for QTreeView
class QModelIndex;
class QWidget;
---

/home/pospelov/development/iter/projects/sequencer-gui/src/lib/oac-tree-gui-views/oac_tree_gui/widgets/flatlist_view.cpp should add these lines:
#include <qabstractitemmodel.h>            // for QModelIndex
#include <qabstractitemview.h>             // for QAbstractItemView
#include <qframe.h>                        // for QFrame
#include <qnamespace.h>                    // for DropAction, WidgetAttribute
#include <qpoint.h>                        // for QPointF
#include <qtversionchecks.h>               // for QT_VERSION, QT_VERSION_CHECK
#include <qwidget.h>                       // for QWidget

/home/pospelov/development/iter/projects/sequencer-gui/src/lib/oac-tree-gui-views/oac_tree_gui/widgets/flatlist_view.cpp should remove these lines:
- #include <QDropEvent>  // lines 26-26
- #include <QMouseEvent>  // lines 28-28

The full include-list for /home/pospelov/development/iter/projects/sequencer-gui/src/lib/oac-tree-gui-views/oac_tree_gui/widgets/flatlist_view.cpp:
#include "flatlist_view.h"
#include <mvvm/style/mvvm_style_helper.h>  // for UnitSize
#include <qabstractitemmodel.h>            // for QModelIndex
#include <qabstractitemview.h>             // for QAbstractItemView
#include <qframe.h>                        // for QFrame
#include <qnamespace.h>                    // for DropAction, WidgetAttribute
#include <qpoint.h>                        // for QPointF
#include <qtversionchecks.h>               // for QT_VERSION, QT_VERSION_CHECK
#include <qwidget.h>                       // for QWidget
#include <QDragMoveEvent>                  // for QMouseEvent, QDropEvent
#include <QHeaderView>                     // for QHeaderView
---


/home/pospelov/development/iter/projects/sequencer-gui/src/lib/oac-tree-gui-views/oac_tree_gui/views/explorer/explorer_panel.h should add these lines:
#include <qstring.h>       // for QString
#include <qtmetamacros.h>  // for Q_OBJECT, signals

/home/pospelov/development/iter/projects/sequencer-gui/src/lib/oac-tree-gui-views/oac_tree_gui/views/explorer/explorer_panel.h should remove these lines:
- namespace oac_tree_gui { class ProcedureItem; }  // lines 39-39

The full include-list for /home/pospelov/development/iter/projects/sequencer-gui/src/lib/oac-tree-gui-views/oac_tree_gui/views/explorer/explorer_panel.h:
#include <qstring.h>       // for QString
#include <qtmetamacros.h>  // for Q_OBJECT, signals
#include <QWidget>         // for QWidget
namespace oac_tree_gui { class FileTreeView; }  // lines 36-36
namespace oac_tree_gui { class ProcedureListWidget; }  // lines 37-37
namespace oac_tree_gui { class SequencerModel; }  // lines 38-38
namespace sup { namespace gui { class CollapsibleListView; } }  // lines 28-28
namespace sup { namespace gui { class IAppCommandService; } }  // lines 30-30
namespace sup { namespace gui { class ItemStackWidget; } }  // lines 29-29
---

/home/pospelov/development/iter/projects/sequencer-gui/src/lib/oac-tree-gui-views/oac_tree_gui/views/explorer/explorer_panel.cpp should add these lines:
#include <QtCore/qobjectdefs.h>                                  // for Func...
#include <utility>                                               // for forward
#include <vector>                                                // for vector
#include "oac_tree_gui/views/composer/procedure_list_actions.h"  // for Proc...

/home/pospelov/development/iter/projects/sequencer-gui/src/lib/oac-tree-gui-views/oac_tree_gui/views/explorer/explorer_panel.cpp should remove these lines:
- #include <oac_tree_gui/model/procedure_item.h>  // lines 23-23
- #include <QToolButton>  // lines 30-30

The full include-list for /home/pospelov/development/iter/projects/sequencer-gui/src/lib/oac-tree-gui-views/oac_tree_gui/views/explorer/explorer_panel.cpp:
#include "explorer_panel.h"
#include <QtCore/qobjectdefs.h>                                  // for Func...
#include <oac_tree_gui/views/composer/procedure_list_widget.h>   // for Proc...
#include <oac_tree_gui/widgets/file_tree_view.h>                 // for File...
#include <sup/gui/widgets/collapsible_list_view.h>               // for Coll...
#include <sup/gui/widgets/item_stack_widget.h>                   // for Item...
#include <QVBoxLayout>                                           // for QVBo...
#include <utility>                                               // for forward
#include <vector>                                                // for vector
#include "oac_tree_gui/views/composer/procedure_list_actions.h"  // for Proc...
---


/home/pospelov/development/iter/projects/sequencer-gui/src/lib/oac-tree-gui-views/oac_tree_gui/views/explorer/sequencer_explorer_view.h should add these lines:
#include <qstring.h>       // for QString
#include <qtmetamacros.h>  // for Q_OBJECT

/home/pospelov/development/iter/projects/sequencer-gui/src/lib/oac-tree-gui-views/oac_tree_gui/views/explorer/sequencer_explorer_view.h should remove these lines:
- namespace oac_tree_gui { class ProcedureItem; }  // lines 39-39

The full include-list for /home/pospelov/development/iter/projects/sequencer-gui/src/lib/oac-tree-gui-views/oac_tree_gui/views/explorer/sequencer_explorer_view.h:
#include <qstring.h>       // for QString
#include <qtmetamacros.h>  // for Q_OBJECT
#include <QWidget>         // for QWidget
namespace oac_tree_gui { class ExplorerPanel; }  // lines 38-38
namespace oac_tree_gui { class SequencerModel; }  // lines 37-37
namespace sup { namespace gui { class CodeView; } }  // lines 28-28
namespace sup { namespace gui { class CustomSplitter; } }  // lines 30-30
namespace sup { namespace gui { class IAppCommandService; } }  // lines 31-31
namespace sup { namespace gui { class ItemStackWidget; } }  // lines 29-29
---

/home/pospelov/development/iter/projects/sequencer-gui/src/lib/oac-tree-gui-views/oac_tree_gui/views/explorer/sequencer_explorer_view.cpp should add these lines:
#include <QtCore/qobjectdefs.h>
#include <mvvm/model/session_item.h>
#include <mvvm/model/tagindex.h>
#include <memory>
#include <string>
#include <utility>

/home/pospelov/development/iter/projects/sequencer-gui/src/lib/oac-tree-gui-views/oac_tree_gui/views/explorer/sequencer_explorer_view.cpp should remove these lines:

The full include-list for /home/pospelov/development/iter/projects/sequencer-gui/src/lib/oac-tree-gui-views/oac_tree_gui/views/explorer/sequencer_explorer_view.cpp:
#include "sequencer_explorer_view.h"
#include <QtCore/qobjectdefs.h>
#include <mvvm/model/session_item.h>
#include <mvvm/model/tagindex.h>
#include <mvvm/standarditems/container_item.h>
#include <mvvm/utils/bin_utils.h>
#include <oac_tree_gui/model/procedure_item.h>
#include <oac_tree_gui/model/sequencer_model.h>
#include <oac_tree_gui/views/operation/procedure_action_handler.h>
#include <sup/gui/views/codeeditor/code_view.h>
#include <sup/gui/widgets/custom_splitter.h>
#include <sup/gui/widgets/item_stack_widget.h>
#include <QVBoxLayout>
#include <memory>
#include <string>
#include <utility>
#include "explorer_panel.h"
---


/home/pospelov/development/iter/projects/sequencer-gui/src/lib/oac-tree-gui-views/oac_tree_gui/views/composer/attribute_editor_actions.h should add these lines:
#include <qlist.h>                          // for QList
#include <qtmetamacros.h>                   // for Q_OBJECT, signals
#include <cstdint>                          // for uint8_t
#include <vector>                           // for vector

/home/pospelov/development/iter/projects/sequencer-gui/src/lib/oac-tree-gui-views/oac_tree_gui/views/composer/attribute_editor_actions.h should remove these lines:

The full include-list for /home/pospelov/development/iter/projects/sequencer-gui/src/lib/oac-tree-gui-views/oac_tree_gui/views/composer/attribute_editor_actions.h:
#include <qlist.h>                          // for QList
#include <qtmetamacros.h>                   // for Q_OBJECT, signals
#include <sup/gui/components/action_map.h>  // for ActionMap
#include <QObject>                          // for QObject
#include <cstdint>                          // for uint8_t
#include <memory>                           // for unique_ptr
#include <vector>                           // for vector
class QAction;  // lines 30-30
class QMenu;  // lines 29-29
namespace oac_tree_gui { class AttributeEditorActionHandler; }  // lines 40-40
namespace sup { namespace gui { class ActionMenu; } }  // lines 34-34
---

/home/pospelov/development/iter/projects/sequencer-gui/src/lib/oac-tree-gui-views/oac_tree_gui/views/composer/attribute_editor_actions.cpp should add these lines:
#include <QtCore/qobjectdefs.h>
#include <qaction.h>
#include <qicon.h>
#include <qminmax.h>                                                // for qMax
#include <qstring.h>
#include <qswap.h>
#include <qtypeinfo.h>
#include <utility>

/home/pospelov/development/iter/projects/sequencer-gui/src/lib/oac-tree-gui-views/oac_tree_gui/views/composer/attribute_editor_actions.cpp should remove these lines:
- #include <oac_tree_gui/model/item_constants.h>  // lines 24-24
- #include <oac_tree_gui/transform/attribute_item_transform_helper.h>  // lines 26-26
- #include <sup/gui/model/anyvalue_item.h>  // lines 28-28
- #include <QToolButton>  // lines 32-32

The full include-list for /home/pospelov/development/iter/projects/sequencer-gui/src/lib/oac-tree-gui-views/oac_tree_gui/views/composer/attribute_editor_actions.cpp:
#include "attribute_editor_actions.h"
#include <QtCore/qobjectdefs.h>
#include <oac_tree_gui/composer/attribute_editor_action_handler.h>
#include <oac_tree_gui/style/style_helper.h>
#include <qaction.h>
#include <qicon.h>
#include <qminmax.h>                                                // for qMax
#include <qstring.h>
#include <qswap.h>
#include <qtypeinfo.h>
#include <sup/gui/widgets/action_menu.h>
#include <QMenu>
#include <utility>
---


/home/pospelov/development/iter/projects/sequencer-gui/src/lib/oac-tree-gui-views/oac_tree_gui/views/composer/available_instructions_tree_view.h should add these lines:
#include <qnamespace.h>    // for DropActions
#include <qstring.h>       // for QString
#include <qtmetamacros.h>  // for Q_OBJECT, signals
class QWidget;

/home/pospelov/development/iter/projects/sequencer-gui/src/lib/oac-tree-gui-views/oac_tree_gui/views/composer/available_instructions_tree_view.h should remove these lines:

The full include-list for /home/pospelov/development/iter/projects/sequencer-gui/src/lib/oac-tree-gui-views/oac_tree_gui/views/composer/available_instructions_tree_view.h:
#include <qnamespace.h>    // for DropActions
#include <qstring.h>       // for QString
#include <qtmetamacros.h>  // for Q_OBJECT, signals
#include <QTreeView>       // for QTreeView
class QWidget;
---

/home/pospelov/development/iter/projects/sequencer-gui/src/lib/oac-tree-gui-views/oac_tree_gui/views/composer/available_instructions_tree_view.cpp should add these lines:
#include <QtCore/qobjectdefs.h>                   // for FunctionPointer<>::...
#include <qabstractitemmodel.h>                   // for QModelIndex, QAbstr...
#include <qbrush.h>                               // for QBrush, QGradient
#include <qcolor.h>                               // for QColor
#include <qpoint.h>                               // for QPoint
#include <qrect.h>                                // for QRect, QRectF
#include <utility>                                // for forward
class QWidget;

/home/pospelov/development/iter/projects/sequencer-gui/src/lib/oac-tree-gui-views/oac_tree_gui/views/composer/available_instructions_tree_view.cpp should remove these lines:
- #include <mvvm/widgets/widget_utils.h>  // lines 26-26
- #include <QMimeData>  // lines 29-29

The full include-list for /home/pospelov/development/iter/projects/sequencer-gui/src/lib/oac-tree-gui-views/oac_tree_gui/views/composer/available_instructions_tree_view.cpp:
#include "available_instructions_tree_view.h"
#include <QtCore/qobjectdefs.h>                   // for FunctionPointer<>::...
#include <mvvm/style/mvvm_style_helper.h>         // for UnitSize
#include <oac_tree_gui/nodeeditor/scene_utils.h>  // for ConnectableViewGrad...
#include <qabstractitemmodel.h>                   // for QModelIndex, QAbstr...
#include <qbrush.h>                               // for QBrush, QGradient
#include <qcolor.h>                               // for QColor
#include <qpoint.h>                               // for QPoint
#include <qrect.h>                                // for QRect, QRectF
#include <QDrag>                                  // for QDrag
#include <QPainter>                               // for QPainter
#include <QPixmap>                                // for QPixmap
#include <utility>                                // for forward
class QWidget;
---


/home/pospelov/development/iter/projects/sequencer-gui/src/lib/oac-tree-gui-views/oac_tree_gui/views/composer/available_instructions_widget.h should add these lines:
#include <qstring.h>       // for QString
#include <qtmetamacros.h>  // for Q_OBJECT, signals
class QPoint;

/home/pospelov/development/iter/projects/sequencer-gui/src/lib/oac-tree-gui-views/oac_tree_gui/views/composer/available_instructions_widget.h should remove these lines:

The full include-list for /home/pospelov/development/iter/projects/sequencer-gui/src/lib/oac-tree-gui-views/oac_tree_gui/views/composer/available_instructions_widget.h:
#include <qstring.h>       // for QString
#include <qtmetamacros.h>  // for Q_OBJECT, signals
#include <QWidget>         // for QWidget
class QLineEdit;  // lines 26-26
class QPoint;
namespace mvvm { class FilterNameViewModel; }  // lines 30-30
namespace oac_tree_gui { class AvailableInstructionsTreeView; }  // lines 37-37
namespace oac_tree_gui { class ToolKitViewModel; }  // lines 36-36
---

/home/pospelov/development/iter/projects/sequencer-gui/src/lib/oac-tree-gui-views/oac_tree_gui/views/composer/available_instructions_widget.cpp should add these lines:
#include <QtCore/qobjectdefs.h>                              // for Function...
#include <qnamespace.h>                                      // for ContextM...
#include <qtreeview.h>                                       // for QTreeView
#include <utility>                                           // for forward
class QPoint;

/home/pospelov/development/iter/projects/sequencer-gui/src/lib/oac-tree-gui-views/oac_tree_gui/views/composer/available_instructions_widget.cpp should remove these lines:
- #include <oac_tree_gui/domain/domain_helper.h>  // lines 25-25

The full include-list for /home/pospelov/development/iter/projects/sequencer-gui/src/lib/oac-tree-gui-views/oac_tree_gui/views/composer/available_instructions_widget.cpp:
#include "available_instructions_widget.h"
#include <QtCore/qobjectdefs.h>                              // for Function...
#include <mvvm/viewmodel/filter_name_viewmodel.h>            // for FilterNa...
#include <oac_tree_gui/domain/domain_object_group_helper.h>  // for ObjectGr...
#include <oac_tree_gui/viewmodel/toolkit_viewmodel.h>        // for ToolKitV...
#include <qnamespace.h>                                      // for ContextM...
#include <qtreeview.h>                                       // for QTreeView
#include <QAction>                                           // for QAction
#include <QLineEdit>                                         // for QLineEdit
#include <QMenu>                                             // for QMenu
#include <QVBoxLayout>                                       // for QVBoxLayout
#include <utility>                                           // for forward
#include "available_instructions_tree_view.h"                // for Availabl...
class QPoint;
---


/home/pospelov/development/iter/projects/sequencer-gui/src/lib/oac-tree-gui-views/oac_tree_gui/views/composer/composer_tools_panel.h should add these lines:
#include <qstring.h>       // for QString
#include <qtmetamacros.h>  // for Q_OBJECT, signals

/home/pospelov/development/iter/projects/sequencer-gui/src/lib/oac-tree-gui-views/oac_tree_gui/views/composer/composer_tools_panel.h should remove these lines:
- class QSplitter;  // lines 26-26

The full include-list for /home/pospelov/development/iter/projects/sequencer-gui/src/lib/oac-tree-gui-views/oac_tree_gui/views/composer/composer_tools_panel.h:
#include <qstring.h>       // for QString
#include <qtmetamacros.h>  // for Q_OBJECT, signals
#include <QWidget>         // for QWidget
namespace oac_tree_gui { class ApplicationModels; }  // lines 40-40
namespace oac_tree_gui { class AvailableInstructionsWidget; }  // lines 38-38
namespace oac_tree_gui { class FavoriteInstructionsWidget; }  // lines 42-42
namespace oac_tree_gui { class ProcedureItem; }  // lines 41-41
namespace oac_tree_gui { class ProcedureListWidget; }  // lines 39-39
namespace sup { namespace gui { class CollapsibleListView; } }  // lines 30-30
namespace sup { namespace gui { class IAppCommandService; } }  // lines 32-32
namespace sup { namespace gui { class ItemStackWidget; } }  // lines 31-31
---

/home/pospelov/development/iter/projects/sequencer-gui/src/lib/oac-tree-gui-views/oac_tree_gui/views/composer/composer_tools_panel.cpp should add these lines:
#include <QtCore/qobjectdefs.h>                                  // for Func...
#include <mvvm/model/tagindex.h>                                 // for TagI...
#include <qlist.h>                                               // for QList
#include <utility>                                               // for forward
#include <vector>                                                // for vector
#include "oac_tree_gui/views/composer/procedure_list_actions.h"  // for Proc...

/home/pospelov/development/iter/projects/sequencer-gui/src/lib/oac-tree-gui-views/oac_tree_gui/views/composer/composer_tools_panel.cpp should remove these lines:

The full include-list for /home/pospelov/development/iter/projects/sequencer-gui/src/lib/oac-tree-gui-views/oac_tree_gui/views/composer/composer_tools_panel.cpp:
#include "composer_tools_panel.h"
#include <QtCore/qobjectdefs.h>                                  // for Func...
#include <mvvm/model/tagindex.h>                                 // for TagI...
#include <mvvm/standarditems/container_item.h>                   // for Cont...
#include <oac_tree_gui/model/application_models.h>               // for Appl...
#include <oac_tree_gui/model/procedure_item.h>                   // for Proc...
#include <oac_tree_gui/model/project_model.h>                    // for Proj...
#include <oac_tree_gui/model/sequencer_model.h>                  // for Sequ...
#include <qlist.h>                                               // for QList
#include <sup/gui/widgets/collapsible_list_view.h>               // for Coll...
#include <sup/gui/widgets/item_stack_widget.h>                   // for Item...
#include <QVBoxLayout>                                           // for QVBo...
#include <utility>                                               // for forward
#include <vector>                                                // for vector
#include "available_instructions_widget.h"                       // for Avai...
#include "favorite_instructions_widget.h"                        // for Favo...
#include "oac_tree_gui/views/composer/procedure_list_actions.h"  // for Proc...
#include "procedure_list_widget.h"                               // for Proc...
---


/home/pospelov/development/iter/projects/sequencer-gui/src/lib/oac-tree-gui-views/oac_tree_gui/views/composer/custom_celleditor_factory.h should add these lines:
#include <mvvm/providers/editor_types_fwd.h>      // for editor_t
#include <qcontainerfwd.h>                        // for QStringList
class QModelIndex;

/home/pospelov/development/iter/projects/sequencer-gui/src/lib/oac-tree-gui-views/oac_tree_gui/views/composer/custom_celleditor_factory.h should remove these lines:
- #include <QStringList>  // lines 26-26

The full include-list for /home/pospelov/development/iter/projects/sequencer-gui/src/lib/oac-tree-gui-views/oac_tree_gui/views/composer/custom_celleditor_factory.h:
#include <mvvm/editors/default_editor_factory.h>  // for DefaultEditorFactory
#include <mvvm/providers/editor_types_fwd.h>      // for editor_t
#include <qcontainerfwd.h>                        // for QStringList
#include <functional>                             // for function
#include <string>                                 // for string
class QModelIndex;
namespace mvvm { class SessionItem; }  // lines 32-32
---

/home/pospelov/development/iter/projects/sequencer-gui/src/lib/oac-tree-gui-views/oac_tree_gui/views/composer/custom_celleditor_factory.cpp should add these lines:
#include <memory>                                        // for make_unique
#include <vector>                                        // for vector
class QModelIndex;

/home/pospelov/development/iter/projects/sequencer-gui/src/lib/oac-tree-gui-views/oac_tree_gui/views/composer/custom_celleditor_factory.cpp should remove these lines:

The full include-list for /home/pospelov/development/iter/projects/sequencer-gui/src/lib/oac-tree-gui-views/oac_tree_gui/views/composer/custom_celleditor_factory.cpp:
#include "custom_celleditor_factory.h"
#include <mvvm/editors/string_completer_combo_editor.h>  // for StringComple...
#include <mvvm/model/session_item.h>                     // for SessionItem
#include <mvvm/providers/viewmodel_utils.h>              // for ItemFromProx...
#include <mvvm/utils/container_utils.h>                  // for Contains
#include <oac_tree_gui/domain/domain_constants.h>        // for kEqualVariab...
#include <QWidget>                                       // for QWidget
#include <memory>                                        // for make_unique
#include <vector>                                        // for vector
class QModelIndex;
---


/home/pospelov/development/iter/projects/sequencer-gui/src/lib/oac-tree-gui-views/oac_tree_gui/views/composer/favorite_instructions_widget.h should add these lines:
#include <qtmetamacros.h>  // for Q_OBJECT
#include <memory>          // for unique_ptr

/home/pospelov/development/iter/projects/sequencer-gui/src/lib/oac-tree-gui-views/oac_tree_gui/views/composer/favorite_instructions_widget.h should remove these lines:
- namespace mvvm { class ViewModel; }  // lines 28-28

The full include-list for /home/pospelov/development/iter/projects/sequencer-gui/src/lib/oac-tree-gui-views/oac_tree_gui/views/composer/favorite_instructions_widget.h:
#include <qtmetamacros.h>  // for Q_OBJECT
#include <QWidget>         // for QWidget
#include <memory>          // for unique_ptr
namespace mvvm { class ItemViewComponentProvider; }  // lines 29-29
namespace oac_tree_gui { class FlatListView; }  // lines 36-36
namespace oac_tree_gui { class InstructionContainerItem; }  // lines 35-35
---

/home/pospelov/development/iter/projects/sequencer-gui/src/lib/oac-tree-gui-views/oac_tree_gui/views/composer/favorite_instructions_widget.cpp should add these lines:
#include <QtCore/qobjectdefs.h>
#include <mvvm/model/item_utils.h>
#include <mvvm/views/item_view_component_provider.h>
#include <utility>
class QModelIndex;
namespace mvvm { class SessionItem; }

/home/pospelov/development/iter/projects/sequencer-gui/src/lib/oac-tree-gui-views/oac_tree_gui/views/composer/favorite_instructions_widget.cpp should remove these lines:
- #include <mvvm/model/model_utils.h>  // lines 28-28
- #include <mvvm/views/component_provider_helper.h>  // lines 29-29

The full include-list for /home/pospelov/development/iter/projects/sequencer-gui/src/lib/oac-tree-gui-views/oac_tree_gui/views/composer/favorite_instructions_widget.cpp:
#include "favorite_instructions_widget.h"
#include <QtCore/qobjectdefs.h>
#include <mvvm/model/item_utils.h>
#include <mvvm/views/item_view_component_provider.h>
#include <oac_tree_gui/model/instruction_container_item.h>
#include <oac_tree_gui/viewmodel/favorite_instructions_viewmodel.h>
#include <oac_tree_gui/widgets/flatlist_delegate.h>
#include <oac_tree_gui/widgets/flatlist_view.h>
#include <QVBoxLayout>
#include <utility>
class QModelIndex;
namespace mvvm { class SessionItem; }
---

In file included from /home/pospelov/development/iter/projects/sequencer-gui/src/lib/oac-tree-gui-views/oac_tree_gui/views/composer/instruction_attribute_editor.cpp:26:
In file included from /home/pospelov/development/iter/projects/sequencer-gui/src/lib/oac-tree-gui-components/oac_tree_gui/composer/attribute_editor_action_handler.h:24:
/home/pospelov/development/iter/projects/sequencer-gui/src/lib/oac-tree-gui-components/oac_tree_gui/composer/attribute_editor_context.h:41:1: warning: 'AttributeEditorContext' defined as a struct here but previously declared as a class; this is valid, but may result in linker errors under the Microsoft C++ ABI [-Wmismatched-tags]
   41 | struct AttributeEditorContext
      | ^
/home/pospelov/development/iter/projects/sequencer-gui/src/lib/oac-tree-gui-views/oac_tree_gui/views/composer/instruction_attribute_editor.h:47:1: note: did you mean struct here?
   47 | class AttributeEditorContext;
      | ^~~~~
      | struct

/home/pospelov/development/iter/projects/sequencer-gui/src/lib/oac-tree-gui-views/oac_tree_gui/views/composer/instruction_attribute_editor.h should add these lines:
#include <qcontainerfwd.h>  // for QStringList
#include <qtmetamacros.h>   // for Q_OBJECT, signals
#include <memory>           // for unique_ptr
class QPoint;

/home/pospelov/development/iter/projects/sequencer-gui/src/lib/oac-tree-gui-views/oac_tree_gui/views/composer/instruction_attribute_editor.h should remove these lines:
- #include <QStringList>  // lines 24-24

The full include-list for /home/pospelov/development/iter/projects/sequencer-gui/src/lib/oac-tree-gui-views/oac_tree_gui/views/composer/instruction_attribute_editor.h:
#include <qcontainerfwd.h>  // for QStringList
#include <qtmetamacros.h>   // for Q_OBJECT, signals
#include <QWidget>          // for QWidget
#include <functional>       // for function
#include <memory>           // for unique_ptr
class QPoint;
class QToolBar;  // lines 29-29
class QTreeView;  // lines 28-28
namespace mvvm { class ItemViewComponentProvider; }  // lines 34-34
namespace mvvm { class SessionItem; }  // lines 33-33
namespace oac_tree_gui { class AttributeEditorActionHandler; }  // lines 46-46
namespace oac_tree_gui { class AttributeEditorActions; }  // lines 45-45
namespace oac_tree_gui { class AttributeEditorContext; }  // lines 47-47
namespace sup { namespace gui { class CustomHeaderView; } }  // lines 39-39
---

/home/pospelov/development/iter/projects/sequencer-gui/src/lib/oac-tree-gui-views/oac_tree_gui/views/composer/instruction_attribute_editor.cpp should add these lines:
#include <QtCore/qobjectdefs.h>
#include <mvvm/views/item_view_component_provider.h>
#include <mvvm/views/viewmodel_component_builder.h>
#include <qnamespace.h>
#include <qstring.h>
#include <utility>
#include <vector>
class QPoint;

/home/pospelov/development/iter/projects/sequencer-gui/src/lib/oac-tree-gui-views/oac_tree_gui/views/composer/instruction_attribute_editor.cpp should remove these lines:
- #include <mvvm/model/session_item.h>  // lines 35-35
- #include <mvvm/utils/container_utils.h>  // lines 36-36
- #include <mvvm/views/component_provider_helper.h>  // lines 37-37
- #include <sup/gui/model/anyvalue_item.h>  // lines 31-31
- #include <QSettings>  // lines 40-40

The full include-list for /home/pospelov/development/iter/projects/sequencer-gui/src/lib/oac-tree-gui-views/oac_tree_gui/views/composer/instruction_attribute_editor.cpp:
#include "instruction_attribute_editor.h"
#include <QtCore/qobjectdefs.h>
#include <mvvm/model/item_selection.h>
#include <mvvm/views/item_view_component_provider.h>
#include <mvvm/views/viewmodel_component_builder.h>
#include <oac_tree_gui/composer/attribute_editor_action_handler.h>
#include <oac_tree_gui/composer/attribute_editor_context.h>
#include <oac_tree_gui/style/style_helper.h>
#include <oac_tree_gui/viewmodel/attribute_editor_viewmodel.h>
#include <qnamespace.h>
#include <qstring.h>
#include <sup/gui/widgets/custom_header_view.h>
#include <QMenu>
#include <QToolBar>
#include <QTreeView>
#include <QVBoxLayout>
#include <utility>
#include <vector>
#include "attribute_editor_actions.h"
#include "custom_celleditor_factory.h"
class QPoint;
---


/home/pospelov/development/iter/projects/sequencer-gui/src/lib/oac-tree-gui-views/oac_tree_gui/views/composer/instruction_editor_actions.h should add these lines:
#include <qaction.h>                        // for QAction
#include <qobject.h>                        // for QObject
#include <qtmetamacros.h>                   // for Q_OBJECT
#include <cstdint>                          // for uint8_t
#include <vector>                           // for vector

/home/pospelov/development/iter/projects/sequencer-gui/src/lib/oac-tree-gui-views/oac_tree_gui/views/composer/instruction_editor_actions.h should remove these lines:
- #include <QWidget>  // lines 28-28
- class QMenu;  // lines 31-31

The full include-list for /home/pospelov/development/iter/projects/sequencer-gui/src/lib/oac-tree-gui-views/oac_tree_gui/views/composer/instruction_editor_actions.h:
#include <qaction.h>                        // for QAction
#include <qobject.h>                        // for QObject
#include <qtmetamacros.h>                   // for Q_OBJECT
#include <sup/gui/components/action_map.h>  // for ActionMap
#include <QList>                            // for QList
#include <QMenu>                            // for QMenu
#include <cstdint>                          // for uint8_t
#include <memory>                           // for unique_ptr
#include <vector>                           // for vector
namespace oac_tree_gui { class InstructionEditorActionHandler; }  // lines 44-44
namespace sup { namespace gui { class ActionMenu; } }  // lines 36-36
namespace sup { namespace gui { class AppCommandContext; } }  // lines 37-37
namespace sup { namespace gui { class IAppCommandService; } }  // lines 38-38
namespace sup { namespace gui { class ProxyAction; } }  // lines 35-35
---

/home/pospelov/development/iter/projects/sequencer-gui/src/lib/oac-tree-gui-views/oac_tree_gui/views/composer/instruction_editor_actions.cpp should add these lines:
#include <QtCore/qobjectdefs.h>
#include <qicon.h>
#include <qkeysequence.h>
#include <qminmax.h>
#include <qnamespace.h>
#include <qstring.h>
#include <qswap.h>
#include <qtypeinfo.h>
#include <string>
#include <utility>

/home/pospelov/development/iter/projects/sequencer-gui/src/lib/oac-tree-gui-views/oac_tree_gui/views/composer/instruction_editor_actions.cpp should remove these lines:
- #include <mvvm/widgets/widget_utils.h>  // lines 33-33
- #include <oac_tree_gui/domain/domain_helper.h>  // lines 24-24
- #include <QToolButton>  // lines 35-35

The full include-list for /home/pospelov/development/iter/projects/sequencer-gui/src/lib/oac-tree-gui-views/oac_tree_gui/views/composer/instruction_editor_actions.cpp:
#include "instruction_editor_actions.h"
#include <QtCore/qobjectdefs.h>
#include <oac_tree_gui/composer/instruction_editor_action_handler.h>
#include <oac_tree_gui/domain/domain_object_group_helper.h>
#include <oac_tree_gui/style/style_helper.h>
#include <qicon.h>
#include <qkeysequence.h>
#include <qminmax.h>
#include <qnamespace.h>
#include <qstring.h>
#include <qswap.h>
#include <qtypeinfo.h>
#include <sup/gui/app/app_constants.h>
#include <sup/gui/app/i_app_command_service.h>
#include <sup/gui/component_objects/proxy_action.h>
#include <sup/gui/widgets/action_menu.h>
#include <string>
#include <utility>
---


/home/pospelov/development/iter/projects/sequencer-gui/src/lib/oac-tree-gui-views/oac_tree_gui/views/composer/instruction_editor_tree_view.h should add these lines:
#include <qtmetamacros.h>  // for Q_OBJECT
class QWidget;

/home/pospelov/development/iter/projects/sequencer-gui/src/lib/oac-tree-gui-views/oac_tree_gui/views/composer/instruction_editor_tree_view.h should remove these lines:

The full include-list for /home/pospelov/development/iter/projects/sequencer-gui/src/lib/oac-tree-gui-views/oac_tree_gui/views/composer/instruction_editor_tree_view.h:
#include <qtmetamacros.h>  // for Q_OBJECT
#include <QTreeView>       // for QTreeView
class QWidget;
---

/home/pospelov/development/iter/projects/sequencer-gui/src/lib/oac-tree-gui-views/oac_tree_gui/views/composer/instruction_editor_tree_view.cpp should add these lines:
#include <qnamespace.h>  // for DropAction
#include <qobject.h>     // for QObject
class QWidget;

/home/pospelov/development/iter/projects/sequencer-gui/src/lib/oac-tree-gui-views/oac_tree_gui/views/composer/instruction_editor_tree_view.cpp should remove these lines:

The full include-list for /home/pospelov/development/iter/projects/sequencer-gui/src/lib/oac-tree-gui-views/oac_tree_gui/views/composer/instruction_editor_tree_view.cpp:
#include "instruction_editor_tree_view.h"
#include <qnamespace.h>  // for DropAction
#include <qobject.h>     // for QObject
#include <QDropEvent>    // for QDropEvent
class QWidget;
---

In file included from /home/pospelov/development/iter/projects/sequencer-gui/src/lib/oac-tree-gui-views/oac_tree_gui/views/composer/instruction_editor_widget.cpp:27:
In file included from /home/pospelov/development/iter/projects/sequencer-gui/src/lib/oac-tree-gui-components/oac_tree_gui/composer/instruction_editor_action_handler.h:25:
/home/pospelov/development/iter/projects/sequencer-gui/src/lib/oac-tree-gui-components/oac_tree_gui/composer/instruction_editor_context.h:55:1: warning: 'InstructionEditorContext' defined as a struct here but previously declared as a class; this is valid, but may result in linker errors under the Microsoft C++ ABI [-Wmismatched-tags]
   55 | struct InstructionEditorContext
      | ^
/home/pospelov/development/iter/projects/sequencer-gui/src/lib/oac-tree-gui-views/oac_tree_gui/views/composer/instruction_editor_widget.h:47:1: note: did you mean struct here?
   47 | class InstructionEditorContext;
      | ^~~~~
      | struct

/home/pospelov/development/iter/projects/sequencer-gui/src/lib/oac-tree-gui-views/oac_tree_gui/views/composer/instruction_editor_widget.h should add these lines:
#include <qcontainerfwd.h>  // for QStringList
#include <qstring.h>        // for QString
#include <qtmetamacros.h>   // for Q_OBJECT, signals
#include <functional>       // for function
#include <vector>           // for vector
class QPoint;

/home/pospelov/development/iter/projects/sequencer-gui/src/lib/oac-tree-gui-views/oac_tree_gui/views/composer/instruction_editor_widget.h should remove these lines:

The full include-list for /home/pospelov/development/iter/projects/sequencer-gui/src/lib/oac-tree-gui-views/oac_tree_gui/views/composer/instruction_editor_widget.h:
#include <qcontainerfwd.h>  // for QStringList
#include <qstring.h>        // for QString
#include <qtmetamacros.h>   // for Q_OBJECT, signals
#include <QWidget>          // for QWidget
#include <functional>       // for function
#include <memory>           // for unique_ptr
#include <vector>           // for vector
class QPoint;
class QTreeView;  // lines 27-27
namespace mvvm { class ItemViewComponentProvider; }  // lines 31-31
namespace oac_tree_gui { class CustomTreeViewStyle; }  // lines 51-51
namespace oac_tree_gui { class InstructionAttributeEditor; }  // lines 50-50
namespace oac_tree_gui { class InstructionContainerItem; }  // lines 45-45
namespace oac_tree_gui { class InstructionEditorActionHandler; }  // lines 48-48
namespace oac_tree_gui { class InstructionEditorActions; }  // lines 49-49
namespace oac_tree_gui { class InstructionEditorContext; }  // lines 47-47
namespace oac_tree_gui { class InstructionItem; }  // lines 46-46
namespace sup { namespace gui { class CustomHeaderView; } }  // lines 36-36
namespace sup { namespace gui { class CustomSplitter; } }  // lines 38-38
namespace sup { namespace gui { class IAppCommandService; } }  // lines 39-39
namespace sup { namespace gui { class VisibilityAgentBase; } }  // lines 37-37
---

/home/pospelov/development/iter/projects/sequencer-gui/src/lib/oac-tree-gui-views/oac_tree_gui/views/composer/instruction_editor_widget.cpp should add these lines:
#include <QtCore/qobjectdefs.h>
#include <mvvm/viewmodel/viewmodel.h>
#include <mvvm/views/item_view_component_provider.h>
#include <qabstractitemmodel.h>
#include <qabstractitemview.h>
#include <qlist.h>
#include <qmenu.h>
#include <qminmax.h>
#include <qnamespace.h>
#include <qswap.h>
#include <qtreeview.h>
#include <string>
#include <utility>
#include "oac_tree_gui/components/anyvalue_dialog_result.h"
#include "oac_tree_gui/composer/instruction_editor_context.h"
class QPoint;

/home/pospelov/development/iter/projects/sequencer-gui/src/lib/oac-tree-gui-views/oac_tree_gui/views/composer/instruction_editor_widget.cpp should remove these lines:
- #include <mvvm/views/component_provider_helper.h>  // lines 49-49

The full include-list for /home/pospelov/development/iter/projects/sequencer-gui/src/lib/oac-tree-gui-views/oac_tree_gui/views/composer/instruction_editor_widget.cpp:
#include "instruction_editor_widget.h"
#include <QtCore/qobjectdefs.h>
#include <mvvm/model/item_selection.h>
#include <mvvm/model/item_utils.h>
#include <mvvm/providers/qtcore_helper.h>
#include <mvvm/viewmodel/viewmodel.h>
#include <mvvm/views/item_view_component_provider.h>
#include <oac_tree_gui/composer/instruction_editor_action_handler.h>
#include <oac_tree_gui/model/instruction_container_item.h>
#include <oac_tree_gui/model/instruction_item.h>
#include <oac_tree_gui/model/item_factory.h>
#include <oac_tree_gui/model/procedure_item.h>
#include <oac_tree_gui/model/workspace_item.h>
#include <oac_tree_gui/viewmodel/instruction_editor_viewmodel.h>
#include <oac_tree_gui/views/editors/anyvalue_editor_dialog_factory.h>
#include <oac_tree_gui/widgets/custom_tree_view_style.h>
#include <qabstractitemmodel.h>
#include <qabstractitemview.h>
#include <qlist.h>
#include <qmenu.h>
#include <qminmax.h>
#include <qnamespace.h>
#include <qswap.h>
#include <qtreeview.h>
#include <sup/gui/app/app_command_context.h>
#include <sup/gui/app/i_app_command_service.h>
#include <sup/gui/components/tree_helper.h>
#include <sup/gui/mainwindow/clipboard_helper.h>
#include <sup/gui/widgets/custom_header_view.h>
#include <sup/gui/widgets/custom_splitter.h>
#include <sup/gui/widgets/message_helper.h>
#include <sup/gui/widgets/visibility_agent_base.h>
#include <QVBoxLayout>
#include <string>
#include <utility>
#include "instruction_attribute_editor.h"
#include "instruction_editor_actions.h"
#include "instruction_editor_tree_view.h"
#include "oac_tree_gui/components/anyvalue_dialog_result.h"
#include "oac_tree_gui/composer/instruction_editor_context.h"
class QPoint;
---


/home/pospelov/development/iter/projects/sequencer-gui/src/lib/oac-tree-gui-views/oac_tree_gui/views/composer/procedure_attribute_editor_widget.h should add these lines:
#include <qtmetamacros.h>  // for Q_OBJECT

/home/pospelov/development/iter/projects/sequencer-gui/src/lib/oac-tree-gui-views/oac_tree_gui/views/composer/procedure_attribute_editor_widget.h should remove these lines:

The full include-list for /home/pospelov/development/iter/projects/sequencer-gui/src/lib/oac-tree-gui-views/oac_tree_gui/views/composer/procedure_attribute_editor_widget.h:
#include <qtmetamacros.h>  // for Q_OBJECT
#include <QWidget>         // for QWidget
namespace mvvm { class PropertyTreeView; }  // lines 28-28
namespace oac_tree_gui { class ProcedureItem; }  // lines 34-34
---

(/home/pospelov/development/iter/projects/sequencer-gui/src/lib/oac-tree-gui-views/oac_tree_gui/views/composer/procedure_attribute_editor_widget.cpp has correct #includes/fwd-decls)


/home/pospelov/development/iter/projects/sequencer-gui/src/lib/oac-tree-gui-views/oac_tree_gui/views/composer/procedure_composer_combo_panel.h should add these lines:
#include <qstring.h>                             // for QString
#include <qtmetamacros.h>                        // for Q_OBJECT, signals
#include <cstdint>                               // for uint8_t
#include <memory>                                // for unique_ptr

/home/pospelov/development/iter/projects/sequencer-gui/src/lib/oac-tree-gui-views/oac_tree_gui/views/composer/procedure_composer_combo_panel.h should remove these lines:

The full include-list for /home/pospelov/development/iter/projects/sequencer-gui/src/lib/oac-tree-gui-views/oac_tree_gui/views/composer/procedure_composer_combo_panel.h:
#include <oac_tree_gui/model/component_types.h>  // for ProcedureEditorType
#include <qstring.h>                             // for QString
#include <qtmetamacros.h>                        // for Q_OBJECT, signals
#include <QWidget>                               // for QWidget
#include <cstdint>                               // for uint8_t
#include <memory>                                // for unique_ptr
class QStackedWidget;  // lines 28-28
namespace mvvm { class ModelListener; }  // lines 32-32
namespace oac_tree_gui { class ProcedureComposerComboToolBar; }  // lines 43-43
namespace oac_tree_gui { class ProcedureComposerTabWidget; }  // lines 44-44
namespace oac_tree_gui { class ProcedureEditorPlaceholder; }  // lines 45-45
namespace oac_tree_gui { class ProcedureItem; }  // lines 46-46
namespace oac_tree_gui { class SequencerModel; }  // lines 47-47
namespace sup { namespace gui { class IAppCommandService; } }  // lines 37-37
---

/home/pospelov/development/iter/projects/sequencer-gui/src/lib/oac-tree-gui-views/oac_tree_gui/views/composer/procedure_composer_combo_panel.cpp should add these lines:
#include <QtCore/qobjectdefs.h>                  // for FunctionPointer<>::A...
#include <mvvm/model/session_item.h>             // for SessionItem
#include <mvvm/signals/event_types.h>            // for AboutToRemoveItemEvent
#include <qbytearray.h>                          // for QByteArray
#include <qmetatype.h>                           // for typenameHelper, chec...
#include <qnamespace.h>                          // for MouseButton
#include <functional>                            // for function
#include <utility>                               // for forward
#include <variant>                               // for get
namespace oac_tree_gui { enum class ProcedureEditorType : std::uint8_t; }

/home/pospelov/development/iter/projects/sequencer-gui/src/lib/oac-tree-gui-views/oac_tree_gui/views/composer/procedure_composer_combo_panel.cpp should remove these lines:

The full include-list for /home/pospelov/development/iter/projects/sequencer-gui/src/lib/oac-tree-gui-views/oac_tree_gui/views/composer/procedure_composer_combo_panel.cpp:
#include "procedure_composer_combo_panel.h"
#include <QtCore/qobjectdefs.h>                  // for FunctionPointer<>::A...
#include <mvvm/model/item_utils.h>               // for IsItemAncestor
#include <mvvm/model/session_item.h>             // for SessionItem
#include <mvvm/signals/event_types.h>            // for AboutToRemoveItemEvent
#include <mvvm/signals/model_listener.h>         // for ModelListener
#include <oac_tree_gui/model/procedure_item.h>   // for ProcedureItem
#include <oac_tree_gui/model/sequencer_model.h>  // for SequencerModel
#include <qbytearray.h>                          // for QByteArray
#include <qmetatype.h>                           // for typenameHelper, chec...
#include <qnamespace.h>                          // for MouseButton
#include <QMouseEvent>                           // for QMouseEvent
#include <QStackedWidget>                        // for QStackedWidget
#include <QVBoxLayout>                           // for QVBoxLayout
#include <functional>                            // for function
#include <utility>                               // for forward
#include <variant>                               // for get
#include "procedure_composer_combo_toolbar.h"    // for ProcedureComposerCom...
#include "procedure_composer_tab_widget.h"       // for ProcedureComposerTab...
#include "procedure_editor_placeholder.h"        // for ProcedureEditorPlace...
namespace oac_tree_gui { enum class ProcedureEditorType : std::uint8_t; }
---


/home/pospelov/development/iter/projects/sequencer-gui/src/lib/oac-tree-gui-views/oac_tree_gui/views/composer/procedure_composer_combo_toolbar.h should add these lines:
#include <qstring.h>       // for QString
#include <qtmetamacros.h>  // for Q_OBJECT, signals
#include <memory>          // for unique_ptr
#include <vector>          // for vector
class QWidget;

/home/pospelov/development/iter/projects/sequencer-gui/src/lib/oac-tree-gui-views/oac_tree_gui/views/composer/procedure_composer_combo_toolbar.h should remove these lines:

The full include-list for /home/pospelov/development/iter/projects/sequencer-gui/src/lib/oac-tree-gui-views/oac_tree_gui/views/composer/procedure_composer_combo_toolbar.h:
#include <qstring.h>       // for QString
#include <qtmetamacros.h>  // for Q_OBJECT, signals
#include <QToolBar>        // for QToolBar
#include <functional>      // for function
#include <memory>          // for unique_ptr
#include <vector>          // for vector
class QMenu;  // lines 27-27
class QToolButton;  // lines 28-28
class QWidget;
namespace oac_tree_gui { class ProcedureItem; }  // lines 33-33
---

/home/pospelov/development/iter/projects/sequencer-gui/src/lib/oac-tree-gui-views/oac_tree_gui/views/composer/procedure_composer_combo_toolbar.cpp should add these lines:
#include <QtCore/qobjectdefs.h>                 // for FunctionPointer<>::Ar...
#include <qcolor.h>                             // for QColor
#include <qicon.h>                              // for QIcon
#include <qnamespace.h>                         // for ToolButtonStyle, Focu...
#include <qpen.h>                               // for QPen
#include <qsizepolicy.h>                        // for QSizePolicy
#include <qwidget.h>                            // for QWidget
#include <string>                               // for basic_string
#include <utility>                              // for forward

/home/pospelov/development/iter/projects/sequencer-gui/src/lib/oac-tree-gui-views/oac_tree_gui/views/composer/procedure_composer_combo_toolbar.cpp should remove these lines:
- #include <oac_tree_gui/core/exceptions.h>  // lines 23-23
- #include <QComboBox>  // lines 30-30

The full include-list for /home/pospelov/development/iter/projects/sequencer-gui/src/lib/oac-tree-gui-views/oac_tree_gui/views/composer/procedure_composer_combo_toolbar.cpp:
#include "procedure_composer_combo_toolbar.h"
#include <QtCore/qobjectdefs.h>                 // for FunctionPointer<>::Ar...
#include <mvvm/style/mvvm_style_helper.h>       // for UnitSize
#include <oac_tree_gui/model/procedure_item.h>  // for ProcedureItem
#include <oac_tree_gui/style/style_helper.h>    // for FindIcon, NarrowToolB...
#include <qcolor.h>                             // for QColor
#include <qicon.h>                              // for QIcon
#include <qnamespace.h>                         // for ToolButtonStyle, Focu...
#include <qpen.h>                               // for QPen
#include <qsizepolicy.h>                        // for QSizePolicy
#include <qwidget.h>                            // for QWidget
#include <QAction>                              // for QAction
#include <QMenu>                                // for QMenu
#include <QPainter>                             // for QPainter
#include <QToolButton>                          // for QToolButton
#include <string>                               // for basic_string
#include <utility>                              // for forward
---


/home/pospelov/development/iter/projects/sequencer-gui/src/lib/oac-tree-gui-views/oac_tree_gui/views/composer/procedure_composer_tab_widget.h should add these lines:
#include <qstring.h>                             // for QString
#include <qtmetamacros.h>                        // for Q_OBJECT

/home/pospelov/development/iter/projects/sequencer-gui/src/lib/oac-tree-gui-views/oac_tree_gui/views/composer/procedure_composer_tab_widget.h should remove these lines:

The full include-list for /home/pospelov/development/iter/projects/sequencer-gui/src/lib/oac-tree-gui-views/oac_tree_gui/views/composer/procedure_composer_tab_widget.h:
#include <oac_tree_gui/model/component_types.h>  // for ProcedureEditorType
#include <qstring.h>                             // for QString
#include <qtmetamacros.h>                        // for Q_OBJECT
#include <QWidget>                               // for QWidget
class QTabWidget;  // lines 28-28
class QToolBar;  // lines 29-29
namespace oac_tree_gui { class InstructionEditorWidget; }  // lines 40-40
namespace oac_tree_gui { class NodeEditorWidget; }  // lines 43-43
namespace oac_tree_gui { class ProcedureAttributeEditorWidget; }  // lines 44-44
namespace oac_tree_gui { class ProcedureItem; }  // lines 39-39
namespace oac_tree_gui { class WorkspaceEditorWidget; }  // lines 41-41
namespace oac_tree_gui { class XmlPanel; }  // lines 42-42
namespace sup { namespace gui { class IAppCommandService; } }  // lines 33-33
---

/home/pospelov/development/iter/projects/sequencer-gui/src/lib/oac-tree-gui-views/oac_tree_gui/views/composer/procedure_composer_tab_widget.cpp should add these lines:
#include <QtCore/qobjectdefs.h>                                // for Functi...
#include <qnamespace.h>                                        // for ToolBu...
#include <qsize.h>                                             // for QSize
#include <cstdint>                                             // for int32_t
#include <utility>                                             // for forward
#include "oac_tree_gui/model/component_types.h"                // for Proced...
#include "oac_tree_gui/model/procedure_item.h"                 // for Proced...

/home/pospelov/development/iter/projects/sequencer-gui/src/lib/oac-tree-gui-views/oac_tree_gui/views/composer/procedure_composer_tab_widget.cpp should remove these lines:
- #include <QLabel>  // lines 33-33

The full include-list for /home/pospelov/development/iter/projects/sequencer-gui/src/lib/oac-tree-gui-views/oac_tree_gui/views/composer/procedure_composer_tab_widget.cpp:
#include "procedure_composer_tab_widget.h"
#include <QtCore/qobjectdefs.h>                                // for Functi...
#include <mvvm/style/mvvm_style_helper.h>                      // for UnitSize
#include <oac_tree_gui/style/style_helper.h>                   // for Narrow...
#include <oac_tree_gui/views/nodeeditor/node_editor_widget.h>  // for NodeEd...
#include <qnamespace.h>                                        // for ToolBu...
#include <qsize.h>                                             // for QSize
#include <QTabWidget>                                          // for QTabWi...
#include <QToolBar>                                            // for QToolBar
#include <QVBoxLayout>                                         // for QVBoxL...
#include <cstdint>                                             // for int32_t
#include <utility>                                             // for forward
#include "instruction_editor_widget.h"                         // for Instru...
#include "oac_tree_gui/model/component_types.h"                // for Proced...
#include "oac_tree_gui/model/procedure_item.h"                 // for Proced...
#include "procedure_attribute_editor_widget.h"                 // for Proced...
#include "workspace_editor_widget.h"                           // for Worksp...
#include "xml_panel.h"                                         // for XmlPanel
---


/home/pospelov/development/iter/projects/sequencer-gui/src/lib/oac-tree-gui-views/oac_tree_gui/views/composer/procedure_editor_placeholder.h should add these lines:
#include <qstring.h>       // for QString
#include <qtmetamacros.h>  // for Q_OBJECT, signals

/home/pospelov/development/iter/projects/sequencer-gui/src/lib/oac-tree-gui-views/oac_tree_gui/views/composer/procedure_editor_placeholder.h should remove these lines:

The full include-list for /home/pospelov/development/iter/projects/sequencer-gui/src/lib/oac-tree-gui-views/oac_tree_gui/views/composer/procedure_editor_placeholder.h:
#include <qstring.h>       // for QString
#include <qtmetamacros.h>  // for Q_OBJECT, signals
#include <QWidget>         // for QWidget
class QLabel;  // lines 26-26
---

/home/pospelov/development/iter/projects/sequencer-gui/src/lib/oac-tree-gui-views/oac_tree_gui/views/composer/procedure_editor_placeholder.cpp should add these lines:
#include <QtCore/qobjectdefs.h>         // for FunctionPointer<>::ArgumentCount
#include <qtpreprocessorsupport.h>      // for Q_UNUSED
#include <utility>                      // for forward

/home/pospelov/development/iter/projects/sequencer-gui/src/lib/oac-tree-gui-views/oac_tree_gui/views/composer/procedure_editor_placeholder.cpp should remove these lines:

The full include-list for /home/pospelov/development/iter/projects/sequencer-gui/src/lib/oac-tree-gui-views/oac_tree_gui/views/composer/procedure_editor_placeholder.cpp:
#include "procedure_editor_placeholder.h"
#include <QtCore/qobjectdefs.h>         // for FunctionPointer<>::ArgumentCount
#include <mvvm/widgets/widget_utils.h>  // for ClickableText
#include <qtpreprocessorsupport.h>      // for Q_UNUSED
#include <QGridLayout>                  // for QGridLayout
#include <QLabel>                       // for QLabel
#include <utility>                      // for forward
---


/home/pospelov/development/iter/projects/sequencer-gui/src/lib/oac-tree-gui-views/oac_tree_gui/views/composer/procedure_list_actions.h should add these lines:
#include <qaction.h>                        // for QAction
#include <qlist.h>                          // for QList
#include <qtmetamacros.h>                   // for Q_OBJECT, signals
#include <cstdint>                          // for uint8_t
#include <vector>                           // for vector

/home/pospelov/development/iter/projects/sequencer-gui/src/lib/oac-tree-gui-views/oac_tree_gui/views/composer/procedure_list_actions.h should remove these lines:

The full include-list for /home/pospelov/development/iter/projects/sequencer-gui/src/lib/oac-tree-gui-views/oac_tree_gui/views/composer/procedure_list_actions.h:
#include <qaction.h>                        // for QAction
#include <qlist.h>                          // for QList
#include <qtmetamacros.h>                   // for Q_OBJECT, signals
#include <sup/gui/components/action_map.h>  // for ActionMap
#include <QObject>                          // for QObject
#include <cstdint>                          // for uint8_t
#include <vector>                           // for vector
class QMenu;  // lines 28-28
namespace oac_tree_gui { class ProcedureListActionHandler; }  // lines 39-39
namespace sup { namespace gui { class AppCommandContext; } }  // lines 32-32
namespace sup { namespace gui { class IAppCommandService; } }  // lines 33-33
---

/home/pospelov/development/iter/projects/sequencer-gui/src/lib/oac-tree-gui-views/oac_tree_gui/views/composer/procedure_list_actions.cpp should add these lines:
#include <QtCore/qobjectdefs.h>
#include <qicon.h>
#include <qkeysequence.h>
#include <qminmax.h>
#include <qstring.h>
#include <qswap.h>
#include <qtypeinfo.h>
#include <utility>

/home/pospelov/development/iter/projects/sequencer-gui/src/lib/oac-tree-gui-views/oac_tree_gui/views/composer/procedure_list_actions.cpp should remove these lines:
- #include <sup/gui/app/app_command_context.h>  // lines 26-26
- #include <QAction>  // lines 30-30

The full include-list for /home/pospelov/development/iter/projects/sequencer-gui/src/lib/oac-tree-gui-views/oac_tree_gui/views/composer/procedure_list_actions.cpp:
#include "procedure_list_actions.h"
#include <QtCore/qobjectdefs.h>
#include <oac_tree_gui/composer/objects/procedure_list_action_handler.h>
#include <oac_tree_gui/style/style_helper.h>
#include <qicon.h>
#include <qkeysequence.h>
#include <qminmax.h>
#include <qstring.h>
#include <qswap.h>
#include <qtypeinfo.h>
#include <sup/gui/app/app_constants.h>
#include <sup/gui/app/i_app_command_service.h>
#include <QMenu>
#include <utility>
---

In file included from /home/pospelov/development/iter/projects/sequencer-gui/src/lib/oac-tree-gui-views/oac_tree_gui/views/composer/procedure_list_widget.cpp:23:
In file included from /home/pospelov/development/iter/projects/sequencer-gui/src/lib/oac-tree-gui-components/oac_tree_gui/composer/objects/procedure_list_action_handler.h:24:
/home/pospelov/development/iter/projects/sequencer-gui/src/lib/oac-tree-gui-components/oac_tree_gui/composer/procedure_list_context.h:45:1: warning: 'ProcedureListContext' defined as a struct here but previously declared as a class; this is valid, but may result in linker errors under the Microsoft C++ ABI [-Wmismatched-tags]
   45 | struct ProcedureListContext
      | ^
/home/pospelov/development/iter/projects/sequencer-gui/src/lib/oac-tree-gui-views/oac_tree_gui/views/composer/procedure_list_widget.h:48:1: note: did you mean struct here?
   48 | class ProcedureListContext;
      | ^~~~~
      | struct

/home/pospelov/development/iter/projects/sequencer-gui/src/lib/oac-tree-gui-views/oac_tree_gui/views/composer/procedure_list_widget.h should add these lines:
#include <qaction.h>                                             // for QAction
#include <qlist.h>                                               // for QList
#include <qtmetamacros.h>                                        // for Q_OB...
#include <memory>                                                // for uniq...
#include <vector>                                                // for vector
class QPoint;

/home/pospelov/development/iter/projects/sequencer-gui/src/lib/oac-tree-gui-views/oac_tree_gui/views/composer/procedure_list_widget.h should remove these lines:
- namespace mvvm { class ISessionModel; }  // lines 34-34

The full include-list for /home/pospelov/development/iter/projects/sequencer-gui/src/lib/oac-tree-gui-views/oac_tree_gui/views/composer/procedure_list_widget.h:
#include <oac_tree_gui/views/composer/procedure_list_actions.h>  // for Proc...
#include <qaction.h>                                             // for QAction
#include <qlist.h>                                               // for QList
#include <qtmetamacros.h>                                        // for Q_OB...
#include <QWidget>                                               // for QWidget
#include <memory>                                                // for uniq...
#include <vector>                                                // for vector
class QPoint;
class QTreeView;  // lines 28-28
namespace mvvm { class ItemViewComponentProvider; }  // lines 33-33
namespace mvvm { class ViewModel; }  // lines 32-32
namespace oac_tree_gui { class FlatListView; }  // lines 49-49
namespace oac_tree_gui { class ProcedureItem; }  // lines 46-46
namespace oac_tree_gui { class ProcedureListActionHandler; }  // lines 47-47
namespace oac_tree_gui { class ProcedureListContext; }  // lines 48-48
namespace oac_tree_gui { class SequencerModel; }  // lines 45-45
namespace sup { namespace gui { class IAppCommandService; } }  // lines 39-39
---

/home/pospelov/development/iter/projects/sequencer-gui/src/lib/oac-tree-gui-views/oac_tree_gui/views/composer/procedure_list_widget.cpp should add these lines:
#include <QtCore/qobjectdefs.h>
#include <mvvm/views/item_view_component_provider.h>
#include <qnamespace.h>
#include <functional>
#include <utility>
#include "oac_tree_gui/composer/procedure_list_context.h"
#include "oac_tree_gui/views/composer/procedure_list_actions.h"
class QModelIndex;
class QPoint;

/home/pospelov/development/iter/projects/sequencer-gui/src/lib/oac-tree-gui-views/oac_tree_gui/views/composer/procedure_list_widget.cpp should remove these lines:
- #include <mvvm/views/component_provider_helper.h>  // lines 38-38
- #include <oac_tree_gui/model/instruction_container_item.h>  // lines 24-24

The full include-list for /home/pospelov/development/iter/projects/sequencer-gui/src/lib/oac-tree-gui-views/oac_tree_gui/views/composer/procedure_list_widget.cpp:
#include "procedure_list_widget.h"
#include <QtCore/qobjectdefs.h>
#include <mvvm/model/item_selection.h>
#include <mvvm/model/item_utils.h>
#include <mvvm/standarditems/container_item.h>
#include <mvvm/views/item_view_component_provider.h>
#include <oac_tree_gui/composer/objects/procedure_list_action_handler.h>
#include <oac_tree_gui/model/procedure_item.h>
#include <oac_tree_gui/model/sequencer_model.h>
#include <oac_tree_gui/viewmodel/procedure_list_viewmodel.h>
#include <oac_tree_gui/widgets/flatlist_delegate.h>
#include <oac_tree_gui/widgets/flatlist_view.h>
#include <qnamespace.h>
#include <sup/gui/app/app_command_context.h>
#include <sup/gui/app/i_app_command_service.h>
#include <sup/gui/mainwindow/clipboard_helper.h>
#include <QMenu>
#include <QTreeView>
#include <QVBoxLayout>
#include <functional>
#include <utility>
#include "oac_tree_gui/composer/procedure_list_context.h"
#include "oac_tree_gui/views/composer/procedure_list_actions.h"
class QModelIndex;
class QPoint;
---


/home/pospelov/development/iter/projects/sequencer-gui/src/lib/oac-tree-gui-views/oac_tree_gui/views/composer/procedure_splittable_editor_widget.h should add these lines:
#include <qstring.h>                             // for QString
#include <qtmetamacros.h>                        // for Q_OBJECT, signals
#include <cstddef>                               // for size_t

/home/pospelov/development/iter/projects/sequencer-gui/src/lib/oac-tree-gui-views/oac_tree_gui/views/composer/procedure_splittable_editor_widget.h should remove these lines:

The full include-list for /home/pospelov/development/iter/projects/sequencer-gui/src/lib/oac-tree-gui-views/oac_tree_gui/views/composer/procedure_splittable_editor_widget.h:
#include <oac_tree_gui/model/component_types.h>  // for ComposerViewInfo
#include <qstring.h>                             // for QString
#include <qtmetamacros.h>                        // for Q_OBJECT, signals
#include <sup/gui/widgets/settings_callbacks.h>  // for read_variant_func_t
#include <QWidget>                               // for QWidget
#include <cstddef>                               // for size_t
#include <memory>                                // for unique_ptr
class QSplitter;  // lines 31-31
namespace oac_tree_gui { class ProcedureComposerComboPanel; }  // lines 42-42
namespace oac_tree_gui { class ProcedureItem; }  // lines 43-43
namespace oac_tree_gui { class SequencerModel; }  // lines 41-41
namespace oac_tree_gui { template <typename WidgetT> class WidgetFocusHandler; }  // lines 45-46
namespace sup { namespace gui { class IAppCommandService; } }  // lines 35-35
---

/home/pospelov/development/iter/projects/sequencer-gui/src/lib/oac-tree-gui-views/oac_tree_gui/views/composer/procedure_splittable_editor_widget.cpp should add these lines:
#include <QtCore/qobjectdefs.h>                          // for FunctionPoin...
#include <mvvm/model/session_item.h>                     // for SessionItem
#include <qbytearray.h>                                  // for QByteArray
#include <qlist.h>                                       // for QList
#include <qmetatype.h>                                   // for typenameHelper
#include <qminmax.h>                                     // for qMax
#include <qobject.h>                                     // for qobject_cast
#include <qswap.h>                                       // for qt_ptr_swap
#include <qtypeinfo.h>                                   // for QTypeInfo<>:...
#include <qvariant.h>                                    // for QVariant
#include <cstdint>                                       // for int32_t
#include <string>                                        // for basic_string
#include <utility>                                       // for exchange
#include <vector>                                        // for vector
#include "oac_tree_gui/model/component_types.h"          // for ProcedureEdi...

/home/pospelov/development/iter/projects/sequencer-gui/src/lib/oac-tree-gui-views/oac_tree_gui/views/composer/procedure_splittable_editor_widget.cpp should remove these lines:
- #include <oac_tree_gui/core/exceptions.h>  // lines 26-26

The full include-list for /home/pospelov/development/iter/projects/sequencer-gui/src/lib/oac-tree-gui-views/oac_tree_gui/views/composer/procedure_splittable_editor_widget.cpp:
#include "procedure_splittable_editor_widget.h"
#include <QtCore/qobjectdefs.h>                          // for FunctionPoin...
#include <mvvm/model/session_item.h>                     // for SessionItem
#include <oac_tree_gui/composer/widget_focus_handler.h>  // for WidgetFocusH...
#include <oac_tree_gui/model/procedure_item.h>           // for ProcedureItem
#include <oac_tree_gui/model/sequencer_model.h>          // for SequencerModel
#include <qbytearray.h>                                  // for QByteArray
#include <qlist.h>                                       // for QList
#include <qmetatype.h>                                   // for typenameHelper
#include <qminmax.h>                                     // for qMax
#include <qobject.h>                                     // for qobject_cast
#include <qswap.h>                                       // for qt_ptr_swap
#include <qtypeinfo.h>                                   // for QTypeInfo<>:...
#include <qvariant.h>                                    // for QVariant
#include <QSplitter>                                     // for QSplitter
#include <QVBoxLayout>                                   // for QVBoxLayout
#include <cstdint>                                       // for int32_t
#include <string>                                        // for basic_string
#include <utility>                                       // for exchange
#include <vector>                                        // for vector
#include "oac_tree_gui/model/component_types.h"          // for ProcedureEdi...
#include "procedure_composer_combo_panel.h"              // for ProcedureCom...
---


/home/pospelov/development/iter/projects/sequencer-gui/src/lib/oac-tree-gui-views/oac_tree_gui/views/composer/sequencer_composer_actions.h should add these lines:
#include <qtmetamacros.h>  // for Q_OBJECT

/home/pospelov/development/iter/projects/sequencer-gui/src/lib/oac-tree-gui-views/oac_tree_gui/views/composer/sequencer_composer_actions.h should remove these lines:

The full include-list for /home/pospelov/development/iter/projects/sequencer-gui/src/lib/oac-tree-gui-views/oac_tree_gui/views/composer/sequencer_composer_actions.h:
#include <qtmetamacros.h>  // for Q_OBJECT
#include <QObject>         // for QObject
class QAction;  // lines 26-26
class QWidget;  // lines 27-27
namespace oac_tree_gui { class ProcedureItem; }  // lines 38-38
namespace oac_tree_gui { class SequencerModel; }  // lines 39-39
namespace sup { namespace gui { class AppCommandContext; } }  // lines 31-31
namespace sup { namespace gui { class IAppCommandService; } }  // lines 32-32
---

/home/pospelov/development/iter/projects/sequencer-gui/src/lib/oac-tree-gui-views/oac_tree_gui/views/composer/sequencer_composer_actions.cpp should add these lines:
#include <QtCore/qobjectdefs.h>
#include <mvvm/model/i_session_model.h>
#include <qstring.h>
#include <utility>

/home/pospelov/development/iter/projects/sequencer-gui/src/lib/oac-tree-gui-views/oac_tree_gui/views/composer/sequencer_composer_actions.cpp should remove these lines:
- #include <oac_tree_gui/model/procedure_item.h>  // lines 24-24

The full include-list for /home/pospelov/development/iter/projects/sequencer-gui/src/lib/oac-tree-gui-views/oac_tree_gui/views/composer/sequencer_composer_actions.cpp:
#include "sequencer_composer_actions.h"
#include <QtCore/qobjectdefs.h>
#include <mvvm/commands/i_command_stack.h>
#include <mvvm/model/i_session_model.h>
#include <oac_tree_gui/components/component_helper.h>
#include <oac_tree_gui/model/sequencer_model.h>
#include <oac_tree_gui/views/operation/procedure_action_handler.h>
#include <qstring.h>
#include <sup/gui/app/app_constants.h>
#include <sup/gui/app/i_app_command_service.h>
#include <QAction>
#include <QWidget>
#include <utility>
---


/home/pospelov/development/iter/projects/sequencer-gui/src/lib/oac-tree-gui-views/oac_tree_gui/views/composer/sequencer_composer_view.h should add these lines:
#include <qtmetamacros.h>  // for Q_OBJECT

/home/pospelov/development/iter/projects/sequencer-gui/src/lib/oac-tree-gui-views/oac_tree_gui/views/composer/sequencer_composer_view.h should remove these lines:
- class QSplitter;  // lines 26-26
- namespace oac_tree_gui { class SequencerModel; }  // lines 40-40

The full include-list for /home/pospelov/development/iter/projects/sequencer-gui/src/lib/oac-tree-gui-views/oac_tree_gui/views/composer/sequencer_composer_view.h:
#include <qtmetamacros.h>  // for Q_OBJECT
#include <QWidget>         // for QWidget
class QAction;  // lines 27-27
namespace oac_tree_gui { class ApplicationModels; }  // lines 38-38
namespace oac_tree_gui { class ComposerToolsPanel; }  // lines 39-39
namespace oac_tree_gui { class ProcedureSplittableEditorWidget; }  // lines 41-41
namespace oac_tree_gui { class ProjectModel; }  // lines 43-43
namespace oac_tree_gui { class SequencerComposerActions; }  // lines 42-42
namespace sup { namespace gui { class CustomSplitter; } }  // lines 32-32
namespace sup { namespace gui { class IAppCommandService; } }  // lines 31-31
---

/home/pospelov/development/iter/projects/sequencer-gui/src/lib/oac-tree-gui-views/oac_tree_gui/views/composer/sequencer_composer_view.cpp should add these lines:
#include <QtCore/qobjectdefs.h>                         // for FunctionPoint...
#include <mvvm/utils/container_utils.h>                 // for CastItems
#include <qbytearray.h>                                 // for QByteArray
#include <qicon.h>                                      // for QIcon
#include <qlist.h>                                      // for QList
#include <qmetatype.h>                                  // for typenameHelper
#include <qstring.h>                                    // for QString, oper...
#include <sup/gui/widgets/settings_callbacks.h>         // for GetSettingsRe...
#include <utility>                                      // for forward

/home/pospelov/development/iter/projects/sequencer-gui/src/lib/oac-tree-gui-views/oac_tree_gui/views/composer/sequencer_composer_view.cpp should remove these lines:
- #include <oac_tree_gui/core/exceptions.h>  // lines 27-27
- #include <oac_tree_gui/model/sequencer_model.h>  // lines 32-32
- #include <QSplitter>  // lines 41-41

The full include-list for /home/pospelov/development/iter/projects/sequencer-gui/src/lib/oac-tree-gui-views/oac_tree_gui/views/composer/sequencer_composer_view.cpp:
#include "sequencer_composer_view.h"
#include <QtCore/qobjectdefs.h>                         // for FunctionPoint...
#include <mvvm/utils/container_utils.h>                 // for CastItems
#include <oac_tree_gui/model/application_models.h>      // for ApplicationMo...
#include <oac_tree_gui/model/composer_settings_item.h>  // for ComposerSetti...
#include <oac_tree_gui/model/procedure_item.h>          // for ProcedureItem
#include <oac_tree_gui/model/project_model.h>           // for ProjectModel
#include <oac_tree_gui/style/style_helper.h>            // for FindIcon
#include <qbytearray.h>                                 // for QByteArray
#include <qicon.h>                                      // for QIcon
#include <qlist.h>                                      // for QList
#include <qmetatype.h>                                  // for typenameHelper
#include <qstring.h>                                    // for QString, oper...
#include <sup/gui/app/app_command_context.h>            // for AppCommandCon...
#include <sup/gui/app/app_constants.h>                  // for kToggleLeftPa...
#include <sup/gui/app/i_app_command_service.h>          // for IAppCommandSe...
#include <sup/gui/widgets/custom_splitter.h>            // for CustomSplitter
#include <sup/gui/widgets/settings_callbacks.h>         // for GetSettingsRe...
#include <QAction>                                      // for QAction
#include <QVBoxLayout>                                  // for QVBoxLayout
#include <utility>                                      // for forward
#include "composer_tools_panel.h"                       // for ComposerTools...
#include "procedure_splittable_editor_widget.h"         // for ProcedureSpli...
#include "sequencer_composer_actions.h"                 // for SequencerComp...
---

In file included from /home/pospelov/development/iter/projects/sequencer-gui/src/lib/oac-tree-gui-views/oac_tree_gui/views/composer/workspace_editor.cpp:25:
In file included from /home/pospelov/development/iter/projects/sequencer-gui/src/lib/oac-tree-gui-components/oac_tree_gui/composer/attribute_editor_action_handler.h:24:
/home/pospelov/development/iter/projects/sequencer-gui/src/lib/oac-tree-gui-components/oac_tree_gui/composer/attribute_editor_context.h:41:1: warning: 'AttributeEditorContext' defined as a struct here but previously declared as a class; this is valid, but may result in linker errors under the Microsoft C++ ABI [-Wmismatched-tags]
   41 | struct AttributeEditorContext
      | ^
/home/pospelov/development/iter/projects/sequencer-gui/src/lib/oac-tree-gui-views/oac_tree_gui/views/composer/workspace_editor.h:47:1: note: did you mean struct here?
   47 | class AttributeEditorContext;
      | ^~~~~
      | struct
In file included from /home/pospelov/development/iter/projects/sequencer-gui/src/lib/oac-tree-gui-views/oac_tree_gui/views/composer/workspace_editor.cpp:26:
In file included from /home/pospelov/development/iter/projects/sequencer-gui/src/lib/oac-tree-gui-components/oac_tree_gui/composer/workspace_editor_action_handler.h:25:
/home/pospelov/development/iter/projects/sequencer-gui/src/lib/oac-tree-gui-components/oac_tree_gui/composer/workspace_editor_context.h:50:1: warning: 'WorkspaceEditorContext' defined as a struct here but previously declared as a class; this is valid, but may result in linker errors under the Microsoft C++ ABI [-Wmismatched-tags]
   50 | struct WorkspaceEditorContext
      | ^
/home/pospelov/development/iter/projects/sequencer-gui/src/lib/oac-tree-gui-views/oac_tree_gui/views/composer/workspace_editor.h:44:1: note: did you mean struct here?
   44 | class WorkspaceEditorContext;
      | ^~~~~
      | struct

/home/pospelov/development/iter/projects/sequencer-gui/src/lib/oac-tree-gui-views/oac_tree_gui/views/composer/workspace_editor.h should add these lines:
#include <qlist.h>         // for QList
#include <qtmetamacros.h>  // for Q_OBJECT, signals
#include <functional>      // for function
#include <vector>          // for vector
class QWidget;

/home/pospelov/development/iter/projects/sequencer-gui/src/lib/oac-tree-gui-views/oac_tree_gui/views/composer/workspace_editor.h should remove these lines:

The full include-list for /home/pospelov/development/iter/projects/sequencer-gui/src/lib/oac-tree-gui-views/oac_tree_gui/views/composer/workspace_editor.h:
#include <qlist.h>         // for QList
#include <qtmetamacros.h>  // for Q_OBJECT, signals
#include <QObject>         // for QObject
#include <functional>      // for function
#include <memory>          // for unique_ptr
#include <vector>          // for vector
class QAction;  // lines 27-27
class QMenu;  // lines 28-28
class QWidget;
namespace mvvm { class SessionItem; }  // lines 32-32
namespace oac_tree_gui { class AttributeEditorActionHandler; }  // lines 49-49
namespace oac_tree_gui { class AttributeEditorActions; }  // lines 48-48
namespace oac_tree_gui { class AttributeEditorContext; }  // lines 47-47
namespace oac_tree_gui { class WorkspaceEditorActionHandler; }  // lines 45-45
namespace oac_tree_gui { class WorkspaceEditorActions; }  // lines 46-46
namespace oac_tree_gui { class WorkspaceEditorContext; }  // lines 44-44
namespace oac_tree_gui { class WorkspaceItem; }  // lines 43-43
namespace sup { namespace gui { class IAppCommandService; } }  // lines 37-37
---

/home/pospelov/development/iter/projects/sequencer-gui/src/lib/oac-tree-gui-views/oac_tree_gui/views/composer/workspace_editor.cpp should add these lines:
#include <QtCore/qobjectdefs.h>
#include <qminmax.h>
#include <qswap.h>
#include <qtypeinfo.h>
#include <qwidget.h>
#include <utility>
#include "oac_tree_gui/components/anyvalue_dialog_result.h"
#include "oac_tree_gui/composer/attribute_editor_context.h"

/home/pospelov/development/iter/projects/sequencer-gui/src/lib/oac-tree-gui-views/oac_tree_gui/views/composer/workspace_editor.cpp should remove these lines:
- #include <oac_tree_gui/domain/domain_object_group_helper.h>  // lines 28-28
- #include <oac_tree_gui/model/workspace_item.h>  // lines 29-29

The full include-list for /home/pospelov/development/iter/projects/sequencer-gui/src/lib/oac-tree-gui-views/oac_tree_gui/views/composer/workspace_editor.cpp:
#include "workspace_editor.h"
#include <QtCore/qobjectdefs.h>
#include <oac_tree_gui/composer/attribute_editor_action_handler.h>
#include <oac_tree_gui/composer/workspace_editor_action_handler.h>
#include <oac_tree_gui/composer/workspace_editor_context.h>
#include <oac_tree_gui/views/composer/workspace_editor_actions.h>
#include <oac_tree_gui/views/editors/anyvalue_editor_dialog_factory.h>
#include <qminmax.h>
#include <qswap.h>
#include <qtypeinfo.h>
#include <qwidget.h>
#include <sup/gui/app/app_command_context.h>
#include <sup/gui/app/i_app_command_service.h>
#include <sup/gui/mainwindow/clipboard_helper.h>
#include <sup/gui/widgets/message_helper.h>
#include <QMenu>
#include <utility>
#include "attribute_editor_actions.h"
#include "oac_tree_gui/components/anyvalue_dialog_result.h"
#include "oac_tree_gui/composer/attribute_editor_context.h"
---


/home/pospelov/development/iter/projects/sequencer-gui/src/lib/oac-tree-gui-views/oac_tree_gui/views/composer/workspace_editor_actions.h should add these lines:
#include <qaction.h>                        // for QAction
#include <qlist.h>                          // for QList
#include <qtmetamacros.h>                   // for Q_OBJECT
#include <cstdint>                          // for uint8_t
#include <vector>                           // for vector

/home/pospelov/development/iter/projects/sequencer-gui/src/lib/oac-tree-gui-views/oac_tree_gui/views/composer/workspace_editor_actions.h should remove these lines:

The full include-list for /home/pospelov/development/iter/projects/sequencer-gui/src/lib/oac-tree-gui-views/oac_tree_gui/views/composer/workspace_editor_actions.h:
#include <qaction.h>                        // for QAction
#include <qlist.h>                          // for QList
#include <qtmetamacros.h>                   // for Q_OBJECT
#include <sup/gui/components/action_map.h>  // for ActionMap
#include <QObject>                          // for QObject
#include <cstdint>                          // for uint8_t
#include <memory>                           // for unique_ptr
#include <vector>                           // for vector
class QMenu;  // lines 29-29
namespace oac_tree_gui { class IWorkspaceEditorActionHandler; }  // lines 42-42
namespace sup { namespace gui { class ActionMenu; } }  // lines 33-33
namespace sup { namespace gui { class AppCommandContext; } }  // lines 35-35
namespace sup { namespace gui { class IAppCommandService; } }  // lines 36-36
namespace sup { namespace gui { class ProxyAction; } }  // lines 34-34
---

/home/pospelov/development/iter/projects/sequencer-gui/src/lib/oac-tree-gui-views/oac_tree_gui/views/composer/workspace_editor_actions.cpp should add these lines:
#include <QtCore/qobjectdefs.h>
#include <qicon.h>
#include <qkeysequence.h>
#include <qminmax.h>
#include <qnamespace.h>
#include <qstring.h>
#include <qswap.h>
#include <qtypeinfo.h>
#include <string>
#include <utility>

/home/pospelov/development/iter/projects/sequencer-gui/src/lib/oac-tree-gui-views/oac_tree_gui/views/composer/workspace_editor_actions.cpp should remove these lines:
- #include <mvvm/widgets/widget_utils.h>  // lines 33-33
- #include <sup/gui/app/app_command_context.h>  // lines 27-27
- #include <QToolButton>  // lines 36-36

The full include-list for /home/pospelov/development/iter/projects/sequencer-gui/src/lib/oac-tree-gui-views/oac_tree_gui/views/composer/workspace_editor_actions.cpp:
#include "workspace_editor_actions.h"
#include <QtCore/qobjectdefs.h>
#include <oac_tree_gui/composer/i_workspace_editor_action_handler.h>
#include <oac_tree_gui/domain/domain_helper.h>
#include <oac_tree_gui/style/style_helper.h>
#include <qicon.h>
#include <qkeysequence.h>
#include <qminmax.h>
#include <qnamespace.h>
#include <qstring.h>
#include <qswap.h>
#include <qtypeinfo.h>
#include <sup/gui/app/app_constants.h>
#include <sup/gui/app/i_app_command_service.h>
#include <sup/gui/component_objects/proxy_action.h>
#include <sup/gui/widgets/action_menu.h>
#include <QMenu>
#include <string>
#include <utility>
---


/home/pospelov/development/iter/projects/sequencer-gui/src/lib/oac-tree-gui-views/oac_tree_gui/views/composer/workspace_editor_widget.h should add these lines:
#include <qtmetamacros.h>  // for Q_OBJECT
#include <memory>          // for unique_ptr
class QPoint;
namespace oac_tree_gui { enum class WorkspaceEditType : std::uint8_t; }
namespace oac_tree_gui { enum class WorkspacePresentationType : std::uint8_t; }

/home/pospelov/development/iter/projects/sequencer-gui/src/lib/oac-tree-gui-views/oac_tree_gui/views/composer/workspace_editor_widget.h should remove these lines:
- #include "oac_tree_gui/model/component_types.h"  // lines 24-24
- #include "oac_tree_gui/model/procedure_item.h"  // lines 25-25
- namespace mvvm { class SessionItem; }  // lines 34-34

The full include-list for /home/pospelov/development/iter/projects/sequencer-gui/src/lib/oac-tree-gui-views/oac_tree_gui/views/composer/workspace_editor_widget.h:
#include <qtmetamacros.h>  // for Q_OBJECT
#include <QWidget>         // for QWidget
#include <memory>          // for unique_ptr
class QLineEdit;  // lines 30-30
class QPoint;
class QTreeView;  // lines 29-29
namespace oac_tree_gui { class WorkspaceEditor; }  // lines 48-48
namespace oac_tree_gui { class WorkspaceItem; }  // lines 47-47
namespace oac_tree_gui { class WorkspaceViewComponentProvider; }  // lines 49-49
namespace oac_tree_gui { enum class WorkspaceEditType : std::uint8_t; }
namespace oac_tree_gui { enum class WorkspacePresentationType : std::uint8_t; }
namespace sup { namespace gui { class CustomHeaderView; } }  // lines 39-39
namespace sup { namespace gui { class IAppCommandService; } }  // lines 41-41
namespace sup { namespace gui { class VisibilityAgentBase; } }  // lines 40-40
---

/home/pospelov/development/iter/projects/sequencer-gui/src/lib/oac-tree-gui-views/oac_tree_gui/views/composer/workspace_editor_widget.cpp should add these lines:
#include <QtCore/qobjectdefs.h>
#include <qabstractitemmodel.h>
#include <qabstractitemview.h>
#include <qaction.h>
#include <qflags.h>
#include <qlist.h>
#include <qminmax.h>
#include <qnamespace.h>
#include <qstring.h>
#include <qswap.h>
#include <cstdint>
#include <functional>
#include <string>
#include <utility>
#include <vector>
#include "oac_tree_gui/model/component_types.h"
class QPoint;

/home/pospelov/development/iter/projects/sequencer-gui/src/lib/oac-tree-gui-views/oac_tree_gui/views/composer/workspace_editor_widget.cpp should remove these lines:
- #include <mvvm/utils/container_utils.h>  // lines 36-36
- #include <mvvm/viewmodel/all_items_viewmodel.h>  // lines 37-37
- #include <QSettings>  // lines 41-41

The full include-list for /home/pospelov/development/iter/projects/sequencer-gui/src/lib/oac-tree-gui-views/oac_tree_gui/views/composer/workspace_editor_widget.cpp:
#include "workspace_editor_widget.h"
#include <QtCore/qobjectdefs.h>
#include <mvvm/model/item_selection.h>
#include <oac_tree_gui/core/exceptions.h>
#include <oac_tree_gui/model/workspace_item.h>
#include <oac_tree_gui/operation/objects/workspace_view_component_provider.h>
#include <oac_tree_gui/viewmodel/workspace_editor_viewmodel.h>
#include <oac_tree_gui/viewmodel/workspace_operation_viewmodel.h>
#include <qabstractitemmodel.h>
#include <qabstractitemview.h>
#include <qaction.h>
#include <qflags.h>
#include <qlist.h>
#include <qminmax.h>
#include <qnamespace.h>
#include <qstring.h>
#include <qswap.h>
#include <sup/gui/components/tree_helper.h>
#include <sup/gui/widgets/custom_header_view.h>
#include <sup/gui/widgets/visibility_agent_base.h>
#include <QLineEdit>
#include <QMenu>
#include <QTreeView>
#include <QVBoxLayout>
#include <cstdint>
#include <functional>
#include <string>
#include <utility>
#include <vector>
#include "oac_tree_gui/model/component_types.h"
#include "workspace_editor.h"
class QPoint;
---


/home/pospelov/development/iter/projects/sequencer-gui/src/lib/oac-tree-gui-views/oac_tree_gui/views/composer/xml_panel.h should add these lines:
#include <qtmetamacros.h>  // for Q_OBJECT
#include <memory>          // for unique_ptr

/home/pospelov/development/iter/projects/sequencer-gui/src/lib/oac-tree-gui-views/oac_tree_gui/views/composer/xml_panel.h should remove these lines:
- #include <mvvm/signals/event_types.h>  // lines 24-24

The full include-list for /home/pospelov/development/iter/projects/sequencer-gui/src/lib/oac-tree-gui-views/oac_tree_gui/views/composer/xml_panel.h:
#include <qtmetamacros.h>  // for Q_OBJECT
#include <QWidget>         // for QWidget
#include <memory>          // for unique_ptr
class QAction;  // lines 28-28
namespace oac_tree_gui { class ProcedureItem; }  // lines 40-40
namespace oac_tree_gui { class XmlPanelController; }  // lines 41-41
namespace sup { namespace gui { class CodeView; } }  // lines 32-32
namespace sup { namespace gui { class IMessageHandler; } }  // lines 34-34
namespace sup { namespace gui { class VisibilityAgentBase; } }  // lines 33-33
---

/home/pospelov/development/iter/projects/sequencer-gui/src/lib/oac-tree-gui-views/oac_tree_gui/views/composer/xml_panel.cpp should add these lines:
#include <QtCore/qobjectdefs.h>
#include <qicon.h>
#include <qstring.h>
#include <sup/gui/core/i_message_handler.h>
#include <utility>

/home/pospelov/development/iter/projects/sequencer-gui/src/lib/oac-tree-gui-views/oac_tree_gui/views/composer/xml_panel.cpp should remove these lines:
- #include <mvvm/model/session_item.h>  // lines 33-33
- #include <oac_tree_gui/model/item_constants.h>  // lines 24-24
- #include <oac_tree_gui/model/xml_utils.h>  // lines 25-25

The full include-list for /home/pospelov/development/iter/projects/sequencer-gui/src/lib/oac-tree-gui-views/oac_tree_gui/views/composer/xml_panel.cpp:
#include "xml_panel.h"
#include <QtCore/qobjectdefs.h>
#include <oac_tree_gui/components/xml_panel_controller.h>
#include <oac_tree_gui/style/style_helper.h>
#include <oac_tree_gui/views/operation/procedure_action_handler.h>
#include <qicon.h>
#include <qstring.h>
#include <sup/gui/core/i_message_handler.h>
#include <sup/gui/views/codeeditor/code_view.h>
#include <sup/gui/widgets/message_handler_factory.h>
#include <sup/gui/widgets/visibility_agent_base.h>
#include <QAction>
#include <QVBoxLayout>
#include <utility>
---


/home/pospelov/development/iter/projects/sequencer-gui/src/lib/oac-tree-gui-views/oac_tree_gui/views/pvmonitor/monitor_main_window_actions.h should add these lines:
#include <qobject.h>       // for QObject
#include <qtmetamacros.h>  // for Q_OBJECT
#include <memory>          // for unique_ptr
namespace mvvm { class IProject; }

/home/pospelov/development/iter/projects/sequencer-gui/src/lib/oac-tree-gui-views/oac_tree_gui/views/pvmonitor/monitor_main_window_actions.h should remove these lines:
- #include <mvvm/project/i_project.h>  // lines 24-24
- #include <QWidget>  // lines 26-26
- namespace mvvm { class ISessionModel; }  // lines 35-35

The full include-list for /home/pospelov/development/iter/projects/sequencer-gui/src/lib/oac-tree-gui-views/oac_tree_gui/views/pvmonitor/monitor_main_window_actions.h:
#include <qobject.h>       // for QObject
#include <qtmetamacros.h>  // for Q_OBJECT
#include <memory>          // for unique_ptr
class QAction;  // lines 29-29
class QMainWindow;  // lines 28-28
class QMenu;  // lines 31-31
class QMenuBar;  // lines 30-30
namespace mvvm { class IProject; }
namespace mvvm { class ProjectHandler; }  // lines 36-36
---

/home/pospelov/development/iter/projects/sequencer-gui/src/lib/oac-tree-gui-views/oac_tree_gui/views/pvmonitor/monitor_main_window_actions.cpp should add these lines:
#include <QtCore/qobjectdefs.h>                  // for FunctionPointer<>::A...
#include <qkeysequence.h>                        // for QKeySequence
#include <qstring.h>                             // for QString
#include <utility>                               // for forward
namespace mvvm { class IProject; }

/home/pospelov/development/iter/projects/sequencer-gui/src/lib/oac-tree-gui-views/oac_tree_gui/views/pvmonitor/monitor_main_window_actions.cpp should remove these lines:
- #include <mvvm/widgets/widget_utils.h>  // lines 29-29
- #include <oac_tree_gui/model/sequencer_model.h>  // lines 23-23

The full include-list for /home/pospelov/development/iter/projects/sequencer-gui/src/lib/oac-tree-gui-views/oac_tree_gui/views/pvmonitor/monitor_main_window_actions.cpp:
#include "monitor_main_window_actions.h"
#include <QtCore/qobjectdefs.h>                  // for FunctionPointer<>::A...
#include <mvvm/project/project_handler.h>        // for ProjectHandler
#include <mvvm/project/project_handler_utils.h>  // for AddNewProjectAction
#include <qkeysequence.h>                        // for QKeySequence
#include <qstring.h>                             // for QString
#include <sup/gui/app/app_constants.h>           // for kFileMenu
#include <QAction>                               // for QAction
#include <QMainWindow>                           // for QMainWindow
#include <QMenu>                                 // for QMenu
#include <QMenuBar>                              // for QMenuBar
#include <utility>                               // for forward
namespace mvvm { class IProject; }
---


/home/pospelov/development/iter/projects/sequencer-gui/src/lib/oac-tree-gui-views/oac_tree_gui/views/pvmonitor/monitor_widget_actions.h should add these lines:
#include <qaction.h>                        // for QAction
#include <qlist.h>                          // for QList
#include <qtmetamacros.h>                   // for Q_OBJECT, signals
#include <cstdint>                          // for uint8_t
#include <vector>                           // for vector

/home/pospelov/development/iter/projects/sequencer-gui/src/lib/oac-tree-gui-views/oac_tree_gui/views/pvmonitor/monitor_widget_actions.h should remove these lines:
- namespace oac_tree_gui { class WorkspaceItem; }  // lines 30-30

The full include-list for /home/pospelov/development/iter/projects/sequencer-gui/src/lib/oac-tree-gui-views/oac_tree_gui/views/pvmonitor/monitor_widget_actions.h:
#include <qaction.h>                        // for QAction
#include <qlist.h>                          // for QList
#include <qtmetamacros.h>                   // for Q_OBJECT, signals
#include <sup/gui/components/action_map.h>  // for ActionMap
#include <QObject>                          // for QObject
#include <cstdint>                          // for uint8_t
#include <vector>                           // for vector
---

/home/pospelov/development/iter/projects/sequencer-gui/src/lib/oac-tree-gui-views/oac_tree_gui/views/pvmonitor/monitor_widget_actions.cpp should add these lines:
#include <QtCore/qobjectdefs.h>               // for FunctionPointer<>::Argu...
#include <qicon.h>                            // for QIcon
#include <qminmax.h>                          // for qMax
#include <qswap.h>                            // for qt_ptr_swap
#include <qtypeinfo.h>                        // for QTypeInfo<>::isRelocatable
#include <utility>                            // for forward

/home/pospelov/development/iter/projects/sequencer-gui/src/lib/oac-tree-gui-views/oac_tree_gui/views/pvmonitor/monitor_widget_actions.cpp should remove these lines:
- #include <QAction>  // lines 25-25

The full include-list for /home/pospelov/development/iter/projects/sequencer-gui/src/lib/oac-tree-gui-views/oac_tree_gui/views/pvmonitor/monitor_widget_actions.cpp:
#include "monitor_widget_actions.h"
#include <QtCore/qobjectdefs.h>               // for FunctionPointer<>::Argu...
#include <oac_tree_gui/style/style_helper.h>  // for FindIcon
#include <qicon.h>                            // for QIcon
#include <qminmax.h>                          // for qMax
#include <qswap.h>                            // for qt_ptr_swap
#include <qtypeinfo.h>                        // for QTypeInfo<>::isRelocatable
#include <utility>                            // for forward
---


/home/pospelov/development/iter/projects/sequencer-gui/src/lib/oac-tree-gui-views/oac_tree_gui/views/pvmonitor/monitor_widget.h should add these lines:
#include <qaction.h>                                  // for QAction
#include <qlist.h>                                    // for QList
#include <qtmetamacros.h>                             // for Q_OBJECT

/home/pospelov/development/iter/projects/sequencer-gui/src/lib/oac-tree-gui-views/oac_tree_gui/views/pvmonitor/monitor_widget.h should remove these lines:

The full include-list for /home/pospelov/development/iter/projects/sequencer-gui/src/lib/oac-tree-gui-views/oac_tree_gui/views/pvmonitor/monitor_widget.h:
#include <oac_tree_gui/domain/sequencer_types_fwd.h>  // for workspace_t
#include <qaction.h>                                  // for QAction
#include <qlist.h>                                    // for QList
#include <qtmetamacros.h>                             // for Q_OBJECT
#include <QWidget>                                    // for QWidget
#include <memory>                                     // for unique_ptr
class QTabWidget;  // lines 29-29
class QToolBar;  // lines 30-30
namespace oac_tree_gui { class MonitorModel; }  // lines 41-41
namespace oac_tree_gui { class MonitorWidgetActions; }  // lines 44-44
namespace oac_tree_gui { class WorkspaceEditorWidget; }  // lines 45-45
namespace oac_tree_gui { class WorkspaceItem; }  // lines 43-43
namespace oac_tree_gui { class WorkspaceSynchronizer; }  // lines 42-42
namespace sup { namespace gui { class IAppCommandService; } }  // lines 35-35
namespace sup { namespace gui { class ItemStackWidget; } }  // lines 34-34
---

/home/pospelov/development/iter/projects/sequencer-gui/src/lib/oac-tree-gui-views/oac_tree_gui/views/pvmonitor/monitor_widget.cpp should add these lines:
#include <QtCore/qobjectdefs.h>                                   // for Fun...
#include <qnamespace.h>                                           // for Too...
#include <exception>                                              // for exc...
#include <string>                                                 // for bas...
#include <utility>                                                // for for...
#include <vector>                                                 // for vector
#include "oac_tree_gui/domain/sequencer_types_fwd.h"              // for wor...
#include "oac_tree_gui/model/component_types.h"                   // for Wor...

/home/pospelov/development/iter/projects/sequencer-gui/src/lib/oac-tree-gui-views/oac_tree_gui/views/pvmonitor/monitor_widget.cpp should remove these lines:
- #include <oac_tree_gui/model/workspace_item.h>  // lines 25-25

The full include-list for /home/pospelov/development/iter/projects/sequencer-gui/src/lib/oac-tree-gui-views/oac_tree_gui/views/pvmonitor/monitor_widget.cpp:
#include "monitor_widget.h"
#include <QtCore/qobjectdefs.h>                                   // for Fun...
#include <oac_tree_gui/pvmonitor/monitor_model.h>                 // for Mon...
#include <oac_tree_gui/pvmonitor/workspace_monitor_helper.h>      // for Pop...
#include <oac_tree_gui/pvmonitor/workspace_synchronizer.h>        // for Wor...
#include <oac_tree_gui/style/style_helper.h>                      // for Too...
#include <oac_tree_gui/views/composer/workspace_editor_widget.h>  // for Wor...
#include <qnamespace.h>                                           // for Too...
#include <sup/gui/widgets/item_stack_widget.h>                    // for Ite...
#include <sup/gui/widgets/message_helper.h>                       // for Sen...
#include <sup/oac-tree/workspace.h>                               // for Wor...
#include <QTabWidget>                                             // for QTa...
#include <QToolBar>                                               // for QTo...
#include <QVBoxLayout>                                            // for QVB...
#include <exception>                                              // for exc...
#include <string>                                                 // for bas...
#include <utility>                                                // for for...
#include <vector>                                                 // for vector
#include "monitor_widget_actions.h"                               // for Mon...
#include "oac_tree_gui/domain/sequencer_types_fwd.h"              // for wor...
#include "oac_tree_gui/model/component_types.h"                   // for Wor...
---


/home/pospelov/development/iter/projects/sequencer-gui/src/lib/oac-tree-gui-views/oac_tree_gui/views/operation/instruction_task_area_widget.h should add these lines:
#include <qtmetamacros.h>  // for Q_OBJECT
#include <memory>          // for unique_ptr

/home/pospelov/development/iter/projects/sequencer-gui/src/lib/oac-tree-gui-views/oac_tree_gui/views/operation/instruction_task_area_widget.h should remove these lines:

The full include-list for /home/pospelov/development/iter/projects/sequencer-gui/src/lib/oac-tree-gui-views/oac_tree_gui/views/operation/instruction_task_area_widget.h:
#include <qtmetamacros.h>  // for Q_OBJECT
#include <QWidget>         // for QWidget
#include <memory>          // for unique_ptr
class QScrollArea;  // lines 26-26
namespace oac_tree_gui { class TaskWidget; }  // lines 31-31
---

/home/pospelov/development/iter/projects/sequencer-gui/src/lib/oac-tree-gui-views/oac_tree_gui/views/operation/instruction_task_area_widget.cpp should add these lines:
#include <utility>        // for move

/home/pospelov/development/iter/projects/sequencer-gui/src/lib/oac-tree-gui-views/oac_tree_gui/views/operation/instruction_task_area_widget.cpp should remove these lines:

The full include-list for /home/pospelov/development/iter/projects/sequencer-gui/src/lib/oac-tree-gui-views/oac_tree_gui/views/operation/instruction_task_area_widget.cpp:
#include "instruction_task_area_widget.h"
#include <QScrollArea>    // for QScrollArea
#include <QVBoxLayout>    // for QVBoxLayout
#include <utility>        // for move
#include "task_widget.h"  // for TaskWidget
---


/home/pospelov/development/iter/projects/sequencer-gui/src/lib/oac-tree-gui-views/oac_tree_gui/views/operation/instruction_task_monitor.h should add these lines:
#include <qtmetamacros.h>  // for Q_OBJECT
namespace mvvm { struct DataChangedEvent; }

/home/pospelov/development/iter/projects/sequencer-gui/src/lib/oac-tree-gui-views/oac_tree_gui/views/operation/instruction_task_monitor.h should remove these lines:
- #include <mvvm/signals/event_types.h>  // lines 24-24
- namespace oac_tree_gui { class TaskWidget; }  // lines 43-43

The full include-list for /home/pospelov/development/iter/projects/sequencer-gui/src/lib/oac-tree-gui-views/oac_tree_gui/views/operation/instruction_task_monitor.h:
#include <qtmetamacros.h>  // for Q_OBJECT
#include <QWidget>         // for QWidget
#include <memory>          // for unique_ptr
namespace mvvm { class ModelListener; }  // lines 31-31
namespace mvvm { struct DataChangedEvent; }
namespace oac_tree_gui { class InstructionContainerItem; }  // lines 44-44
namespace oac_tree_gui { class InstructionTaskAreaWidget; }  // lines 42-42
namespace oac_tree_gui { class InstructionTaskWidgetBuilder; }  // lines 45-45
namespace sup { namespace gui { class VisibilityAgentBase; } }  // lines 36-36
---

/home/pospelov/development/iter/projects/sequencer-gui/src/lib/oac-tree-gui-views/oac_tree_gui/views/operation/instruction_task_monitor.cpp should add these lines:
#include <mvvm/model/item_utils.h>                          // for FindItemUp
#include <mvvm/signals/event_types.h>                       // for DataChang...
#include <functional>                                       // for invoke
#include <variant>                                          // for get
#include <vector>                                           // for vector

/home/pospelov/development/iter/projects/sequencer-gui/src/lib/oac-tree-gui-views/oac_tree_gui/views/operation/instruction_task_monitor.cpp should remove these lines:
- #include <mvvm/model/model_utils.h>  // lines 33-33
- #include <oac_tree_gui/model/item_constants.h>  // lines 29-29

The full include-list for /home/pospelov/development/iter/projects/sequencer-gui/src/lib/oac-tree-gui-views/oac_tree_gui/views/operation/instruction_task_monitor.cpp:
#include "instruction_task_monitor.h"
#include <mvvm/model/item_utils.h>                          // for FindItemUp
#include <mvvm/signals/event_types.h>                       // for DataChang...
#include <mvvm/signals/model_listener.h>                    // for ModelList...
#include <oac_tree_gui/model/instruction_container_item.h>  // for Instructi...
#include <oac_tree_gui/model/instruction_item.h>            // for Instructi...
#include <sup/gui/widgets/visibility_agent_base.h>          // for Visibilit...
#include <QVBoxLayout>                                      // for QVBoxLayout
#include <functional>                                       // for invoke
#include <variant>                                          // for get
#include <vector>                                           // for vector
#include "instruction_task_area_widget.h"                   // for Instructi...
#include "instruction_task_widget_builder.h"                // for Instructi...
#include "task_widget.h"                                    // for TaskWidget
---


/home/pospelov/development/iter/projects/sequencer-gui/src/lib/oac-tree-gui-views/oac_tree_gui/views/operation/instruction_task_widget_builder.h should add these lines:
#include <cstddef>  // for size_t

/home/pospelov/development/iter/projects/sequencer-gui/src/lib/oac-tree-gui-views/oac_tree_gui/views/operation/instruction_task_widget_builder.h should remove these lines:

The full include-list for /home/pospelov/development/iter/projects/sequencer-gui/src/lib/oac-tree-gui-views/oac_tree_gui/views/operation/instruction_task_widget_builder.h:
#include <cstddef>  // for size_t
#include <map>      // for map
#include <memory>   // for unique_ptr
namespace oac_tree_gui { class InstructionItem; }  // lines 31-31
namespace oac_tree_gui { class TaskWidget; }  // lines 30-30
---

/home/pospelov/development/iter/projects/sequencer-gui/src/lib/oac-tree-gui-views/oac_tree_gui/views/operation/instruction_task_widget_builder.cpp should add these lines:
#include <qstring.h>                              // for QString
#include <string>                                 // for basic_string
#include <utility>                                // for pair
#include <vector>                                 // for vector

/home/pospelov/development/iter/projects/sequencer-gui/src/lib/oac-tree-gui-views/oac_tree_gui/views/operation/instruction_task_widget_builder.cpp should remove these lines:

The full include-list for /home/pospelov/development/iter/projects/sequencer-gui/src/lib/oac-tree-gui-views/oac_tree_gui/views/operation/instruction_task_widget_builder.cpp:
#include "instruction_task_widget_builder.h"
#include <oac_tree_gui/model/instruction_item.h>  // for InstructionItem
#include <qstring.h>                              // for QString
#include <stack>                                  // for stack
#include <string>                                 // for basic_string
#include <utility>                                // for pair
#include <vector>                                 // for vector
#include "task_widget.h"                          // for TaskWidget
---


/home/pospelov/development/iter/projects/sequencer-gui/src/lib/oac-tree-gui-views/oac_tree_gui/views/operation/job_list_widget.h should add these lines:
#include <qtmetamacros.h>  // for Q_OBJECT, signals

/home/pospelov/development/iter/projects/sequencer-gui/src/lib/oac-tree-gui-views/oac_tree_gui/views/operation/job_list_widget.h should remove these lines:

The full include-list for /home/pospelov/development/iter/projects/sequencer-gui/src/lib/oac-tree-gui-views/oac_tree_gui/views/operation/job_list_widget.h:
#include <qtmetamacros.h>  // for Q_OBJECT, signals
#include <QWidget>         // for QWidget
#include <memory>          // for unique_ptr
class QTreeView;  // lines 27-27
namespace mvvm { class ItemViewComponentProvider; }  // lines 32-32
namespace mvvm { class ViewModel; }  // lines 31-31
namespace oac_tree_gui { class JobItem; }  // lines 44-44
namespace oac_tree_gui { class JobModel; }  // lines 43-43
namespace sup { namespace gui { class CustomHeaderView; } }  // lines 37-37
---

/home/pospelov/development/iter/projects/sequencer-gui/src/lib/oac-tree-gui-views/oac_tree_gui/views/operation/job_list_widget.cpp should add these lines:
#include <QtCore/qobjectdefs.h>                         // for FunctionPoint...
#include <mvvm/views/item_view_component_provider.h>    // for ItemViewCompo...
#include <qabstractitemview.h>                          // for QAbstractItem...
#include <qnamespace.h>                                 // for DropAction
#include <qstring.h>                                    // for QString
#include <utility>                                      // for forward

/home/pospelov/development/iter/projects/sequencer-gui/src/lib/oac-tree-gui-views/oac_tree_gui/views/operation/job_list_widget.cpp should remove these lines:
- #include <QSettings>  // lines 32-32

The full include-list for /home/pospelov/development/iter/projects/sequencer-gui/src/lib/oac-tree-gui-views/oac_tree_gui/views/operation/job_list_widget.cpp:
#include "job_list_widget.h"
#include <QtCore/qobjectdefs.h>                         // for FunctionPoint...
#include <mvvm/model/item_selection.h>                  // for ItemSelection
#include <mvvm/views/component_provider_helper.h>       // for CreateProvider
#include <mvvm/views/item_view_component_provider.h>    // for ItemViewCompo...
#include <oac_tree_gui/model/job_item.h>                // for JobItem
#include <oac_tree_gui/model/job_model.h>               // for JobModel
#include <oac_tree_gui/viewmodel/job_list_viewmodel.h>  // for JobListViewModel
#include <qabstractitemview.h>                          // for QAbstractItem...
#include <qnamespace.h>                                 // for DropAction
#include <qstring.h>                                    // for QString
#include <sup/gui/widgets/custom_header_view.h>         // for CustomHeaderView
#include <QTreeView>                                    // for QTreeView
#include <QVBoxLayout>                                  // for QVBoxLayout
#include <utility>                                      // for forward
---


/home/pospelov/development/iter/projects/sequencer-gui/src/lib/oac-tree-gui-views/oac_tree_gui/views/operation/job_property_widget.h should add these lines:
#include <qtmetamacros.h>  // for Q_OBJECT

/home/pospelov/development/iter/projects/sequencer-gui/src/lib/oac-tree-gui-views/oac_tree_gui/views/operation/job_property_widget.h should remove these lines:

The full include-list for /home/pospelov/development/iter/projects/sequencer-gui/src/lib/oac-tree-gui-views/oac_tree_gui/views/operation/job_property_widget.h:
#include <qtmetamacros.h>  // for Q_OBJECT
#include <QWidget>         // for QWidget
namespace mvvm { class PropertyTreeView; }  // lines 28-28
namespace oac_tree_gui { class JobItem; }  // lines 33-33
---

/home/pospelov/development/iter/projects/sequencer-gui/src/lib/oac-tree-gui-views/oac_tree_gui/views/operation/job_property_widget.cpp should add these lines:

/home/pospelov/development/iter/projects/sequencer-gui/src/lib/oac-tree-gui-views/oac_tree_gui/views/operation/job_property_widget.cpp should remove these lines:
- #include <QListWidget>  // lines 27-27

The full include-list for /home/pospelov/development/iter/projects/sequencer-gui/src/lib/oac-tree-gui-views/oac_tree_gui/views/operation/job_property_widget.cpp:
#include "job_property_widget.h"
#include <mvvm/views/property_tree_view.h>  // for PropertyTreeView
#include <oac_tree_gui/model/job_item.h>    // for JobItem
#include <QVBoxLayout>                      // for QVBoxLayout
---


/home/pospelov/development/iter/projects/sequencer-gui/src/lib/oac-tree-gui-views/oac_tree_gui/views/operation/message_panel.h should add these lines:
#include <qcontainerfwd.h>  // for QStringList
#include <qlist.h>          // for QList
#include <qstring.h>        // for QString
#include <qtmetamacros.h>   // for Q_OBJECT
namespace oac_tree_gui { enum class Severity : std::uint8_t; }

/home/pospelov/development/iter/projects/sequencer-gui/src/lib/oac-tree-gui-views/oac_tree_gui/views/operation/message_panel.h should remove these lines:
- #include <oac_tree_gui/jobsystem/log_event.h>  // lines 24-24
- #include <QStringList>  // lines 26-26
- class QAction;  // lines 31-31
- class QToolButton;  // lines 34-34

The full include-list for /home/pospelov/development/iter/projects/sequencer-gui/src/lib/oac-tree-gui-views/oac_tree_gui/views/operation/message_panel.h:
#include <qcontainerfwd.h>  // for QStringList
#include <qlist.h>          // for QList
#include <qstring.h>        // for QString
#include <qtmetamacros.h>   // for Q_OBJECT
#include <QWidget>          // for QWidget
#include <map>              // for map
#include <memory>           // for unique_ptr
class QSortFilterProxyModel;  // lines 33-33
class QTreeView;  // lines 32-32
class QWidgetAction;  // lines 35-35
namespace oac_tree_gui { class JobLog; }  // lines 46-46
namespace oac_tree_gui { class JobLogViewModel; }  // lines 47-47
namespace oac_tree_gui { enum class Severity : std::uint8_t; }
namespace sup { namespace gui { class CustomHeaderView; } }  // lines 39-39
namespace sup { namespace gui { class SteadyMenu; } }  // lines 40-40
---

/home/pospelov/development/iter/projects/sequencer-gui/src/lib/oac-tree-gui-views/oac_tree_gui/views/operation/message_panel.cpp should add these lines:
#include <QtCore/qobjectdefs.h>                        // for FunctionPointe...
#include <qabstractitemmodel.h>                        // for QModelIndex
#include <qicon.h>                                     // for QIcon
#include <qminmax.h>                                   // for qMax
#include <qnamespace.h>                                // for ToolButtonStyle
#include <qswap.h>                                     // for qt_ptr_swap
#include <qvariant.h>                                  // for QVariant
#include <string>                                      // for basic_string
#include <utility>                                     // for get, forward
#include <vector>                                      // for vector

/home/pospelov/development/iter/projects/sequencer-gui/src/lib/oac-tree-gui-views/oac_tree_gui/views/operation/message_panel.cpp should remove these lines:
- #include <mvvm/editors/selectable_combobox_editor.h>  // lines 31-31

The full include-list for /home/pospelov/development/iter/projects/sequencer-gui/src/lib/oac-tree-gui-views/oac_tree_gui/views/operation/message_panel.cpp:
#include "message_panel.h"
#include <QtCore/qobjectdefs.h>                        // for FunctionPointe...
#include <oac_tree_gui/jobsystem/job_log_severity.h>   // for Severity, ToSt...
#include <oac_tree_gui/jobsystem/job_utils.h>          // for GetRegExpPattern
#include <oac_tree_gui/style/style_helper.h>           // for FindIcon
#include <oac_tree_gui/viewmodel/job_log_viewmodel.h>  // for JobLogViewModel
#include <qabstractitemmodel.h>                        // for QModelIndex
#include <qicon.h>                                     // for QIcon
#include <qminmax.h>                                   // for qMax
#include <qnamespace.h>                                // for ToolButtonStyle
#include <qswap.h>                                     // for qt_ptr_swap
#include <qvariant.h>                                  // for QVariant
#include <sup/gui/widgets/custom_header_view.h>        // for CustomHeaderView
#include <sup/gui/widgets/steady_menu.h>               // for SteadyMenu
#include <QAction>                                     // for QAction
#include <QRegularExpression>                          // for QRegularExpres...
#include <QScrollBar>                                  // for QScrollBar
#include <QSettings>                                   // for QSettings
#include <QSortFilterProxyModel>                       // for QSortFilterPro...
#include <QToolButton>                                 // for QToolButton
#include <QTreeView>                                   // for QTreeView
#include <QVBoxLayout>                                 // for QVBoxLayout
#include <QWidgetAction>                               // for QWidgetAction
#include <string>                                      // for basic_string
#include <utility>                                     // for get, forward
#include <vector>                                      // for vector
---


/home/pospelov/development/iter/projects/sequencer-gui/src/lib/oac-tree-gui-views/oac_tree_gui/views/operation/monitor_realtime_actions.h should add these lines:
#include <qaction.h>                        // for QAction
#include <qlist.h>                          // for QList
#include <qtmetamacros.h>                   // for Q_OBJECT, signals
#include <cstdint>                          // for uint8_t
#include <vector>                           // for vector

/home/pospelov/development/iter/projects/sequencer-gui/src/lib/oac-tree-gui-views/oac_tree_gui/views/operation/monitor_realtime_actions.h should remove these lines:

The full include-list for /home/pospelov/development/iter/projects/sequencer-gui/src/lib/oac-tree-gui-views/oac_tree_gui/views/operation/monitor_realtime_actions.h:
#include <qaction.h>                        // for QAction
#include <qlist.h>                          // for QList
#include <qtmetamacros.h>                   // for Q_OBJECT, signals
#include <sup/gui/components/action_map.h>  // for ActionMap
#include <QObject>                          // for QObject
#include <cstdint>                          // for uint8_t
#include <memory>                           // for unique_ptr
#include <vector>                           // for vector
class QMenu;  // lines 29-29
class QToolButton;  // lines 31-31
class QWidgetAction;  // lines 30-30
namespace sup { namespace gui { class ActionMenu; } }  // lines 35-35
---

/home/pospelov/development/iter/projects/sequencer-gui/src/lib/oac-tree-gui-views/oac_tree_gui/views/operation/monitor_realtime_actions.cpp should add these lines:
#include <QtCore/qobjectdefs.h>                 // for FunctionPointer<>::Ar...
#include <qicon.h>                              // for QIcon
#include <qminmax.h>                            // for qMax
#include <qnamespace.h>                         // for ToolButtonStyle
#include <qstring.h>                            // for QString, QAnyStringVi...
#include <qswap.h>                              // for qt_ptr_swap
#include <qtypeinfo.h>                          // for QTypeInfo<>::isReloca...
#include <qvariant.h>                           // for QVariant
#include <utility>                              // for forward

/home/pospelov/development/iter/projects/sequencer-gui/src/lib/oac-tree-gui-views/oac_tree_gui/views/operation/monitor_realtime_actions.cpp should remove these lines:
- #include <QAction>  // lines 28-28

The full include-list for /home/pospelov/development/iter/projects/sequencer-gui/src/lib/oac-tree-gui-views/oac_tree_gui/views/operation/monitor_realtime_actions.cpp:
#include "monitor_realtime_actions.h"
#include <QtCore/qobjectdefs.h>                 // for FunctionPointer<>::Ar...
#include <oac_tree_gui/model/item_constants.h>  // for kDefaultTickTimeoutMsec
#include <oac_tree_gui/style/style_helper.h>    // for FindIcon
#include <qicon.h>                              // for QIcon
#include <qminmax.h>                            // for qMax
#include <qnamespace.h>                         // for ToolButtonStyle
#include <qstring.h>                            // for QString, QAnyStringVi...
#include <qswap.h>                              // for qt_ptr_swap
#include <qtypeinfo.h>                          // for QTypeInfo<>::isReloca...
#include <qvariant.h>                           // for QVariant
#include <sup/gui/widgets/action_menu.h>        // for ActionMenu
#include <QMenu>                                // for QMenu
#include <QSettings>                            // for QSettings
#include <QToolButton>                          // for QToolButton
#include <QWidgetAction>                        // for QWidgetAction
#include <utility>                              // for forward
---


/home/pospelov/development/iter/projects/sequencer-gui/src/lib/oac-tree-gui-views/oac_tree_gui/views/operation/operation_job_actions.h should add these lines:
#include <qlist.h>                          // for QList
#include <qtmetamacros.h>                   // for Q_OBJECT, signals
#include <cstdint>                          // for uint8_t
#include <vector>                           // for vector

/home/pospelov/development/iter/projects/sequencer-gui/src/lib/oac-tree-gui-views/oac_tree_gui/views/operation/operation_job_actions.h should remove these lines:

The full include-list for /home/pospelov/development/iter/projects/sequencer-gui/src/lib/oac-tree-gui-views/oac_tree_gui/views/operation/operation_job_actions.h:
#include <qlist.h>                          // for QList
#include <qtmetamacros.h>                   // for Q_OBJECT, signals
#include <sup/gui/components/action_map.h>  // for ActionMap
#include <QObject>                          // for QObject
#include <cstdint>                          // for uint8_t
#include <functional>                       // for function
#include <memory>                           // for unique_ptr
#include <vector>                           // for vector
class QAction;  // lines 31-31
class QMenu;  // lines 30-30
namespace oac_tree_gui { class ProcedureItem; }  // lines 41-41
namespace sup { namespace gui { class ActionMenu; } }  // lines 35-35
---

/home/pospelov/development/iter/projects/sequencer-gui/src/lib/oac-tree-gui-views/oac_tree_gui/views/operation/operation_job_actions.cpp should add these lines:
#include <QtCore/qobjectdefs.h>                 // for FunctionPointer<>::Ar...
#include <qaction.h>                            // for QAction
#include <qicon.h>                              // for QIcon
#include <qminmax.h>                            // for qMax
#include <qstring.h>                            // for QString
#include <qswap.h>                              // for qt_ptr_swap
#include <qtypeinfo.h>                          // for QTypeInfo<>::isReloca...
#include <string>                               // for basic_string
#include <utility>                              // for forward

/home/pospelov/development/iter/projects/sequencer-gui/src/lib/oac-tree-gui-views/oac_tree_gui/views/operation/operation_job_actions.cpp should remove these lines:
- #include <QToolButton>  // lines 29-29

The full include-list for /home/pospelov/development/iter/projects/sequencer-gui/src/lib/oac-tree-gui-views/oac_tree_gui/views/operation/operation_job_actions.cpp:
#include "operation_job_actions.h"
#include <QtCore/qobjectdefs.h>                 // for FunctionPointer<>::Ar...
#include <oac_tree_gui/model/procedure_item.h>  // for ProcedureItem
#include <oac_tree_gui/style/style_helper.h>    // for FindIcon
#include <qaction.h>                            // for QAction
#include <qicon.h>                              // for QIcon
#include <qminmax.h>                            // for qMax
#include <qstring.h>                            // for QString
#include <qswap.h>                              // for qt_ptr_swap
#include <qtypeinfo.h>                          // for QTypeInfo<>::isReloca...
#include <sup/gui/widgets/action_menu.h>        // for ActionMenu
#include <QMenu>                                // for QMenu
#include <string>                               // for basic_string
#include <utility>                              // for forward
---


/home/pospelov/development/iter/projects/sequencer-gui/src/lib/oac-tree-gui-views/oac_tree_gui/views/operation/operation_job_panel.h should add these lines:
#include <qaction.h>       // for QAction
#include <qlist.h>         // for QList
#include <qtmetamacros.h>  // for Q_OBJECT, signals

/home/pospelov/development/iter/projects/sequencer-gui/src/lib/oac-tree-gui-views/oac_tree_gui/views/operation/operation_job_panel.h should remove these lines:

The full include-list for /home/pospelov/development/iter/projects/sequencer-gui/src/lib/oac-tree-gui-views/oac_tree_gui/views/operation/operation_job_panel.h:
#include <qaction.h>       // for QAction
#include <qlist.h>         // for QList
#include <qtmetamacros.h>  // for Q_OBJECT, signals
#include <QWidget>         // for QWidget
namespace oac_tree_gui { class ApplicationModels; }  // lines 38-38
namespace oac_tree_gui { class JobItem; }  // lines 35-35
namespace oac_tree_gui { class JobListWidget; }  // lines 34-34
namespace oac_tree_gui { class JobPropertyWidget; }  // lines 37-37
namespace oac_tree_gui { class OperationJobActions; }  // lines 39-39
namespace oac_tree_gui { class ProcedureItem; }  // lines 36-36
namespace sup { namespace gui { class CollapsibleListView; } }  // lines 28-28
---

/home/pospelov/development/iter/projects/sequencer-gui/src/lib/oac-tree-gui-views/oac_tree_gui/views/operation/operation_job_panel.cpp should add these lines:
#include <QtCore/qobjectdefs.h>                     // for FunctionPointer<>...
#include <utility>                                  // for forward
#include <vector>                                   // for vector

/home/pospelov/development/iter/projects/sequencer-gui/src/lib/oac-tree-gui-views/oac_tree_gui/views/operation/operation_job_panel.cpp should remove these lines:
- #include <oac_tree_gui/model/job_item.h>  // lines 28-28
- #include <oac_tree_gui/model/procedure_item.h>  // lines 29-29

The full include-list for /home/pospelov/development/iter/projects/sequencer-gui/src/lib/oac-tree-gui-views/oac_tree_gui/views/operation/operation_job_panel.cpp:
#include "operation_job_panel.h"
#include <QtCore/qobjectdefs.h>                     // for FunctionPointer<>...
#include <oac_tree_gui/model/application_models.h>  // for ApplicationModels
#include <oac_tree_gui/model/sequencer_model.h>     // for SequencerModel
#include <sup/gui/widgets/collapsible_list_view.h>  // for CollapsibleListView
#include <QVBoxLayout>                              // for QVBoxLayout
#include <utility>                                  // for forward
#include <vector>                                   // for vector
#include "job_list_widget.h"                        // for JobListWidget
#include "job_property_widget.h"                    // for JobPropertyWidget
#include "operation_job_actions.h"                  // for OperationJobActions
---

In file included from /home/pospelov/development/iter/projects/sequencer-gui/src/lib/oac-tree-gui-views/oac_tree_gui/views/operation/operation_monitor_view.cpp:31:
In file included from /home/pospelov/development/iter/projects/sequencer-gui/src/lib/oac-tree-gui-components/oac_tree_gui/jobsystem/remote_connection_service.h:24:
/home/pospelov/development/iter/projects/sequencer-gui/src/lib/oac-tree-gui-components/oac_tree_gui/jobsystem/i_remote_connection_service.h:34:1: warning: class 'UserContext' was previously declared as a struct; this is valid, but may result in linker errors under the Microsoft C++ ABI [-Wmismatched-tags]
   34 | class UserContext;
      | ^
/home/pospelov/development/iter/projects/sequencer-gui/src/lib/oac-tree-gui-components/oac_tree_gui/jobsystem/user_context.h:34:8: note: previous use is here
   34 | struct UserContext
      |        ^
/home/pospelov/development/iter/projects/sequencer-gui/src/lib/oac-tree-gui-components/oac_tree_gui/jobsystem/i_remote_connection_service.h:34:1: note: did you mean struct here?
   34 | class UserContext;
      | ^~~~~
      | struct
In file included from /home/pospelov/development/iter/projects/sequencer-gui/src/lib/oac-tree-gui-views/oac_tree_gui/views/operation/operation_monitor_view.cpp:39:
In file included from /home/pospelov/development/iter/projects/sequencer-gui/src/lib/oac-tree-gui-components/oac_tree_gui/operation/objects/operation_action_handler.h:24:
/home/pospelov/development/iter/projects/sequencer-gui/src/lib/oac-tree-gui-components/oac_tree_gui/operation/operation_action_context.h:40:1: warning: 'OperationActionContext' defined as a struct here but previously declared as a class; this is valid, but may result in linker errors under the Microsoft C++ ABI [-Wmismatched-tags]
   40 | struct OperationActionContext
      | ^
/home/pospelov/development/iter/projects/sequencer-gui/src/lib/oac-tree-gui-views/oac_tree_gui/views/operation/operation_monitor_view.h:49:1: note: did you mean struct here?
   49 | class OperationActionContext;
      | ^~~~~
      | struct

/home/pospelov/development/iter/projects/sequencer-gui/src/lib/oac-tree-gui-views/oac_tree_gui/views/operation/operation_monitor_view.h should add these lines:
#include <qstring.h>       // for QString
#include <qtmetamacros.h>  // for Q_OBJECT
#include <memory>          // for unique_ptr
class QAction;
namespace oac_tree_gui { enum class OperationPresentationMode : std::uint8_t; }

/home/pospelov/development/iter/projects/sequencer-gui/src/lib/oac-tree-gui-views/oac_tree_gui/views/operation/operation_monitor_view.h should remove these lines:
- #include <oac_tree_gui/model/component_types.h>  // lines 24-24
- class QShowEvent;  // lines 29-29
- class QSplitter;  // lines 28-28
- namespace oac_tree_gui { class ProcedureItem; }  // lines 47-47

The full include-list for /home/pospelov/development/iter/projects/sequencer-gui/src/lib/oac-tree-gui-views/oac_tree_gui/views/operation/operation_monitor_view.h:
#include <qstring.h>       // for QString
#include <qtmetamacros.h>  // for Q_OBJECT
#include <QWidget>         // for QWidget
#include <memory>          // for unique_ptr
class QAction;
namespace oac_tree_gui { class ApplicationModels; }  // lines 41-41
namespace oac_tree_gui { class IRemoteConnectionService; }  // lines 50-50
namespace oac_tree_gui { class JobItem; }  // lines 42-42
namespace oac_tree_gui { class JobManager; }  // lines 43-43
namespace oac_tree_gui { class OperationActionContext; }  // lines 49-49
namespace oac_tree_gui { class OperationActionHandler; }  // lines 48-48
namespace oac_tree_gui { class OperationJobPanel; }  // lines 46-46
namespace oac_tree_gui { class OperationRealTimePanel; }  // lines 45-45
namespace oac_tree_gui { class OperationWorkspacePanel; }  // lines 44-44
namespace oac_tree_gui { enum class OperationPresentationMode : std::uint8_t; }
namespace sup { namespace gui { class AppCommandContext; } }  // lines 34-34
namespace sup { namespace gui { class CustomSplitter; } }  // lines 33-33
namespace sup { namespace gui { class IAppCommandService; } }  // lines 35-35
---

/home/pospelov/development/iter/projects/sequencer-gui/src/lib/oac-tree-gui-views/oac_tree_gui/views/operation/operation_monitor_view.cpp should add these lines:
#include <QtCore/qobjectdefs.h>
#include <mvvm/utils/container_utils.h>
#include <qaction.h>
#include <qdebug.h>
#include <qicon.h>
#include <qlist.h>
#include <qtpreprocessorsupport.h>
#include <qtypeinfo.h>
#include <chrono>
#include <functional>
#include <optional>
#include <string>
#include <utility>
#include <vector>
#include "oac_tree_gui/jobsystem/i_automation_client.h"
#include "oac_tree_gui/jobsystem/i_job_handler.h"
#include "oac_tree_gui/jobsystem/i_remote_connection_service.h"
#include "oac_tree_gui/model/component_types.h"
#include "oac_tree_gui/operation/operation_action_context.h"

/home/pospelov/development/iter/projects/sequencer-gui/src/lib/oac-tree-gui-views/oac_tree_gui/views/operation/operation_monitor_view.cpp should remove these lines:
- #include <mvvm/standarditems/container_item.h>  // lines 53-53
- #include <oac_tree_gui/jobsystem/objects/local_job_handler.h>  // lines 29-29
- #include <oac_tree_gui/model/procedure_item.h>  // lines 37-37
- #include <oac_tree_gui/model/sequencer_model.h>  // lines 38-38
- #include <QToolBar>  // lines 55-55

The full include-list for /home/pospelov/development/iter/projects/sequencer-gui/src/lib/oac-tree-gui-views/oac_tree_gui/views/operation/operation_monitor_view.cpp:
#include "operation_monitor_view.h"
#include <QtCore/qobjectdefs.h>
#include <mvvm/model/model_utils.h>
#include <mvvm/utils/container_utils.h>
#include <oac_tree_gui/jobsystem/automation_client.h>
#include <oac_tree_gui/jobsystem/objects/job_manager.h>
#include <oac_tree_gui/jobsystem/remote_connection_info.h>
#include <oac_tree_gui/jobsystem/remote_connection_service.h>
#include <oac_tree_gui/mainwindow/main_window_helper.h>
#include <oac_tree_gui/model/application_models.h>
#include <oac_tree_gui/model/instruction_item.h>
#include <oac_tree_gui/model/job_item.h>
#include <oac_tree_gui/model/job_model.h>
#include <oac_tree_gui/operation/objects/operation_action_handler.h>
#include <oac_tree_gui/operation/operation_action_helper.h>
#include <oac_tree_gui/style/style_helper.h>
#include <oac_tree_gui/views/editors/user_input_dialogs.h>
#include <oac_tree_gui/views/operation/remote_connection_dialog.h>
#include <qaction.h>
#include <qdebug.h>
#include <qicon.h>
#include <qlist.h>
#include <qtpreprocessorsupport.h>
#include <qtypeinfo.h>
#include <sup/gui/app/app_command_context.h>
#include <sup/gui/app/app_constants.h>
#include <sup/gui/app/i_app_command_service.h>
#include <sup/gui/widgets/custom_splitter.h>
#include <sup/gui/widgets/item_stack_widget.h>
#include <sup/gui/widgets/message_helper.h>
#include <QVBoxLayout>
#include <chrono>
#include <functional>
#include <optional>
#include <string>
#include <utility>
#include <vector>
#include "oac_tree_gui/jobsystem/i_automation_client.h"
#include "oac_tree_gui/jobsystem/i_job_handler.h"
#include "oac_tree_gui/jobsystem/i_remote_connection_service.h"
#include "oac_tree_gui/model/component_types.h"
#include "oac_tree_gui/operation/operation_action_context.h"
#include "operation_job_panel.h"
#include "operation_realtime_panel.h"
#include "operation_workspace_panel.h"
---


/home/pospelov/development/iter/projects/sequencer-gui/src/lib/oac-tree-gui-views/oac_tree_gui/views/operation/operation_realtime_panel.h should add these lines:
#include <qtmetamacros.h>  // for Q_OBJECT, signals
#include <vector>          // for vector

/home/pospelov/development/iter/projects/sequencer-gui/src/lib/oac-tree-gui-views/oac_tree_gui/views/operation/operation_realtime_panel.h should remove these lines:
- class QToolBar;  // lines 26-26
- namespace oac_tree_gui { class SequencerModel; }  // lines 42-42

The full include-list for /home/pospelov/development/iter/projects/sequencer-gui/src/lib/oac-tree-gui-views/oac_tree_gui/views/operation/operation_realtime_panel.h:
#include <qtmetamacros.h>  // for Q_OBJECT, signals
#include <QWidget>         // for QWidget
#include <vector>          // for vector
namespace oac_tree_gui { class InstructionItem; }  // lines 36-36
namespace oac_tree_gui { class JobItem; }  // lines 37-37
namespace oac_tree_gui { class JobLog; }  // lines 38-38
namespace oac_tree_gui { class MessagePanel; }  // lines 39-39
namespace oac_tree_gui { class MonitorRealTimeActions; }  // lines 40-40
namespace oac_tree_gui { class RealTimeInstructionTreeWidget; }  // lines 41-41
namespace sup { namespace gui { class CollapsibleListView; } }  // lines 30-30
---

/home/pospelov/development/iter/projects/sequencer-gui/src/lib/oac-tree-gui-views/oac_tree_gui/views/operation/operation_realtime_panel.cpp should add these lines:
#include <QtCore/qobjectdefs.h>                     // for FunctionPointer<>...
#include <qlist.h>                                  // for QList
#include <qstring.h>                                // for QString
#include <utility>                                  // for forward
class QAction;

/home/pospelov/development/iter/projects/sequencer-gui/src/lib/oac-tree-gui-views/oac_tree_gui/views/operation/operation_realtime_panel.cpp should remove these lines:
- #include <oac_tree_gui/model/instruction_item.h>  // lines 27-27
- #include <oac_tree_gui/model/procedure_item.h>  // lines 29-29

The full include-list for /home/pospelov/development/iter/projects/sequencer-gui/src/lib/oac-tree-gui-views/oac_tree_gui/views/operation/operation_realtime_panel.cpp:
#include "operation_realtime_panel.h"
#include <QtCore/qobjectdefs.h>                     // for FunctionPointer<>...
#include <oac_tree_gui/model/job_item.h>            // for JobItem
#include <qlist.h>                                  // for QList
#include <qstring.h>                                // for QString
#include <sup/gui/widgets/collapsible_list_view.h>  // for CollapsibleListView
#include <QVBoxLayout>                              // for QVBoxLayout
#include <utility>                                  // for forward
#include "message_panel.h"                          // for MessagePanel
#include "monitor_realtime_actions.h"               // for MonitorRealTimeAc...
#include "realtime_instruction_tree_widget.h"       // for RealTimeInstructi...
class QAction;
---


/home/pospelov/development/iter/projects/sequencer-gui/src/lib/oac-tree-gui-views/oac_tree_gui/views/operation/operation_workspace_panel.h should add these lines:
#include <qtmetamacros.h>  // for Q_OBJECT

/home/pospelov/development/iter/projects/sequencer-gui/src/lib/oac-tree-gui-views/oac_tree_gui/views/operation/operation_workspace_panel.h should remove these lines:

The full include-list for /home/pospelov/development/iter/projects/sequencer-gui/src/lib/oac-tree-gui-views/oac_tree_gui/views/operation/operation_workspace_panel.h:
#include <qtmetamacros.h>  // for Q_OBJECT
#include <QWidget>         // for QWidget
namespace oac_tree_gui { class InstructionTaskMonitor; }  // lines 42-42
namespace oac_tree_gui { class NodeEditorWidget; }  // lines 41-41
namespace oac_tree_gui { class ProcedureItem; }  // lines 39-39
namespace oac_tree_gui { class WorkspaceEditorWidget; }  // lines 40-40
namespace sup { namespace gui { class IAppCommandService; } }  // lines 33-33
namespace sup { namespace gui { class ItemStackWidget; } }  // lines 28-28
---

/home/pospelov/development/iter/projects/sequencer-gui/src/lib/oac-tree-gui-views/oac_tree_gui/views/operation/operation_workspace_panel.cpp should add these lines:
#include <qstring.h>                                              // for QSt...
#include <sup/gui/widgets/settings_callbacks.h>                   // for Get...
#include "oac_tree_gui/model/component_types.h"                   // for Wor...

/home/pospelov/development/iter/projects/sequencer-gui/src/lib/oac-tree-gui-views/oac_tree_gui/views/operation/operation_workspace_panel.cpp should remove these lines:

The full include-list for /home/pospelov/development/iter/projects/sequencer-gui/src/lib/oac-tree-gui-views/oac_tree_gui/views/operation/operation_workspace_panel.cpp:
#include "operation_workspace_panel.h"
#include <oac_tree_gui/model/procedure_item.h>                    // for Pro...
#include <oac_tree_gui/views/composer/workspace_editor_widget.h>  // for Wor...
#include <oac_tree_gui/views/nodeeditor/node_editor_widget.h>     // for Nod...
#include <qstring.h>                                              // for QSt...
#include <sup/gui/widgets/item_stack_widget.h>                    // for Ite...
#include <sup/gui/widgets/settings_callbacks.h>                   // for Get...
#include <QVBoxLayout>                                            // for QVB...
#include "instruction_task_monitor.h"                             // for Ins...
#include "oac_tree_gui/model/component_types.h"                   // for Wor...
---


/home/pospelov/development/iter/projects/sequencer-gui/src/lib/oac-tree-gui-views/oac_tree_gui/views/operation/procedure_action_handler.h should add these lines:
#include <qstring.h>       // for QString
#include <qtmetamacros.h>  // for Q_OBJECT

/home/pospelov/development/iter/projects/sequencer-gui/src/lib/oac-tree-gui-views/oac_tree_gui/views/operation/procedure_action_handler.h should remove these lines:

The full include-list for /home/pospelov/development/iter/projects/sequencer-gui/src/lib/oac-tree-gui-views/oac_tree_gui/views/operation/procedure_action_handler.h:
#include <qstring.h>       // for QString
#include <qtmetamacros.h>  // for Q_OBJECT
#include <QObject>         // for QObject
#include <memory>          // for unique_ptr
class QWidget;  // lines 27-27
namespace oac_tree_gui { class ProcedureItem; }  // lines 32-32
---

/home/pospelov/development/iter/projects/sequencer-gui/src/lib/oac-tree-gui-views/oac_tree_gui/views/operation/procedure_action_handler.cpp should add these lines:
#include <qdir.h>                                             // for QDir
#include <qvariant.h>                                         // for QVariant
#include <exception>                                          // for exception
#include <string>                                             // for basic_s...
#include "oac_tree_gui/domain/sequencer_types_fwd.h"          // for procedu...

/home/pospelov/development/iter/projects/sequencer-gui/src/lib/oac-tree-gui-views/oac_tree_gui/views/operation/procedure_action_handler.cpp should remove these lines:
- #include <oac_tree_gui/transform/domain_workspace_builder.h>  // lines 26-26
- #include <sup/gui/core/message_event.h>  // lines 28-28

The full include-list for /home/pospelov/development/iter/projects/sequencer-gui/src/lib/oac-tree-gui-views/oac_tree_gui/views/operation/procedure_action_handler.cpp:
#include "procedure_action_handler.h"
#include <mvvm/utils/file_utils.h>                            // for GetPare...
#include <oac_tree_gui/model/procedure_item.h>                // for Procedu...
#include <oac_tree_gui/model/xml_utils.h>                     // for ExportT...
#include <oac_tree_gui/transform/domain_procedure_builder.h>  // for CreateD...
#include <qdir.h>                                             // for QDir
#include <qvariant.h>                                         // for QVariant
#include <sup/gui/widgets/message_helper.h>                   // for SendWar...
#include <sup/oac-tree/procedure.h>                           // for Procedure
#include <QFileDialog>                                        // for QFileDi...
#include <QSettings>                                          // for QSettings
#include <QWidget>                                            // for QWidget
#include <exception>                                          // for exception
#include <fstream>                                            // for basic_o...
#include <string>                                             // for basic_s...
#include "oac_tree_gui/domain/sequencer_types_fwd.h"          // for procedu...
---


/home/pospelov/development/iter/projects/sequencer-gui/src/lib/oac-tree-gui-views/oac_tree_gui/views/operation/realtime_instruction_tree_widget.h should add these lines:
#include <qtmetamacros.h>  // for Q_OBJECT, signals
#include <vector>          // for vector
class QModelIndex;
class QPoint;

/home/pospelov/development/iter/projects/sequencer-gui/src/lib/oac-tree-gui-views/oac_tree_gui/views/operation/realtime_instruction_tree_widget.h should remove these lines:
- class QAction;  // lines 28-28

The full include-list for /home/pospelov/development/iter/projects/sequencer-gui/src/lib/oac-tree-gui-views/oac_tree_gui/views/operation/realtime_instruction_tree_widget.h:
#include <qtmetamacros.h>  // for Q_OBJECT, signals
#include <QWidget>         // for QWidget
#include <memory>          // for unique_ptr
#include <vector>          // for vector
class QModelIndex;
class QPoint;
class QTreeView;  // lines 27-27
namespace mvvm { class ItemViewComponentProvider; }  // lines 32-32
namespace oac_tree_gui { class BreakpointModelDelegate; }  // lines 45-45
namespace oac_tree_gui { class InstructionItem; }  // lines 44-44
namespace oac_tree_gui { class InstructionTreeExpandController; }  // lines 46-46
namespace oac_tree_gui { class ProcedureItem; }  // lines 43-43
namespace sup { namespace gui { class CustomHeaderView; } }  // lines 37-37
---

/home/pospelov/development/iter/projects/sequencer-gui/src/lib/oac-tree-gui-views/oac_tree_gui/views/operation/realtime_instruction_tree_widget.cpp should add these lines:
#include <QtCore/qobjectdefs.h>
#include <mvvm/viewmodel/viewmodel.h>
#include <mvvm/views/item_view_component_provider.h>
#include <qabstractitemmodel.h>
#include <qaction.h>
#include <qlist.h>
#include <qminmax.h>
#include <qnamespace.h>
#include <qobject.h>
#include <qpoint.h>
#include <qstring.h>
#include <qswap.h>
#include <utility>

/home/pospelov/development/iter/projects/sequencer-gui/src/lib/oac-tree-gui-views/oac_tree_gui/views/operation/realtime_instruction_tree_widget.cpp should remove these lines:
- #include <mvvm/utils/container_utils.h>  // lines 39-39
- #include <mvvm/widgets/widget_utils.h>  // lines 41-41
- #include <oac_tree_gui/components/component_helper.h>  // lines 23-23
- #include <oac_tree_gui/model/universal_item_helper.h>  // lines 27-27
- #include <QSettings>  // lines 46-46

The full include-list for /home/pospelov/development/iter/projects/sequencer-gui/src/lib/oac-tree-gui-views/oac_tree_gui/views/operation/realtime_instruction_tree_widget.cpp:
#include "realtime_instruction_tree_widget.h"
#include <QtCore/qobjectdefs.h>
#include <mvvm/model/item_selection.h>
#include <mvvm/viewmodel/viewmodel.h>
#include <mvvm/views/component_provider_helper.h>
#include <mvvm/views/item_view_component_provider.h>
#include <oac_tree_gui/model/instruction_container_item.h>
#include <oac_tree_gui/model/instruction_item.h>
#include <oac_tree_gui/model/procedure_item.h>
#include <oac_tree_gui/operation/objects/breakpoint_model_delegate.h>
#include <oac_tree_gui/operation/objects/instruction_tree_expand_controller.h>
#include <oac_tree_gui/operation/tooltip_helper.h>
#include <oac_tree_gui/viewmodel/instruction_operation_viewmodel.h>
#include <qabstractitemmodel.h>
#include <qaction.h>
#include <qlist.h>
#include <qminmax.h>
#include <qnamespace.h>
#include <qobject.h>
#include <qpoint.h>
#include <qstring.h>
#include <qswap.h>
#include <sup/gui/components/item_filter_helper.h>
#include <sup/gui/components/tree_helper.h>
#include <sup/gui/core/environment.h>
#include <sup/gui/widgets/custom_header_view.h>
#include <QEvent>
#include <QHelpEvent>
#include <QMenu>
#include <QToolTip>
#include <QTreeView>
#include <QVBoxLayout>
#include <utility>
---

In file included from /home/pospelov/development/iter/projects/sequencer-gui/src/lib/oac-tree-gui-views/oac_tree_gui/views/operation/remote_connection_dialog.cpp:26:
In file included from /home/pospelov/development/iter/projects/sequencer-gui/src/lib/oac-tree-gui-components/oac_tree_gui/jobsystem/remote_connection_service.h:24:
/home/pospelov/development/iter/projects/sequencer-gui/src/lib/oac-tree-gui-components/oac_tree_gui/jobsystem/i_remote_connection_service.h:34:1: warning: class 'UserContext' was previously declared as a struct; this is valid, but may result in linker errors under the Microsoft C++ ABI [-Wmismatched-tags]
   34 | class UserContext;
      | ^
/home/pospelov/development/iter/projects/sequencer-gui/src/lib/oac-tree-gui-components/oac_tree_gui/jobsystem/i_automation_client.h:32:8: note: previous use is here
   32 | struct UserContext;
      |        ^

/home/pospelov/development/iter/projects/sequencer-gui/src/lib/oac-tree-gui-views/oac_tree_gui/views/operation/remote_connection_dialog.h should add these lines:
#include <qtmetamacros.h>  // for Q_OBJECT
#include <string>          // for basic_string, string
class QWidget;

/home/pospelov/development/iter/projects/sequencer-gui/src/lib/oac-tree-gui-views/oac_tree_gui/views/operation/remote_connection_dialog.h should remove these lines:

The full include-list for /home/pospelov/development/iter/projects/sequencer-gui/src/lib/oac-tree-gui-views/oac_tree_gui/views/operation/remote_connection_dialog.h:
#include <qtmetamacros.h>  // for Q_OBJECT
#include <QDialog>         // for QDialog
#include <memory>          // for unique_ptr
#include <optional>        // for optional
#include <string>          // for basic_string, string
class QHBoxLayout;  // lines 32-32
class QLineEdit;  // lines 29-29
class QListView;  // lines 28-28
class QPushButton;  // lines 30-30
class QStandardItemModel;  // lines 31-31
class QWidget;
namespace oac_tree_gui { class IRemoteConnectionService; }  // lines 37-37
namespace oac_tree_gui { struct RemoteConnectionInfo; }  // lines 38-38
---

/home/pospelov/development/iter/projects/sequencer-gui/src/lib/oac-tree-gui-views/oac_tree_gui/views/operation/remote_connection_dialog.cpp should add these lines:
#include <QtCore/qobjectdefs.h>                                  // for Func...
#include <qabstractitemmodel.h>                                  // for QMod...
#include <qabstractitemview.h>                                   // for QAbs...
#include <qnamespace.h>                                          // for Key
#include <qsize.h>                                               // for QSize
#include <qstring.h>                                             // for QString
#include <qvariant.h>                                            // for QVar...
#include <cstddef>                                               // for size_t
#include <set>                                                   // for set
#include <utility>                                               // for forward
#include "oac_tree_gui/jobsystem/i_remote_connection_service.h"  // for IRem...
class QWidget;

/home/pospelov/development/iter/projects/sequencer-gui/src/lib/oac-tree-gui-views/oac_tree_gui/views/operation/remote_connection_dialog.cpp should remove these lines:
- #include <oac_tree_gui/jobsystem/remote_connection_service.h>  // lines 26-26
- #include <QDebug>  // lines 33-33
- #include <QVBoxLayout>  // lines 42-42

The full include-list for /home/pospelov/development/iter/projects/sequencer-gui/src/lib/oac-tree-gui-views/oac_tree_gui/views/operation/remote_connection_dialog.cpp:
#include "remote_connection_dialog.h"
#include <QtCore/qobjectdefs.h>                                  // for Func...
#include <mvvm/style/mvvm_style_helper.h>                        // for Unit...
#include <oac_tree_gui/core/exceptions.h>                        // for Runt...
#include <oac_tree_gui/jobsystem/i_automation_client.h>          // for IAut...
#include <oac_tree_gui/jobsystem/remote_connection_info.h>       // for Remo...
#include <qabstractitemmodel.h>                                  // for QMod...
#include <qabstractitemview.h>                                   // for QAbs...
#include <qnamespace.h>                                          // for Key
#include <qsize.h>                                               // for QSize
#include <qstring.h>                                             // for QString
#include <qvariant.h>                                            // for QVar...
#include <sup/gui/widgets/dialog_helper.h>                       // for Crea...
#include <QApplication>                                          // for QApp...
#include <QHBoxLayout>                                           // for QHBo...
#include <QItemSelectionModel>                                   // for QIte...
#include <QKeyEvent>                                             // for QKey...
#include <QLineEdit>                                             // for QLin...
#include <QListView>                                             // for QLis...
#include <QPushButton>                                           // for QPus...
#include <QSettings>                                             // for QSet...
#include <QStandardItemModel>                                    // for QSta...
#include <cstddef>                                               // for size_t
#include <set>                                                   // for set
#include <utility>                                               // for forward
#include "oac_tree_gui/jobsystem/i_remote_connection_service.h"  // for IRem...
class QWidget;
---


/home/pospelov/development/iter/projects/sequencer-gui/src/lib/oac-tree-gui-views/oac_tree_gui/views/operation/status_indicator.h should add these lines:
#include <qtmetamacros.h>                           // for Q_OBJECT
class QWidget;

/home/pospelov/development/iter/projects/sequencer-gui/src/lib/oac-tree-gui-views/oac_tree_gui/views/operation/status_indicator.h should remove these lines:

The full include-list for /home/pospelov/development/iter/projects/sequencer-gui/src/lib/oac-tree-gui-views/oac_tree_gui/views/operation/status_indicator.h:
#include <oac_tree_gui/model/instruction_status.h>  // for InstructionStatus
#include <qtmetamacros.h>                           // for Q_OBJECT
#include <QLabel>                                   // for QLabel
class QWidget;
namespace oac_tree_gui { class BusySign; }  // lines 31-31
---

/home/pospelov/development/iter/projects/sequencer-gui/src/lib/oac-tree-gui-views/oac_tree_gui/views/operation/status_indicator.cpp should add these lines:
#include <qcolor.h>                                 // for QColor
#include <qfont.h>                                  // for QFont
#include <qnamespace.h>                             // for GlobalColor, Alig...
#include <qstring.h>                                // for QString
#include <string>                                   // for basic_string, ope...
#include <utility>                                  // for pair
#include "oac_tree_gui/model/instruction_status.h"  // for InstructionStatus
class QWidget;

/home/pospelov/development/iter/projects/sequencer-gui/src/lib/oac-tree-gui-views/oac_tree_gui/views/operation/status_indicator.cpp should remove these lines:

The full include-list for /home/pospelov/development/iter/projects/sequencer-gui/src/lib/oac-tree-gui-views/oac_tree_gui/views/operation/status_indicator.cpp:
#include "status_indicator.h"
#include <oac_tree_gui/core/exceptions.h>           // for RuntimeException
#include <oac_tree_gui/widgets/busy_sign.h>         // for BusySignType, Bus...
#include <qcolor.h>                                 // for QColor
#include <qfont.h>                                  // for QFont
#include <qnamespace.h>                             // for GlobalColor, Alig...
#include <qstring.h>                                // for QString
#include <map>                                      // for map, operator==
#include <string>                                   // for basic_string, ope...
#include <utility>                                  // for pair
#include "oac_tree_gui/model/instruction_status.h"  // for InstructionStatus
class QWidget;
---


/home/pospelov/development/iter/projects/sequencer-gui/src/lib/oac-tree-gui-views/oac_tree_gui/views/operation/status_indicator_widget.h should add these lines:
#include <qtmetamacros.h>                           // for Q_OBJECT

/home/pospelov/development/iter/projects/sequencer-gui/src/lib/oac-tree-gui-views/oac_tree_gui/views/operation/status_indicator_widget.h should remove these lines:

The full include-list for /home/pospelov/development/iter/projects/sequencer-gui/src/lib/oac-tree-gui-views/oac_tree_gui/views/operation/status_indicator_widget.h:
#include <oac_tree_gui/model/instruction_status.h>  // for InstructionStatus
#include <qtmetamacros.h>                           // for Q_OBJECT
#include <QWidget>                                  // for QWidget
namespace oac_tree_gui { class StatusIndicator; }  // lines 31-31
---

/home/pospelov/development/iter/projects/sequencer-gui/src/lib/oac-tree-gui-views/oac_tree_gui/views/operation/status_indicator_widget.cpp should add these lines:
namespace oac_tree_gui { enum class InstructionStatus : std::uint8_t; }

/home/pospelov/development/iter/projects/sequencer-gui/src/lib/oac-tree-gui-views/oac_tree_gui/views/operation/status_indicator_widget.cpp should remove these lines:

The full include-list for /home/pospelov/development/iter/projects/sequencer-gui/src/lib/oac-tree-gui-views/oac_tree_gui/views/operation/status_indicator_widget.cpp:
#include "status_indicator_widget.h"
#include <mvvm/style/mvvm_style_helper.h>  // for UnitSize
#include <QHBoxLayout>                     // for QHBoxLayout
#include "status_indicator.h"              // for StatusIndicator
namespace oac_tree_gui { enum class InstructionStatus : std::uint8_t; }
---


/home/pospelov/development/iter/projects/sequencer-gui/src/lib/oac-tree-gui-views/oac_tree_gui/views/operation/task_widget.h should add these lines:
#include <qstring.h>                                // for QString
#include <qtmetamacros.h>                           // for Q_OBJECT
#include <vector>                                   // for vector

/home/pospelov/development/iter/projects/sequencer-gui/src/lib/oac-tree-gui-views/oac_tree_gui/views/operation/task_widget.h should remove these lines:

The full include-list for /home/pospelov/development/iter/projects/sequencer-gui/src/lib/oac-tree-gui-views/oac_tree_gui/views/operation/task_widget.h:
#include <oac_tree_gui/model/instruction_status.h>  // for InstructionStatus
#include <qstring.h>                                // for QString
#include <qtmetamacros.h>                           // for Q_OBJECT
#include <QWidget>                                  // for QWidget
#include <vector>                                   // for vector
class QGroupBox;  // lines 29-29
class QLabel;  // lines 28-28
namespace oac_tree_gui { class StatusIndicatorWidget; }  // lines 34-34
---

/home/pospelov/development/iter/projects/sequencer-gui/src/lib/oac-tree-gui-views/oac_tree_gui/views/operation/task_widget.cpp should add these lines:
#include <qframe.h>                   // for QFrame
#include <qlayout.h>                  // for QLayout
namespace oac_tree_gui { enum class InstructionStatus : std::uint8_t; }

/home/pospelov/development/iter/projects/sequencer-gui/src/lib/oac-tree-gui-views/oac_tree_gui/views/operation/task_widget.cpp should remove these lines:
- #include <QVBoxLayout>  // lines 28-28

The full include-list for /home/pospelov/development/iter/projects/sequencer-gui/src/lib/oac-tree-gui-views/oac_tree_gui/views/operation/task_widget.cpp:
#include "task_widget.h"
#include <qframe.h>                   // for QFrame
#include <qlayout.h>                  // for QLayout
#include <QGroupBox>                  // for QGroupBox
#include <QHBoxLayout>                // for QVBoxLayout, QHBoxLayout
#include <QLabel>                     // for QLabel
#include "status_indicator_widget.h"  // for StatusIndicatorWidget
namespace oac_tree_gui { enum class InstructionStatus : std::uint8_t; }
---


/home/pospelov/development/iter/projects/sequencer-gui/src/lib/oac-tree-gui-views/oac_tree_gui/views/editors/anyvalue_compact_scalar_editor.h should add these lines:
#include <qtmetamacros.h>
#include <memory>
class QWidget;

/home/pospelov/development/iter/projects/sequencer-gui/src/lib/oac-tree-gui-views/oac_tree_gui/views/editors/anyvalue_compact_scalar_editor.h should remove these lines:
- class QString;  // lines 27-27
- namespace sup { namespace gui { class AnyValueItem; } }  // lines 40-40

The full include-list for /home/pospelov/development/iter/projects/sequencer-gui/src/lib/oac-tree-gui-views/oac_tree_gui/views/editors/anyvalue_compact_scalar_editor.h:
#include <qtmetamacros.h>
#include <sup/gui/views/anyvalueeditor/abstract_anyvalue_editor.h>
#include <memory>
class QBoxLayout;  // lines 29-29
class QDataWidgetMapper;  // lines 28-28
class QLabel;  // lines 26-26
class QWidget;
namespace mvvm { class ApplicationModel; }  // lines 33-33
namespace mvvm { class ViewModel; }  // lines 35-35
namespace mvvm { class ViewModelDelegate; }  // lines 34-34
---

/home/pospelov/development/iter/projects/sequencer-gui/src/lib/oac-tree-gui-views/oac_tree_gui/views/editors/anyvalue_compact_scalar_editor.cpp should add these lines:
#include <mvvm/model/session_item.h>            // for SessionItem
#include <mvvm/model/tagindex.h>                // for TagIndex
#include <mvvm/utils/container_utils.h>         // for CastItems
#include <mvvm/viewmodel/viewmodel.h>           // for ViewModel
#include <qabstractitemmodel.h>                 // for QModelIndex
#include <qstyleoption.h>                       // for QStyleOptionViewItem
#include <qwidget.h>                            // for QWidget

/home/pospelov/development/iter/projects/sequencer-gui/src/lib/oac-tree-gui-views/oac_tree_gui/views/editors/anyvalue_compact_scalar_editor.cpp should remove these lines:
- #include <mvvm/views/item_view_component_provider.h>  // lines 30-30

The full include-list for /home/pospelov/development/iter/projects/sequencer-gui/src/lib/oac-tree-gui-views/oac_tree_gui/views/editors/anyvalue_compact_scalar_editor.cpp:
#include "anyvalue_compact_scalar_editor.h"
#include <mvvm/model/application_model.h>       // for ApplicationModel
#include <mvvm/model/item_utils.h>              // for CloneItem
#include <mvvm/model/model_utils.h>             // for GetTopItem
#include <mvvm/model/session_item.h>            // for SessionItem
#include <mvvm/model/tagindex.h>                // for TagIndex
#include <mvvm/style/mvvm_style_helper.h>       // for UnitSize
#include <mvvm/utils/container_utils.h>         // for CastItems
#include <mvvm/viewmodel/property_viewmodel.h>  // for PropertyViewModel
#include <mvvm/viewmodel/viewmodel.h>           // for ViewModel
#include <mvvm/views/viewmodel_delegate.h>      // for ViewModelDelegate
#include <qabstractitemmodel.h>                 // for QModelIndex
#include <qstyleoption.h>                       // for QStyleOptionViewItem
#include <qwidget.h>                            // for QWidget
#include <sup/gui/model/anyvalue_item.h>        // for AnyValueItem
#include <QDataWidgetMapper>                    // for QDataWidgetMapper
#include <QHBoxLayout>                          // for QBoxLayout, QVBoxLayout
#include <QLabel>                               // for QLabel
---


/home/pospelov/development/iter/projects/sequencer-gui/src/lib/oac-tree-gui-views/oac_tree_gui/views/editors/anyvalue_compact_tree_editor.h should add these lines:
#include <qtmetamacros.h>
#include <memory>
class QWidget;

/home/pospelov/development/iter/projects/sequencer-gui/src/lib/oac-tree-gui-views/oac_tree_gui/views/editors/anyvalue_compact_tree_editor.h should remove these lines:
- class QString;  // lines 27-27
- namespace sup { namespace gui { class AnyValueItem; } }  // lines 43-43

The full include-list for /home/pospelov/development/iter/projects/sequencer-gui/src/lib/oac-tree-gui-views/oac_tree_gui/views/editors/anyvalue_compact_tree_editor.h:
#include <qtmetamacros.h>
#include <sup/gui/views/anyvalueeditor/abstract_anyvalue_editor.h>
#include <memory>
class QLabel;  // lines 26-26
class QTreeView;  // lines 28-28
class QWidget;
namespace mvvm { class ApplicationModel; }  // lines 38-38
namespace mvvm { class ItemViewComponentProvider; }  // lines 37-37
namespace sup { namespace gui { class CustomHeaderView; } }  // lines 32-32
---

/home/pospelov/development/iter/projects/sequencer-gui/src/lib/oac-tree-gui-views/oac_tree_gui/views/editors/anyvalue_compact_tree_editor.cpp should add these lines:
#include <mvvm/model/tagindex.h>                      // for TagIndex
#include <mvvm/utils/container_utils.h>               // for CastItems
#include <mvvm/views/item_view_component_provider.h>  // for ItemViewCompone...
#include <qstring.h>                                  // for QString, operator+
class QWidget;

/home/pospelov/development/iter/projects/sequencer-gui/src/lib/oac-tree-gui-views/oac_tree_gui/views/editors/anyvalue_compact_tree_editor.cpp should remove these lines:

The full include-list for /home/pospelov/development/iter/projects/sequencer-gui/src/lib/oac-tree-gui-views/oac_tree_gui/views/editors/anyvalue_compact_tree_editor.cpp:
#include "anyvalue_compact_tree_editor.h"
#include <mvvm/model/application_model.h>             // for ApplicationModel
#include <mvvm/model/item_utils.h>                    // for CloneItem
#include <mvvm/model/model_utils.h>                   // for GetTopItem
#include <mvvm/model/session_item.h>                  // for SessionItem
#include <mvvm/model/tagindex.h>                      // for TagIndex
#include <mvvm/style/mvvm_style_helper.h>             // for UnitSize
#include <mvvm/utils/container_utils.h>               // for CastItems
#include <mvvm/viewmodel/property_viewmodel.h>        // for PropertyViewModel
#include <mvvm/views/component_provider_helper.h>     // for CreateProvider
#include <mvvm/views/item_view_component_provider.h>  // for ItemViewCompone...
#include <qstring.h>                                  // for QString, operator+
#include <sup/gui/model/anyvalue_item.h>              // for AnyValueItem
#include <sup/gui/widgets/custom_header_view.h>       // for CustomHeaderView
#include <QHBoxLayout>                                // for QVBoxLayout
#include <QLabel>                                     // for QLabel
#include <QTreeView>                                  // for QTreeView
class QWidget;
---


(/home/pospelov/development/iter/projects/sequencer-gui/src/lib/oac-tree-gui-views/oac_tree_gui/views/editors/anyvalue_editor_dialog_factory.h has correct #includes/fwd-decls)

/home/pospelov/development/iter/projects/sequencer-gui/src/lib/oac-tree-gui-views/oac_tree_gui/views/editors/anyvalue_editor_dialog_factory.cpp should add these lines:
#include <qdialog.h>                                              // for QDi...
#include <utility>                                                // for move
#include "oac_tree_gui/components/anyvalue_dialog_result.h"       // for Any...

/home/pospelov/development/iter/projects/sequencer-gui/src/lib/oac-tree-gui-views/oac_tree_gui/views/editors/anyvalue_editor_dialog_factory.cpp should remove these lines:

The full include-list for /home/pospelov/development/iter/projects/sequencer-gui/src/lib/oac-tree-gui-views/oac_tree_gui/views/editors/anyvalue_editor_dialog_factory.cpp:
#include "anyvalue_editor_dialog_factory.h"
#include <qdialog.h>                                              // for QDi...
#include <sup/gui/model/anyvalue_item.h>                          // for Any...
#include <sup/gui/views/anyvalueeditor/anyvalue_editor.h>         // for Any...
#include <sup/gui/views/anyvalueeditor/anyvalue_editor_dialog.h>  // for Any...
#include <utility>                                                // for move
#include "anyvalue_compact_scalar_editor.h"                       // for Any...
#include "anyvalue_compact_tree_editor.h"                         // for Any...
#include "oac_tree_gui/components/anyvalue_dialog_result.h"       // for Any...
---


(/home/pospelov/development/iter/projects/sequencer-gui/src/lib/oac-tree-gui-views/oac_tree_gui/views/editors/user_input_dialogs.h has correct #includes/fwd-decls)

/home/pospelov/development/iter/projects/sequencer-gui/src/lib/oac-tree-gui-views/oac_tree_gui/views/editors/user_input_dialogs.cpp should add these lines:
#include <qcontainerfwd.h>                                        // for QSt...
#include <qdialog.h>                                              // for QDi...
#include <qlist.h>                                                // for QList
#include <qminmax.h>                                              // for qMax
#include <qstring.h>                                              // for QSt...
#include <qswap.h>                                                // for qt_...
#include <sup/dto/anyvalue.h>                                     // for Any...
#include <functional>                                             // for fun...
#include <memory>                                                 // for uni...
#include <string>                                                 // for bas...
#include <vector>                                                 // for vector
#include "oac_tree_gui/jobsystem/request_types.h"                 // for Use...
#include "oac_tree_gui/jobsystem/user_context.h"                  // for Use...

/home/pospelov/development/iter/projects/sequencer-gui/src/lib/oac-tree-gui-views/oac_tree_gui/views/editors/user_input_dialogs.cpp should remove these lines:
- #include <oac_tree_gui/components/anyvalue_dialog_result.h>  // lines 25-25
- #include <sup/oac-tree/constants.h>  // lines 35-35

The full include-list for /home/pospelov/development/iter/projects/sequencer-gui/src/lib/oac-tree-gui-views/oac_tree_gui/views/editors/user_input_dialogs.cpp:
#include "user_input_dialogs.h"
#include <mvvm/widgets/widget_utils.h>                            // for Fin...
#include <oac_tree_gui/core/exceptions.h>                         // for Run...
#include <oac_tree_gui/domain/domain_helper.h>                    // for Get...
#include <qcontainerfwd.h>                                        // for QSt...
#include <qdialog.h>                                              // for QDi...
#include <qlist.h>                                                // for QList
#include <qminmax.h>                                              // for qMax
#include <qstring.h>                                              // for QSt...
#include <qswap.h>                                                // for qt_...
#include <sup/dto/anyvalue.h>                                     // for Any...
#include <sup/gui/model/anyvalue_conversion_utils.h>              // for Cre...
#include <sup/gui/model/anyvalue_item.h>                          // for Any...
#include <sup/gui/views/anyvalueeditor/anyvalue_editor_dialog.h>  // for Any...
#include <QInputDialog>                                           // for QIn...
#include <QMainWindow>                                            // for QMa...
#include <QMessageBox>                                            // for QMe...
#include <QPushButton>                                            // for QPu...
#include <functional>                                             // for fun...
#include <memory>                                                 // for uni...
#include <string>                                                 // for bas...
#include <vector>                                                 // for vector
#include "anyvalue_editor_dialog_factory.h"                       // for Cre...
#include "oac_tree_gui/jobsystem/request_types.h"                 // for Use...
#include "oac_tree_gui/jobsystem/user_context.h"                  // for Use...
---


/home/pospelov/development/iter/projects/sequencer-gui/src/lib/oac-tree-gui-views/oac_tree_gui/views/nodeeditor/node_editor_navigation_toolbar.h should add these lines:
#include <qmenu.h>                                                // for QMenu
#include <qtmetamacros.h>                                         // for Q_O...
#include <cstdint>                                                // for uin...
#include <memory>                                                 // for uni...
class QWidget;

/home/pospelov/development/iter/projects/sequencer-gui/src/lib/oac-tree-gui-views/oac_tree_gui/views/nodeeditor/node_editor_navigation_toolbar.h should remove these lines:
- class QMenu;  // lines 32-32

The full include-list for /home/pospelov/development/iter/projects/sequencer-gui/src/lib/oac-tree-gui-views/oac_tree_gui/views/nodeeditor/node_editor_navigation_toolbar.h:
#include <oac_tree_gui/views/nodeeditor/zoom_factor_converter.h>  // for Zoo...
#include <qmenu.h>                                                // for QMenu
#include <qtmetamacros.h>                                         // for Q_O...
#include <sup/gui/components/action_map.h>                        // for Act...
#include <QToolBar>                                               // for QTo...
#include <cstdint>                                                // for uin...
#include <memory>                                                 // for uni...
class QAction;  // lines 31-31
class QSlider;  // lines 30-30
class QWidget;
namespace sup { namespace gui { class ActionMenu; } }  // lines 36-36
---

/home/pospelov/development/iter/projects/sequencer-gui/src/lib/oac-tree-gui-views/oac_tree_gui/views/nodeeditor/node_editor_navigation_toolbar.cpp should add these lines:
#include <QtCore/qobjectdefs.h>                                   // for Fun...
#include <qicon.h>                                                // for QIcon
#include <qnamespace.h>                                           // for Ori...
#include <qsizepolicy.h>                                          // for QSi...
#include <qstring.h>                                              // for QSt...
#include <qwidget.h>                                              // for QWi...
#include <stddef.h>                                               // for size_t
#include <map>                                                    // for map
#include <utility>                                                // for for...
#include <vector>                                                 // for vector
#include "oac_tree_gui/views/nodeeditor/zoom_factor_converter.h"  // for Zoo...

/home/pospelov/development/iter/projects/sequencer-gui/src/lib/oac-tree-gui-views/oac_tree_gui/views/nodeeditor/node_editor_navigation_toolbar.cpp should remove these lines:
- #include <oac_tree_gui/nodeeditor/scene_constants.h>  // lines 23-23
- #include <QMenu>  // lines 32-32

The full include-list for /home/pospelov/development/iter/projects/sequencer-gui/src/lib/oac-tree-gui-views/oac_tree_gui/views/nodeeditor/node_editor_navigation_toolbar.cpp:
#include "node_editor_navigation_toolbar.h"
#include <QtCore/qobjectdefs.h>                                   // for Fun...
#include <mvvm/style/mvvm_style_helper.h>                         // for Uni...
#include <oac_tree_gui/nodeeditor/scene_utils.h>                  // for Get...
#include <oac_tree_gui/style/style_helper.h>                      // for Fin...
#include <qicon.h>                                                // for QIcon
#include <qnamespace.h>                                           // for Ori...
#include <qsizepolicy.h>                                          // for QSi...
#include <qstring.h>                                              // for QSt...
#include <qwidget.h>                                              // for QWi...
#include <stddef.h>                                               // for size_t
#include <sup/gui/widgets/action_menu.h>                          // for Act...
#include <QAction>                                                // for QAc...
#include <QSlider>                                                // for QSl...
#include <map>                                                    // for map
#include <utility>                                                // for for...
#include <vector>                                                 // for vector
#include "oac_tree_gui/views/nodeeditor/zoom_factor_converter.h"  // for Zoo...
---


/home/pospelov/development/iter/projects/sequencer-gui/src/lib/oac-tree-gui-views/oac_tree_gui/views/nodeeditor/node_editor_widget.h should add these lines:
#include <qtmetamacros.h>  // for Q_OBJECT, signals
#include <memory>          // for unique_ptr
#include <vector>          // for vector
namespace oac_tree_gui { enum class NodeEditorMode : std::uint8_t; }

/home/pospelov/development/iter/projects/sequencer-gui/src/lib/oac-tree-gui-views/oac_tree_gui/views/nodeeditor/node_editor_widget.h should remove these lines:
- #include <oac_tree_gui/model/component_types.h>  // lines 24-24
- #include <sup/gui/core/i_message_handler.h>  // lines 26-26
- class QKeyEvent;  // lines 30-30
- namespace mvvm { class ApplicationModel; }  // lines 40-40

The full include-list for /home/pospelov/development/iter/projects/sequencer-gui/src/lib/oac-tree-gui-views/oac_tree_gui/views/nodeeditor/node_editor_widget.h:
#include <qtmetamacros.h>  // for Q_OBJECT, signals
#include <QWidget>         // for QWidget
#include <memory>          // for unique_ptr
#include <vector>          // for vector
namespace oac_tree_gui { class GraphicsSceneComponentProvider; }  // lines 52-52
namespace oac_tree_gui { class InstructionItem; }  // lines 48-48
namespace oac_tree_gui { class NodeEditorNavigationToolBar; }  // lines 51-51
namespace oac_tree_gui { class NodeGraphicsScene; }  // lines 47-47
namespace oac_tree_gui { class NodeGraphicsView; }  // lines 46-46
namespace oac_tree_gui { class NodeGraphicsViewActions; }  // lines 49-49
namespace oac_tree_gui { class ProcedureItem; }  // lines 50-50
namespace oac_tree_gui { enum class NodeEditorMode : std::uint8_t; }
namespace sup { namespace gui { class IMessageHandler; } }  // lines 34-34
namespace sup { namespace gui { class VisibilityAgentBase; } }  // lines 35-35
---

/home/pospelov/development/iter/projects/sequencer-gui/src/lib/oac-tree-gui-views/oac_tree_gui/views/nodeeditor/node_editor_widget.cpp should add these lines:
#include <QtCore/qobjectdefs.h>
#include <qlist.h>
#include <qrect.h>
#include <qstring.h>
#include <sup/gui/core/i_message_handler.h>
#include <chrono>
#include <optional>
#include <string>
#include <utility>
#include "oac_tree_gui/model/component_types.h"
#include "oac_tree_gui/nodeeditor/graphics_scene_types.h"
class QAction;

/home/pospelov/development/iter/projects/sequencer-gui/src/lib/oac-tree-gui-views/oac_tree_gui/views/nodeeditor/node_editor_widget.cpp should remove these lines:
- #include <mvvm/model/application_model.h>  // lines 40-40
- #include <mvvm/nodeeditor/i_node_port.h>  // lines 43-43
- #include <oac_tree_gui/domain/domain_object_group_helper.h>  // lines 27-27
- #include <oac_tree_gui/model/sequencer_model.h>  // lines 31-31
- #include <QWidgetAction>  // lines 47-47

The full include-list for /home/pospelov/development/iter/projects/sequencer-gui/src/lib/oac-tree-gui-views/oac_tree_gui/views/nodeeditor/node_editor_widget.cpp:
#include "node_editor_widget.h"
#include <QtCore/qobjectdefs.h>
#include <mvvm/nodeeditor/connectable_shape.h>
#include <mvvm/nodeeditor/graphics_scene_helper.h>
#include <oac_tree_gui/model/instruction_container_item.h>
#include <oac_tree_gui/model/instruction_item.h>
#include <oac_tree_gui/model/procedure_item.h>
#include <oac_tree_gui/nodeeditor/objects/graphics_scene_component_provider.h>
#include <oac_tree_gui/nodeeditor/objects/node_graphics_scene.h>
#include <oac_tree_gui/nodeeditor/scene_utils.h>
#include <oac_tree_gui/nodeeditor/sequencer_align_utils.h>
#include <qlist.h>
#include <qrect.h>
#include <qstring.h>
#include <sup/gui/core/i_message_handler.h>
#include <sup/gui/widgets/message_handler_factory.h>
#include <sup/gui/widgets/visibility_agent_base.h>
#include <QPointF>
#include <QVBoxLayout>
#include <chrono>
#include <optional>
#include <string>
#include <utility>
#include "node_editor_navigation_toolbar.h"
#include "node_graphics_view.h"
#include "node_graphics_view_actions.h"
#include "oac_tree_gui/model/component_types.h"
#include "oac_tree_gui/nodeeditor/graphics_scene_types.h"
class QAction;
---

In file included from /home/pospelov/development/iter/projects/sequencer-gui/src/lib/oac-tree-gui-views/oac_tree_gui/views/nodeeditor/node_graphics_view.cpp:26:
In file included from /home/pospelov/development/iter/projects/sequencer-gui/src/lib/oac-tree-gui-components/oac_tree_gui/style/style_helper.h:24:
/home/pospelov/development/iter/projects/sequencer-gui/src/lib/oac-tree-gui-components/oac_tree_gui/style/json_style_factory.h:32:1: warning: class 'GraphicsViewStyle' was previously declared as a struct; this is valid, but may result in linker errors under the Microsoft C++ ABI [-Wmismatched-tags]
   32 | class GraphicsViewStyle;
      | ^
/home/pospelov/development/iter/projects/sequencer-gui/src/lib/oac-tree-gui-components/oac_tree_gui/style/graphics_view_style.h:38:8: note: previous use is here
   38 | struct GraphicsViewStyle
      |        ^
/home/pospelov/development/iter/projects/sequencer-gui/src/lib/oac-tree-gui-components/oac_tree_gui/style/json_style_factory.h:32:1: note: did you mean struct here?
   32 | class GraphicsViewStyle;
      | ^~~~~
      | struct

/home/pospelov/development/iter/projects/sequencer-gui/src/lib/oac-tree-gui-views/oac_tree_gui/views/nodeeditor/node_graphics_view.h should add these lines:
#include <qtmetamacros.h>                                  // for Q_OBJECT
class QPainter;
class QWidget;

/home/pospelov/development/iter/projects/sequencer-gui/src/lib/oac-tree-gui-views/oac_tree_gui/views/nodeeditor/node_graphics_view.h should remove these lines:
- class QKeyEvent;  // lines 29-29

The full include-list for /home/pospelov/development/iter/projects/sequencer-gui/src/lib/oac-tree-gui-views/oac_tree_gui/views/nodeeditor/node_graphics_view.h:
#include <oac_tree_gui/nodeeditor/graphics_scene_types.h>  // for GraphicsVi...
#include <oac_tree_gui/style/graphics_view_style.h>        // for GraphicsVi...
#include <qtmetamacros.h>                                  // for Q_OBJECT
#include <QGraphicsView>                                   // for QGraphicsView
class QGraphicsScene;  // lines 30-30
class QPainter;
class QWidget;
---

/home/pospelov/development/iter/projects/sequencer-gui/src/lib/oac-tree-gui-views/oac_tree_gui/views/nodeeditor/node_graphics_view.cpp should add these lines:
#include <qbrush.h>                                        // for QBrush
#include <qgraphicsscene.h>                                // for QGraphicsS...
#include <qline.h>                                         // for QLineF
#include <qlist.h>                                         // for QList
#include <qnamespace.h>                                    // for Key, Aspec...
#include <qpainter.h>                                      // for QPainter
#include <qpen.h>                                          // for QPen
#include <qpoint.h>                                        // for QPointF
#include <qrect.h>                                         // for QRect, QRectF
#include <qsizepolicy.h>                                   // for QSizePolicy
#include <qtransform.h>                                    // for QTransform
#include <cstdint>                                         // for int32_t
#include <map>                                             // for map, opera...
#include <string>                                          // for basic_string
#include <utility>                                         // for pair
#include "oac_tree_gui/nodeeditor/graphics_scene_types.h"  // for GraphicsVi...
#include "oac_tree_gui/style/graphics_view_style.h"        // for GraphicsVi...
class QWidget;

/home/pospelov/development/iter/projects/sequencer-gui/src/lib/oac-tree-gui-views/oac_tree_gui/views/nodeeditor/node_graphics_view.cpp should remove these lines:
- #include <mvvm/style/color_flavor.h>  // lines 28-28
- #include <QWheelEvent>  // lines 31-31

The full include-list for /home/pospelov/development/iter/projects/sequencer-gui/src/lib/oac-tree-gui-views/oac_tree_gui/views/nodeeditor/node_graphics_view.cpp:
#include "node_graphics_view.h"
#include <oac_tree_gui/core/exceptions.h>                  // for RuntimeExc...
#include <oac_tree_gui/nodeeditor/scene_constants.h>       // for kWheelDefa...
#include <oac_tree_gui/nodeeditor/scene_utils.h>           // for GetGraphic...
#include <oac_tree_gui/style/style_helper.h>               // for CreateStyl...
#include <qbrush.h>                                        // for QBrush
#include <qgraphicsscene.h>                                // for QGraphicsS...
#include <qline.h>                                         // for QLineF
#include <qlist.h>                                         // for QList
#include <qnamespace.h>                                    // for Key, Aspec...
#include <qpainter.h>                                      // for QPainter
#include <qpen.h>                                          // for QPen
#include <qpoint.h>                                        // for QPointF
#include <qrect.h>                                         // for QRect, QRectF
#include <qsizepolicy.h>                                   // for QSizePolicy
#include <qtransform.h>                                    // for QTransform
#include <QKeyEvent>                                       // for QKeyEvent
#include <cmath>                                           // for floor
#include <cstdint>                                         // for int32_t
#include <map>                                             // for map, opera...
#include <string>                                          // for basic_string
#include <utility>                                         // for pair
#include "oac_tree_gui/nodeeditor/graphics_scene_types.h"  // for GraphicsVi...
#include "oac_tree_gui/style/graphics_view_style.h"        // for GraphicsVi...
class QWidget;
---


/home/pospelov/development/iter/projects/sequencer-gui/src/lib/oac-tree-gui-views/oac_tree_gui/views/nodeeditor/node_graphics_view_actions.h should add these lines:
#include <qaction.h>                        // for QAction
#include <qlist.h>                          // for QList
#include <qtmetamacros.h>                   // for Q_OBJECT, signals
#include <cstdint>                          // for uint8_t
#include <vector>                           // for vector
class QWidget;
namespace oac_tree_gui { enum class GraphicsViewOperationMode : std::uint8_t; }

/home/pospelov/development/iter/projects/sequencer-gui/src/lib/oac-tree-gui-views/oac_tree_gui/views/nodeeditor/node_graphics_view_actions.h should remove these lines:
- #include <oac_tree_gui/nodeeditor/graphics_scene_types.h>  // lines 24-24
- class QToolBar;  // lines 31-31
- namespace sup { namespace gui { class ActionMenu; } }  // lines 39-39

The full include-list for /home/pospelov/development/iter/projects/sequencer-gui/src/lib/oac-tree-gui-views/oac_tree_gui/views/nodeeditor/node_graphics_view_actions.h:
#include <qaction.h>                        // for QAction
#include <qlist.h>                          // for QList
#include <qtmetamacros.h>                   // for Q_OBJECT, signals
#include <sup/gui/components/action_map.h>  // for ActionMap
#include <QObject>                          // for QObject
#include <cstdint>                          // for uint8_t
#include <memory>                           // for unique_ptr
#include <vector>                           // for vector
class QButtonGroup;  // lines 32-32
class QMenu;  // lines 34-34
class QToolButton;  // lines 33-33
class QWidget;
class QWidgetAction;  // lines 35-35
namespace oac_tree_gui { enum class GraphicsViewOperationMode : std::uint8_t; }
---

/home/pospelov/development/iter/projects/sequencer-gui/src/lib/oac-tree-gui-views/oac_tree_gui/views/nodeeditor/node_graphics_view_actions.cpp should add these lines:
#include <QtCore/qobjectdefs.h>                            // for FunctionPo...
#include <qabstractbutton.h>                               // for QAbstractB...
#include <qicon.h>                                         // for QIcon
#include <qminmax.h>                                       // for qMax
#include <qnamespace.h>                                    // for ToolButton...
#include <qswap.h>                                         // for qt_ptr_swap
#include <qtypeinfo.h>                                     // for QTypeInfo<...
#include <qwidget.h>                                       // for QWidget
#include <utility>                                         // for forward

/home/pospelov/development/iter/projects/sequencer-gui/src/lib/oac-tree-gui-views/oac_tree_gui/views/nodeeditor/node_graphics_view_actions.cpp should remove these lines:
- #include <mvvm/widgets/widget_utils.h>  // lines 29-29
- #include <oac_tree_gui/domain/domain_helper.h>  // lines 23-23
- #include <sup/gui/widgets/action_menu.h>  // lines 27-27
- #include <QMenu>  // lines 32-32

The full include-list for /home/pospelov/development/iter/projects/sequencer-gui/src/lib/oac-tree-gui-views/oac_tree_gui/views/nodeeditor/node_graphics_view_actions.cpp:
#include "node_graphics_view_actions.h"
#include <QtCore/qobjectdefs.h>                            // for FunctionPo...
#include <oac_tree_gui/nodeeditor/graphics_scene_types.h>  // for GraphicsVi...
#include <oac_tree_gui/style/style_helper.h>               // for FindIcon
#include <qabstractbutton.h>                               // for QAbstractB...
#include <qicon.h>                                         // for QIcon
#include <qminmax.h>                                       // for qMax
#include <qnamespace.h>                                    // for ToolButton...
#include <qswap.h>                                         // for qt_ptr_swap
#include <qtypeinfo.h>                                     // for QTypeInfo<...
#include <qwidget.h>                                       // for QWidget
#include <QButtonGroup>                                    // for QButtonGroup
#include <QToolButton>                                     // for QToolButton
#include <QWidgetAction>                                   // for QWidgetAction
#include <utility>                                         // for forward
---


/home/pospelov/development/iter/projects/sequencer-gui/src/lib/oac-tree-gui-views/oac_tree_gui/views/nodeeditor/zoom_factor_converter.h should add these lines:
#include <stddef.h>  // for size_t

/home/pospelov/development/iter/projects/sequencer-gui/src/lib/oac-tree-gui-views/oac_tree_gui/views/nodeeditor/zoom_factor_converter.h should remove these lines:

The full include-list for /home/pospelov/development/iter/projects/sequencer-gui/src/lib/oac-tree-gui-views/oac_tree_gui/views/nodeeditor/zoom_factor_converter.h:
#include <stddef.h>  // for size_t
#include <QString>   // for QString
#include <vector>    // for vector
---

/home/pospelov/development/iter/projects/sequencer-gui/src/lib/oac-tree-gui-views/oac_tree_gui/views/nodeeditor/zoom_factor_converter.cpp should add these lines:
#include <qchar.h>                         // for QChar
#include <iterator>                        // for distance, prev
#include <string>                          // for basic_string

/home/pospelov/development/iter/projects/sequencer-gui/src/lib/oac-tree-gui-views/oac_tree_gui/views/nodeeditor/zoom_factor_converter.cpp should remove these lines:
- #include <cmath>  // lines 26-26

The full include-list for /home/pospelov/development/iter/projects/sequencer-gui/src/lib/oac-tree-gui-views/oac_tree_gui/views/nodeeditor/zoom_factor_converter.cpp:
#include "zoom_factor_converter.h"
#include <oac_tree_gui/core/exceptions.h>  // for RuntimeException
#include <qchar.h>                         // for QChar
#include <algorithm>                       // for clamp, upper_bound
#include <iterator>                        // for distance, prev
#include <string>                          // for basic_string
---


(/home/pospelov/development/iter/projects/sequencer-gui/out/build/terminal/test/libtest-utils/oac-tree-gui-test-utils_autogen/mocs_compilation.cpp has correct #includes/fwd-decls)


(/home/pospelov/development/iter/projects/sequencer-gui/test/libtest-utils/testutils/cmake_info.h has correct #includes/fwd-decls)

(/home/pospelov/development/iter/projects/sequencer-gui/test/libtest-utils/testutils/cmake_info.cpp has correct #includes/fwd-decls)


/home/pospelov/development/iter/projects/sequencer-gui/test/libtest-utils/testutils/folder_test.h should add these lines:
#include <string>                                // for string

/home/pospelov/development/iter/projects/sequencer-gui/test/libtest-utils/testutils/folder_test.h should remove these lines:
- #include <testutils/cmake_info.h>  // lines 26-26

The full include-list for /home/pospelov/development/iter/projects/sequencer-gui/test/libtest-utils/testutils/folder_test.h:
#include <mvvm/test/folder_output_based_test.h>  // for FolderOutputBasedTest
#include <string>                                // for string
---

/home/pospelov/development/iter/projects/sequencer-gui/test/libtest-utils/testutils/folder_test.cpp should add these lines:
#include <utility>       // for move

/home/pospelov/development/iter/projects/sequencer-gui/test/libtest-utils/testutils/folder_test.cpp should remove these lines:

The full include-list for /home/pospelov/development/iter/projects/sequencer-gui/test/libtest-utils/testutils/folder_test.cpp:
#include "folder_test.h"
#include <utility>       // for move
#include "cmake_info.h"  // for TestOutputDir
---


/home/pospelov/development/iter/projects/sequencer-gui/test/libtest-utils/testutils/init_tests.h should add these lines:

/home/pospelov/development/iter/projects/sequencer-gui/test/libtest-utils/testutils/init_tests.h should remove these lines:
- #include <gmock/gmock.h>  // lines 27-27
- #include <gtest/gtest.h>  // lines 28-28

The full include-list for /home/pospelov/development/iter/projects/sequencer-gui/test/libtest-utils/testutils/init_tests.h:
---

/home/pospelov/development/iter/projects/sequencer-gui/test/libtest-utils/testutils/init_tests.cpp should add these lines:
#include <gmock/gmock.h>                                // for InitGoogleMock
#include <gtest/gtest.h>                                // for InitGoogleTest
#include <string>                                       // for basic_string
#include "oac_tree_gui/components/custom_meta_types.h"  // for RegisterCusto...

/home/pospelov/development/iter/projects/sequencer-gui/test/libtest-utils/testutils/init_tests.cpp should remove these lines:

The full include-list for /home/pospelov/development/iter/projects/sequencer-gui/test/libtest-utils/testutils/init_tests.cpp:
#include "init_tests.h"
#include <gmock/gmock.h>                                // for InitGoogleMock
#include <gtest/gtest.h>                                // for InitGoogleTest
#include <oac_tree_gui/components/load_resources.h>     // for LoadOacTreeItems
#include <oac_tree_gui/domain/domain_helper.h>          // for GetBasicPlugi...
#include <oac_tree_gui/domain/domain_library_loader.h>  // for DomainLibrary...
#include <string>                                       // for basic_string
#include "oac_tree_gui/components/custom_meta_types.h"  // for RegisterCusto...
---


/home/pospelov/development/iter/projects/sequencer-gui/test/libtest-utils/testutils/mock_automation_client.h should add these lines:
#include <cstddef>                                                // for size_t
#include <cstdint>                                                // for uin...
#include <memory>                                                 // for uni...
#include <string>                                                 // for bas...
#include "gtest/gtest.h"                                          // for Uni...
#include "oac_tree_gui/jobsystem/objects/abstract_job_handler.h"  // for Abs...
namespace oac_tree_gui { class RemoteJobItem; }
namespace oac_tree_gui { struct UserContext; }

/home/pospelov/development/iter/projects/sequencer-gui/test/libtest-utils/testutils/mock_automation_client.h should remove these lines:

The full include-list for /home/pospelov/development/iter/projects/sequencer-gui/test/libtest-utils/testutils/mock_automation_client.h:
#include <gmock/gmock.h>                                          // for GMO...
#include <oac_tree_gui/jobsystem/i_automation_client.h>           // for IAu...
#include <cstddef>                                                // for size_t
#include <cstdint>                                                // for uin...
#include <functional>                                             // for fun...
#include <memory>                                                 // for uni...
#include <string>                                                 // for bas...
#include "gtest/gtest.h"                                          // for Uni...
#include "oac_tree_gui/jobsystem/objects/abstract_job_handler.h"  // for Abs...
namespace oac_tree_gui { class RemoteJobItem; }
namespace oac_tree_gui { struct UserContext; }
---

/home/pospelov/development/iter/projects/sequencer-gui/test/libtest-utils/testutils/mock_automation_client.cpp should add these lines:
#include "oac_tree_gui/jobsystem/i_automation_client.h"           // for IAu...

/home/pospelov/development/iter/projects/sequencer-gui/test/libtest-utils/testutils/mock_automation_client.cpp should remove these lines:

The full include-list for /home/pospelov/development/iter/projects/sequencer-gui/test/libtest-utils/testutils/mock_automation_client.cpp:
#include "mock_automation_client.h"
#include <oac_tree_gui/jobsystem/objects/abstract_job_handler.h>  // for Abs...
#include "oac_tree_gui/jobsystem/i_automation_client.h"           // for IAu...
---


/home/pospelov/development/iter/projects/sequencer-gui/test/libtest-utils/testutils/mock_instruction_editor_context.h should add these lines:
#include <mvvm/model/session_item.h>                           // for Sessio...
#include <qmimedata.h>                                         // for QMimeData
#include <sup/gui/core/message_event.h>                        // for Messag...
#include <sup/gui/model/anyvalue_item.h>                       // for AnyVal...
#include <vector>                                              // for vector
#include "gtest/gtest.h"                                       // for Univer...
namespace oac_tree_gui { class InstructionContainerItem; }
namespace oac_tree_gui { class InstructionItem; }

/home/pospelov/development/iter/projects/sequencer-gui/test/libtest-utils/testutils/mock_instruction_editor_context.h should remove these lines:

The full include-list for /home/pospelov/development/iter/projects/sequencer-gui/test/libtest-utils/testutils/mock_instruction_editor_context.h:
#include <gmock/gmock.h>                                       // for GMOCK_...
#include <mvvm/model/session_item.h>                           // for Sessio...
#include <oac_tree_gui/components/anyvalue_dialog_result.h>    // for AnyVal...
#include <oac_tree_gui/composer/instruction_editor_context.h>  // for Instru...
#include <qmimedata.h>                                         // for QMimeData
#include <sup/gui/core/message_event.h>                        // for Messag...
#include <sup/gui/model/anyvalue_item.h>                       // for AnyVal...
#include <memory>                                              // for unique...
#include <vector>                                              // for vector
#include "gtest/gtest.h"                                       // for Univer...
namespace oac_tree_gui { class InstructionContainerItem; }
namespace oac_tree_gui { class InstructionEditorActionHandler; }  // lines 33-33
namespace oac_tree_gui { class InstructionItem; }
---

/home/pospelov/development/iter/projects/sequencer-gui/test/libtest-utils/testutils/mock_instruction_editor_context.cpp should add these lines:
#include <functional>
#include <string>
#include <utility>
#include "oac_tree_gui/components/anyvalue_dialog_result.h"
#include "oac_tree_gui/composer/instruction_editor_context.h"
namespace oac_tree_gui { class InstructionContainerItem; }

/home/pospelov/development/iter/projects/sequencer-gui/test/libtest-utils/testutils/mock_instruction_editor_context.cpp should remove these lines:
- #include <oac_tree_gui/domain/domain_object_group_helper.h>  // lines 24-24
- #include <oac_tree_gui/model/instruction_container_item.h>  // lines 25-25
- #include <testutils/sequencer_test_utils.h>  // lines 31-31
- #include <QMimeData>  // lines 33-33

The full include-list for /home/pospelov/development/iter/projects/sequencer-gui/test/libtest-utils/testutils/mock_instruction_editor_context.cpp:
#include "mock_instruction_editor_context.h"
#include <oac_tree_gui/composer/instruction_editor_action_handler.h>
#include <oac_tree_gui/model/instruction_item.h>
#include <oac_tree_gui/model/item_factory.h>
#include <sup/gui/model/anyvalue_item.h>
#include <functional>
#include <string>
#include <utility>
#include "oac_tree_gui/components/anyvalue_dialog_result.h"
#include "oac_tree_gui/composer/instruction_editor_context.h"
namespace oac_tree_gui { class InstructionContainerItem; }
---


/home/pospelov/development/iter/projects/sequencer-gui/test/libtest-utils/testutils/mock_job_handler.h should add these lines:
#include "gtest/gtest.h"                           // for UniversalPrint
#include "oac_tree_gui/model/runner_status.h"      // for RunnerStatus
namespace oac_tree_gui { class InstructionItem; }
namespace oac_tree_gui { class JobLog; }
namespace oac_tree_gui { class ProcedureItem; }

/home/pospelov/development/iter/projects/sequencer-gui/test/libtest-utils/testutils/mock_job_handler.h should remove these lines:

The full include-list for /home/pospelov/development/iter/projects/sequencer-gui/test/libtest-utils/testutils/mock_job_handler.h:
#include <gmock/gmock.h>                           // for GMOCK_PP_INTERNAL_...
#include <oac_tree_gui/jobsystem/i_job_handler.h>  // for IJobHandler, Instr...
#include "gtest/gtest.h"                           // for UniversalPrint
#include "oac_tree_gui/model/runner_status.h"      // for RunnerStatus
namespace oac_tree_gui { class InstructionItem; }
namespace oac_tree_gui { class JobItem; }  // lines 31-31
namespace oac_tree_gui { class JobLog; }
namespace oac_tree_gui { class ProcedureItem; }
---

(/home/pospelov/development/iter/projects/sequencer-gui/test/libtest-utils/testutils/mock_job_handler.cpp has correct #includes/fwd-decls)


/home/pospelov/development/iter/projects/sequencer-gui/test/libtest-utils/testutils/mock_operation_action_context.h should add these lines:
#include <sup/gui/core/message_event.h>                       // for Message...
#include <optional>                                           // for optional
#include "gtest/gtest.h"                                      // for Univers...
namespace oac_tree_gui { class JobItem; }

/home/pospelov/development/iter/projects/sequencer-gui/test/libtest-utils/testutils/mock_operation_action_context.h should remove these lines:

The full include-list for /home/pospelov/development/iter/projects/sequencer-gui/test/libtest-utils/testutils/mock_operation_action_context.h:
#include <gmock/gmock.h>                                      // for GMOCK_P...
#include <oac_tree_gui/jobsystem/remote_connection_info.h>    // for RemoteC...
#include <oac_tree_gui/operation/operation_action_context.h>  // for Operati...
#include <sup/gui/core/message_event.h>                       // for Message...
#include <optional>                                           // for optional
#include "gtest/gtest.h"                                      // for Univers...
namespace oac_tree_gui { class JobItem; }
---

/home/pospelov/development/iter/projects/sequencer-gui/test/libtest-utils/testutils/mock_operation_action_context.cpp should add these lines:
#include <functional>                                         // for function
#include "oac_tree_gui/jobsystem/remote_connection_info.h"    // for RemoteC...
#include "oac_tree_gui/operation/operation_action_context.h"  // for Operati...

/home/pospelov/development/iter/projects/sequencer-gui/test/libtest-utils/testutils/mock_operation_action_context.cpp should remove these lines:

The full include-list for /home/pospelov/development/iter/projects/sequencer-gui/test/libtest-utils/testutils/mock_operation_action_context.cpp:
#include "mock_operation_action_context.h"
#include <functional>                                         // for function
#include "oac_tree_gui/jobsystem/remote_connection_info.h"    // for RemoteC...
#include "oac_tree_gui/operation/operation_action_context.h"  // for Operati...
---


/home/pospelov/development/iter/projects/sequencer-gui/test/libtest-utils/testutils/mock_workspace_editor_context.h should add these lines:
#include <mvvm/model/session_item.h>                         // for SessionItem
#include <qmimedata.h>                                       // for QMimeData
#include <sup/gui/core/message_event.h>                      // for MessageE...
#include <sup/gui/model/anyvalue_item.h>                     // for AnyValue...
#include <vector>                                            // for vector
#include "gtest/gtest.h"                                     // for Universa...
namespace oac_tree_gui { class WorkspaceItem; }

/home/pospelov/development/iter/projects/sequencer-gui/test/libtest-utils/testutils/mock_workspace_editor_context.h should remove these lines:

The full include-list for /home/pospelov/development/iter/projects/sequencer-gui/test/libtest-utils/testutils/mock_workspace_editor_context.h:
#include <gmock/gmock.h>                                     // for GMOCK_PP...
#include <mvvm/model/session_item.h>                         // for SessionItem
#include <oac_tree_gui/components/anyvalue_dialog_result.h>  // for AnyValue...
#include <oac_tree_gui/composer/workspace_editor_context.h>  // for Workspac...
#include <qmimedata.h>                                       // for QMimeData
#include <sup/gui/core/message_event.h>                      // for MessageE...
#include <sup/gui/model/anyvalue_item.h>                     // for AnyValue...
#include <memory>                                            // for unique_ptr
#include <vector>                                            // for vector
#include "gtest/gtest.h"                                     // for Universa...
namespace oac_tree_gui { class WorkspaceEditorActionHandler; }  // lines 33-33
namespace oac_tree_gui { class WorkspaceItem; }
---

/home/pospelov/development/iter/projects/sequencer-gui/test/libtest-utils/testutils/mock_workspace_editor_context.cpp should add these lines:
#include <functional>
#include <utility>                                                  // for move
#include "oac_tree_gui/components/anyvalue_dialog_result.h"
#include "oac_tree_gui/composer/workspace_editor_context.h"
namespace oac_tree_gui { class WorkspaceItem; }

/home/pospelov/development/iter/projects/sequencer-gui/test/libtest-utils/testutils/mock_workspace_editor_context.cpp should remove these lines:
- #include <oac_tree_gui/domain/domain_object_group_helper.h>  // lines 24-24
- #include <QMimeData>  // lines 28-28

The full include-list for /home/pospelov/development/iter/projects/sequencer-gui/test/libtest-utils/testutils/mock_workspace_editor_context.cpp:
#include "mock_workspace_editor_context.h"
#include <oac_tree_gui/composer/workspace_editor_action_handler.h>
#include <sup/gui/model/anyvalue_item.h>
#include <functional>
#include <utility>                                                  // for move
#include "oac_tree_gui/components/anyvalue_dialog_result.h"
#include "oac_tree_gui/composer/workspace_editor_context.h"
namespace oac_tree_gui { class WorkspaceItem; }
---


/home/pospelov/development/iter/projects/sequencer-gui/test/libtest-utils/testutils/sequencer_test_utils.h should add these lines:
#include <sup/dto/anyvalue.h>                         // for AnyValue
#include <sup/dto/basic_scalar_types.h>               // for uint32
#include <sup/oac-tree/job_info.h>                    // for JobInfo
#include <utility>                                    // for pair

/home/pospelov/development/iter/projects/sequencer-gui/test/libtest-utils/testutils/sequencer_test_utils.h should remove these lines:

The full include-list for /home/pospelov/development/iter/projects/sequencer-gui/test/libtest-utils/testutils/sequencer_test_utils.h:
#include <oac_tree_gui/domain/sequencer_types_fwd.h>  // for variable_t
#include <sup/dto/anyvalue.h>                         // for AnyValue
#include <sup/dto/basic_scalar_types.h>               // for uint32
#include <sup/oac-tree/job_info.h>                    // for JobInfo
#include <memory>                                     // for unique_ptr
#include <string>                                     // for string
#include <utility>                                    // for pair
#include <vector>                                     // for vector
namespace mvvm { class ISessionModel; }  // lines 35-35
namespace oac_tree_gui { class InstructionItem; }  // lines 43-43
namespace oac_tree_gui { class VariableInfoItem; }  // lines 42-42
namespace oac_tree_gui { class VariableItem; }  // lines 41-41
---

/home/pospelov/development/iter/projects/sequencer-gui/test/libtest-utils/testutils/sequencer_test_utils.cpp should add these lines:
#include <sup/oac-tree/procedure.h>                        // for Procedure
#include <sup/oac-tree/variable.h>                         // for Variable
#include "oac_tree_gui/domain/sequencer_types_fwd.h"       // for variable_t

/home/pospelov/development/iter/projects/sequencer-gui/test/libtest-utils/testutils/sequencer_test_utils.cpp should remove these lines:
- #include <oac_tree_gui/domain/domain_object_group_helper.h>  // lines 26-26
- #include <sup/oac-tree/workspace.h>  // lines 41-41

The full include-list for /home/pospelov/development/iter/projects/sequencer-gui/test/libtest-utils/testutils/sequencer_test_utils.cpp:
#include "sequencer_test_utils.h"
#include <mvvm/model/model_utils.h>                        // for FindItems
#include <oac_tree_gui/domain/domain_automation_helper.h>  // for CreateVari...
#include <oac_tree_gui/domain/domain_constants.h>          // for kChannelAc...
#include <oac_tree_gui/domain/domain_helper.h>             // for CreateDoma...
#include <oac_tree_gui/model/instruction_item.h>           // for Instructio...
#include <oac_tree_gui/model/variable_info_item.h>         // for VariableIn...
#include <oac_tree_gui/model/variable_item.h>              // for VariableItem
#include <sup/dto/anyvalue.h>                              // for AnyValue
#include <sup/gui/model/anyvalue_conversion_utils.h>       // for CreateAnyV...
#include <sup/gui/model/anyvalue_utils.h>                  // for AnyTypeToJ...
#include <sup/oac-tree/instruction_map.h>                  // for Instructio...
#include <sup/oac-tree/job_info.h>                         // for JobInfo
#include <sup/oac-tree/job_info_utils.h>                   // for CreateJobInfo
#include <sup/oac-tree/procedure.h>                        // for Procedure
#include <sup/oac-tree/sequence_parser.h>                  // for ParseProce...
#include <sup/oac-tree/variable.h>                         // for Variable
#include <testutils/test_utils.h>                          // for CreateProc...
#include "oac_tree_gui/domain/sequencer_types_fwd.h"       // for variable_t
---


/home/pospelov/development/iter/projects/sequencer-gui/test/libtest-utils/testutils/standard_procedure_items.h should add these lines:
#include <sup/dto/anyvalue.h>  // for AnyValue
#include <string>              // for string

/home/pospelov/development/iter/projects/sequencer-gui/test/libtest-utils/testutils/standard_procedure_items.h should remove these lines:
- #include <oac_tree_gui/domain/sequencer_types_fwd.h>  // lines 27-27

The full include-list for /home/pospelov/development/iter/projects/sequencer-gui/test/libtest-utils/testutils/standard_procedure_items.h:
#include <sup/dto/anyvalue.h>  // for AnyValue
#include <chrono>              // for milliseconds
#include <memory>              // for unique_ptr
#include <string>              // for string
namespace oac_tree_gui { class ProcedureItem; }  // lines 35-35
namespace oac_tree_gui { class SequencerModel; }  // lines 36-36
---

/home/pospelov/development/iter/projects/sequencer-gui/test/libtest-utils/testutils/standard_procedure_items.cpp should add these lines:
#include <mvvm/model/session_item.h>
#include <mvvm/model/tagindex.h>
#include <sup/dto/anytype.h>
#include <utility>                                                  // for move
#include "oac_tree_gui/domain/domain_constants.h"
#include "oac_tree_gui/model/instruction_item.h"

/home/pospelov/development/iter/projects/sequencer-gui/test/libtest-utils/testutils/standard_procedure_items.cpp should remove these lines:

The full include-list for /home/pospelov/development/iter/projects/sequencer-gui/test/libtest-utils/testutils/standard_procedure_items.cpp:
#include "standard_procedure_items.h"
#include <mvvm/model/session_item.h>
#include <mvvm/model/tagindex.h>
#include <mvvm/standarditems/container_item.h>
#include <oac_tree_gui/model/instruction_container_item.h>
#include <oac_tree_gui/model/procedure_item.h>
#include <oac_tree_gui/model/sequencer_model.h>
#include <oac_tree_gui/model/standard_instruction_items.h>
#include <oac_tree_gui/model/standard_variable_items.h>
#include <oac_tree_gui/model/universal_instruction_item.h>
#include <oac_tree_gui/model/universal_item_helper.h>
#include <oac_tree_gui/model/workspace_item.h>
#include <oac_tree_gui/transform/anyvalue_item_transform_helper.h>
#include <sup/dto/anytype.h>
#include <sup/dto/anyvalue.h>
#include <utility>                                                  // for move
#include "oac_tree_gui/domain/domain_constants.h"
#include "oac_tree_gui/model/instruction_item.h"
#include "test_utils.h"
---


/home/pospelov/development/iter/projects/sequencer-gui/test/libtest-utils/testutils/standard_procedures.h should add these lines:
#include <string>                                     // for string

/home/pospelov/development/iter/projects/sequencer-gui/test/libtest-utils/testutils/standard_procedures.h should remove these lines:

The full include-list for /home/pospelov/development/iter/projects/sequencer-gui/test/libtest-utils/testutils/standard_procedures.h:
#include <oac_tree_gui/domain/sequencer_types_fwd.h>  // for procedure_t
#include <chrono>                                     // for milliseconds
#include <memory>                                     // for unique_ptr
#include <string>                                     // for string
---

/home/pospelov/development/iter/projects/sequencer-gui/test/libtest-utils/testutils/standard_procedures.cpp should add these lines:
#include <utility>                                    // for move
#include "oac_tree_gui/domain/sequencer_types_fwd.h"  // for procedure_t

/home/pospelov/development/iter/projects/sequencer-gui/test/libtest-utils/testutils/standard_procedures.cpp should remove these lines:
- #include <sup/oac-tree/execution_status.h>  // lines 28-28

The full include-list for /home/pospelov/development/iter/projects/sequencer-gui/test/libtest-utils/testutils/standard_procedures.cpp:
#include "standard_procedures.h"
#include <oac_tree_gui/domain/domain_constants.h>     // for kNameAttribute
#include <oac_tree_gui/domain/domain_helper.h>        // for CreateDomainIns...
#include <sup/oac-tree/instruction.h>                 // for Instruction
#include <sup/oac-tree/procedure.h>                   // for Procedure
#include <sup/oac-tree/sequence_parser.h>             // for ParseProcedureS...
#include <sup/oac-tree/variable.h>                    // for Variable
#include <utility>                                    // for move
#include "oac_tree_gui/domain/sequencer_types_fwd.h"  // for procedure_t
#include "test_utils.h"                               // for GetTimeoutInSec
---


(/home/pospelov/development/iter/projects/sequencer-gui/test/libtest-utils/testutils/test_node_editor_helper.h has correct #includes/fwd-decls)

/home/pospelov/development/iter/projects/sequencer-gui/test/libtest-utils/testutils/test_node_editor_helper.cpp should add these lines:
#include <mvvm/nodeeditor/node_editor_types.h>      // for PortDirection
#include <mvvm/utils/container_utils.h>             // for CastItems
#include <string>                                   // for basic_string

/home/pospelov/development/iter/projects/sequencer-gui/test/libtest-utils/testutils/test_node_editor_helper.cpp should remove these lines:

The full include-list for /home/pospelov/development/iter/projects/sequencer-gui/test/libtest-utils/testutils/test_node_editor_helper.cpp:
#include "test_node_editor_helper.h"
#include <mvvm/nodeeditor/connectable_shape.h>      // for ConnectableShape
#include <mvvm/nodeeditor/graphics_scene_helper.h>  // for GetShapes, GetUnd...
#include <mvvm/nodeeditor/i_node_port.h>            // for INodePort
#include <mvvm/nodeeditor/node_editor_types.h>      // for PortDirection
#include <mvvm/nodeeditor/node_port_shape.h>        // for NodePortShape
#include <mvvm/utils/container_utils.h>             // for CastItems
#include <oac_tree_gui/core/exceptions.h>           // for RuntimeException
#include <oac_tree_gui/model/instruction_item.h>    // for InstructionItem
#include <string>                                   // for basic_string
---


(/home/pospelov/development/iter/projects/sequencer-gui/test/libtest-utils/testutils/test_utils.h has correct #includes/fwd-decls)

/home/pospelov/development/iter/projects/sequencer-gui/test/libtest-utils/testutils/test_utils.cpp should add these lines:

/home/pospelov/development/iter/projects/sequencer-gui/test/libtest-utils/testutils/test_utils.cpp should remove these lines:
- #include <algorithm>  // lines 23-23

The full include-list for /home/pospelov/development/iter/projects/sequencer-gui/test/libtest-utils/testutils/test_utils.cpp:
#include "test_utils.h"
#include <string>  // for basic_string, allocator, string, char_traits, oper...
#include <thread>  // for sleep_for
---


(/home/pospelov/development/iter/projects/sequencer-gui/out/build/terminal/test/testoac-tree-gui-core/testoac-tree-gui-core_autogen/mocs_compilation.cpp has correct #includes/fwd-decls)


/home/pospelov/development/iter/projects/sequencer-gui/test/testoac-tree-gui-core/anyvalue_item_transform_helper_tests.cpp should add these lines:
#include <mvvm/model/tagindex.h>
#include <mvvm/signals/event_types.h>
#include <memory>
#include <string>
#include <utility>                                                  // for pair
#include <vector>
#include "gmock/gmock.h"
#include "oac_tree_gui/domain/domain_constants.h"

/home/pospelov/development/iter/projects/sequencer-gui/test/testoac-tree-gui-core/anyvalue_item_transform_helper_tests.cpp should remove these lines:
- #include <sup/oac-tree/variable_info.h>  // lines 46-46

The full include-list for /home/pospelov/development/iter/projects/sequencer-gui/test/testoac-tree-gui-core/anyvalue_item_transform_helper_tests.cpp:
#include <gtest/gtest.h>
#include <mvvm/model/tagindex.h>
#include <mvvm/signals/event_types.h>
#include <mvvm/test/mock_model_listener.h>
#include <oac_tree_gui/core/exceptions.h>
#include <oac_tree_gui/domain/domain_automation_helper.h>
#include <oac_tree_gui/domain/domain_helper.h>
#include <oac_tree_gui/model/item_constants.h>
#include <oac_tree_gui/model/procedure_preamble_items.h>
#include <oac_tree_gui/model/sequencer_model.h>
#include <oac_tree_gui/model/standard_instruction_items.h>
#include <oac_tree_gui/model/standard_variable_items.h>
#include <oac_tree_gui/model/universal_item_helper.h>
#include <sup/dto/anytype.h>
#include <sup/dto/anytype_registry.h>
#include <sup/dto/anyvalue.h>
#include <sup/gui/model/anyvalue_conversion_utils.h>
#include <sup/gui/model/anyvalue_item.h>
#include <sup/gui/model/anyvalue_item_constants.h>
#include <sup/gui/model/anyvalue_item_utils.h>
#include <sup/oac-tree/instruction.h>
#include <sup/oac-tree/procedure_preamble.h>
#include <sup/oac-tree/variable.h>
#include <sup/oac-tree/workspace.h>
#include <testutils/sequencer_test_utils.h>
#include <memory>
#include <string>
#include <utility>                                                  // for pair
#include <vector>
#include "gmock/gmock.h"
#include "oac_tree_gui/domain/domain_constants.h"
#include "oac_tree_gui/transform/anyvalue_item_transform_helper.h"
---


/home/pospelov/development/iter/projects/sequencer-gui/test/testoac-tree-gui-core/application_models_tests.cpp should add these lines:
#include <mvvm/model/item_traits.h>                 // for GetTypeName
#include <mvvm/model/session_item.h>                // for SessionItem
#include <mvvm/project/project_types.h>             // for ProjectType
#include <memory>                                   // for unique_ptr, share...
#include <string>                                   // for basic_string, string
#include <vector>                                   // for vector
namespace mvvm { class ISessionModel; }

/home/pospelov/development/iter/projects/sequencer-gui/test/testoac-tree-gui-core/application_models_tests.cpp should remove these lines:

The full include-list for /home/pospelov/development/iter/projects/sequencer-gui/test/testoac-tree-gui-core/application_models_tests.cpp:
#include <gmock/gmock.h>                            // for EXPECT_CALL, Mock...
#include <gtest/gtest.h>                            // for AssertionResult
#include <mvvm/model/item_pool.h>                   // for ItemPool
#include <mvvm/model/item_traits.h>                 // for GetTypeName
#include <mvvm/model/session_item.h>                // for SessionItem
#include <mvvm/project/project_types.h>             // for ProjectType
#include <mvvm/test/mock_project_context.h>         // for MockProjectContext
#include <mvvm/utils/file_utils.h>                  // for IsExists
#include <oac_tree_gui/model/job_model.h>           // for JobModel
#include <oac_tree_gui/model/procedure_item.h>      // for ProcedureItem
#include <oac_tree_gui/model/project_model.h>       // for ProjectModel
#include <oac_tree_gui/model/sequencer_model.h>     // for SequencerModel
#include <testutils/folder_test.h>                  // for FolderTest
#include <memory>                                   // for unique_ptr, share...
#include <string>                                   // for basic_string, string
#include <vector>                                   // for vector
#include "oac_tree_gui/model/application_models.h"  // for ApplicationModels
namespace mvvm { class ISessionModel; }
---


/home/pospelov/development/iter/projects/sequencer-gui/test/testoac-tree-gui-core/attribute_item_transform_helper_tests.cpp should add these lines:
#include <mvvm/core/basic_scalar_types.h>
#include <mvvm/model/session_item.h>
#include <sup/gui/model/anyvalue_item.h>
#include <memory>
#include <string>
#include <variant>                                                   // for get
#include <vector>
#include "oac_tree_gui/domain/domain_constants.h"
#include "oac_tree_gui/domain/sequencer_types_fwd.h"

/home/pospelov/development/iter/projects/sequencer-gui/test/testoac-tree-gui-core/attribute_item_transform_helper_tests.cpp should remove these lines:
- #include <oac_tree_gui/model/standard_instruction_items.h>  // lines 24-24
- #include <oac_tree_gui/model/standard_variable_items.h>  // lines 25-25

The full include-list for /home/pospelov/development/iter/projects/sequencer-gui/test/testoac-tree-gui-core/attribute_item_transform_helper_tests.cpp:
#include <gtest/gtest.h>
#include <mvvm/core/basic_scalar_types.h>
#include <mvvm/model/compound_item.h>
#include <mvvm/model/item_utils.h>
#include <mvvm/model/session_item.h>
#include <oac_tree_gui/domain/domain_helper.h>
#include <sup/dto/anytype.h>
#include <sup/dto/anyvalue.h>
#include <sup/gui/model/anyvalue_conversion_utils.h>
#include <sup/gui/model/anyvalue_item.h>
#include <sup/gui/model/scalar_conversion_utils.h>
#include <sup/oac-tree/attribute_definition.h>
#include <sup/oac-tree/instruction.h>
#include <sup/oac-tree/variable.h>
#include <sup/oac-tree/workspace.h>
#include <memory>
#include <string>
#include <variant>                                                   // for get
#include <vector>
#include "oac_tree_gui/domain/domain_constants.h"
#include "oac_tree_gui/domain/sequencer_types_fwd.h"
#include "oac_tree_gui/transform/attribute_item_transform_helper.h"
---


/home/pospelov/development/iter/projects/sequencer-gui/test/testoac-tree-gui-core/component_types_tests.cpp should add these lines:
#include <string>                                // for basic_string
#include <vector>                                // for vector

/home/pospelov/development/iter/projects/sequencer-gui/test/testoac-tree-gui-core/component_types_tests.cpp should remove these lines:

The full include-list for /home/pospelov/development/iter/projects/sequencer-gui/test/testoac-tree-gui-core/component_types_tests.cpp:
#include <gtest/gtest.h>                         // for AssertionResult, Mes...
#include <string>                                // for basic_string
#include <vector>                                // for vector
#include "oac_tree_gui/model/component_types.h"  // for ProcedureEditorInfo
---


/home/pospelov/development/iter/projects/sequencer-gui/test/testoac-tree-gui-core/composer_settings_item_tests.cpp should add these lines:
#include <string>                                       // for basic_string
#include <vector>                                       // for vector, opera...
#include "oac_tree_gui/model/component_types.h"         // for ProcedureEdit...

/home/pospelov/development/iter/projects/sequencer-gui/test/testoac-tree-gui-core/composer_settings_item_tests.cpp should remove these lines:

The full include-list for /home/pospelov/development/iter/projects/sequencer-gui/test/testoac-tree-gui-core/composer_settings_item_tests.cpp:
#include <gtest/gtest.h>                                // for AssertionResult
#include <string>                                       // for basic_string
#include <vector>                                       // for vector, opera...
#include "oac_tree_gui/model/component_types.h"         // for ProcedureEdit...
#include "oac_tree_gui/model/composer_settings_item.h"  // for ComposerSetti...
---


/home/pospelov/development/iter/projects/sequencer-gui/test/testoac-tree-gui-core/domain_automation_helper_tests.cpp should add these lines:
#include <sup/oac-tree/attribute_info.h>                   // for AttributeInfo
#include <cstddef>                                         // for size_t
#include <memory>                                          // for unique_ptr
#include <optional>                                        // for optional
#include <string>                                          // for basic_string
#include <utility>                                         // for pair
#include <vector>                                          // for vector

/home/pospelov/development/iter/projects/sequencer-gui/test/testoac-tree-gui-core/domain_automation_helper_tests.cpp should remove these lines:

The full include-list for /home/pospelov/development/iter/projects/sequencer-gui/test/testoac-tree-gui-core/domain_automation_helper_tests.cpp:
#include <gtest/gtest.h>                                   // for Message
#include <oac_tree_gui/domain/domain_constants.h>          // for kTimeoutAt...
#include <sup/oac-tree/attribute_info.h>                   // for AttributeInfo
#include <sup/oac-tree/instruction.h>                      // for Instruction
#include <sup/oac-tree/instruction_info.h>                 // for Instructio...
#include <sup/oac-tree/variable.h>                         // for Variable
#include <sup/oac-tree/variable_info.h>                    // for VariableInfo
#include <cstddef>                                         // for size_t
#include <memory>                                          // for unique_ptr
#include <optional>                                        // for optional
#include <string>                                          // for basic_string
#include <utility>                                         // for pair
#include <vector>                                          // for vector
#include "oac_tree_gui/domain/domain_automation_helper.h"  // for GetAttribute
---


/home/pospelov/development/iter/projects/sequencer-gui/test/testoac-tree-gui-core/domain_constants_tests.cpp should add these lines:
#include <string>                                  // for basic_string

/home/pospelov/development/iter/projects/sequencer-gui/test/testoac-tree-gui-core/domain_constants_tests.cpp should remove these lines:

The full include-list for /home/pospelov/development/iter/projects/sequencer-gui/test/testoac-tree-gui-core/domain_constants_tests.cpp:
#include <gtest/gtest.h>                           // for Message, TestPartR...
#include <sup/oac-tree/constants.h>                // for BLOCKING_ATTRIBUTE...
#include <sup/oac-tree/procedure.h>                // for kTickTimeoutAttrib...
#include <string>                                  // for basic_string
#include "oac_tree_gui/domain/domain_constants.h"  // for kBlockingAttribute
---


/home/pospelov/development/iter/projects/sequencer-gui/test/testoac-tree-gui-core/domain_helper_tests.cpp should add these lines:
#include <sup/dto/anytype.h>                       // for UnsignedInteger32Type
#include <sup/dto/anyvalue.h>                      // for AnyValue
#include <memory>                                  // for unique_ptr
#include <string>                                  // for basic_string, string
#include <vector>                                  // for vector

/home/pospelov/development/iter/projects/sequencer-gui/test/testoac-tree-gui-core/domain_helper_tests.cpp should remove these lines:

The full include-list for /home/pospelov/development/iter/projects/sequencer-gui/test/testoac-tree-gui-core/domain_helper_tests.cpp:
#include <gtest/gtest.h>                           // for AssertionResult
#include <mvvm/core/platform.h>                    // for IsLinuxHost, IsMac...
#include <mvvm/utils/container_utils.h>            // for Contains
#include <oac_tree_gui/core/exceptions.h>          // for InvalidOperationEx...
#include <oac_tree_gui/domain/domain_constants.h>  // for kSequenceInstructi...
#include <sup/dto/anytype.h>                       // for UnsignedInteger32Type
#include <sup/dto/anyvalue.h>                      // for AnyValue
#include <sup/oac-tree/constants.h>                // for USER_CHOICES_DIALO...
#include <sup/oac-tree/i_job_info_io.h>            // for kInvalidInstructio...
#include <sup/oac-tree/instruction.h>              // for Instruction
#include <sup/oac-tree/user_interface.h>           // for CreateUserChoiceMe...
#include <sup/oac-tree/variable.h>                 // for Variable
#include <memory>                                  // for unique_ptr
#include <string>                                  // for basic_string, string
#include <vector>                                  // for vector
#include "oac_tree_gui/domain/domain_helper.h"     // for GetPluginFileName
---


/home/pospelov/development/iter/projects/sequencer-gui/test/testoac-tree-gui-core/domain_library_loader_tests.cpp should add these lines:
#include <string>                                       // for basic_string
#include <utility>                                      // for pair
#include <vector>                                       // for vector

/home/pospelov/development/iter/projects/sequencer-gui/test/testoac-tree-gui-core/domain_library_loader_tests.cpp should remove these lines:

The full include-list for /home/pospelov/development/iter/projects/sequencer-gui/test/testoac-tree-gui-core/domain_library_loader_tests.cpp:
#include <dlfcn.h>                                      // for RTLD_NOLOAD
#include <gtest/gtest.h>                                // for Message, Asse...
#include <oac_tree_gui/domain/domain_library_loader.h>  // for DomainLibrary...
#include <string>                                       // for basic_string
#include <utility>                                      // for pair
#include <vector>                                       // for vector
---


/home/pospelov/development/iter/projects/sequencer-gui/test/testoac-tree-gui-core/domain_object_group_helper_tests.cpp should add these lines:
#include <string>                                            // for basic_st...
#include <vector>                                            // for vector

/home/pospelov/development/iter/projects/sequencer-gui/test/testoac-tree-gui-core/domain_object_group_helper_tests.cpp should remove these lines:

The full include-list for /home/pospelov/development/iter/projects/sequencer-gui/test/testoac-tree-gui-core/domain_object_group_helper_tests.cpp:
#include <gtest/gtest.h>                                     // for Message
#include <mvvm/utils/container_utils.h>                      // for Contains
#include <oac_tree_gui/domain/domain_constants.h>            // for kCorePlu...
#include <oac_tree_gui/domain/domain_helper.h>               // for IsSequen...
#include <string>                                            // for basic_st...
#include <vector>                                            // for vector
#include "oac_tree_gui/domain/domain_object_group_helper.h"  // for GetGroup...
---


/home/pospelov/development/iter/projects/sequencer-gui/test/testoac-tree-gui-core/domain_procedure_builder_tests.cpp should add these lines:
#include <mvvm/model/tagindex.h>
#include <sup/dto/anytype.h>
#include <sup/dto/anyvalue.h>
#include <sup/oac-tree/procedure_preamble.h>
#include <sup/oac-tree/variable.h>
#include <memory>
#include <string>
#include <vector>
#include "oac_tree_gui/model/instruction_item.h"

/home/pospelov/development/iter/projects/sequencer-gui/test/testoac-tree-gui-core/domain_procedure_builder_tests.cpp should remove these lines:
- #include <mvvm/model/session_item.h>  // lines 37-37
- #include <oac_tree_gui/core/exceptions.h>  // lines 23-23
- #include <oac_tree_gui/transform/domain_workspace_builder.h>  // lines 35-35

The full include-list for /home/pospelov/development/iter/projects/sequencer-gui/test/testoac-tree-gui-core/domain_procedure_builder_tests.cpp:
#include <gtest/gtest.h>
#include <mvvm/model/tagindex.h>
#include <oac_tree_gui/domain/domain_constants.h>
#include <oac_tree_gui/domain/sequencer_types_fwd.h>
#include <oac_tree_gui/model/instruction_container_item.h>
#include <oac_tree_gui/model/item_constants.h>
#include <oac_tree_gui/model/procedure_item.h>
#include <oac_tree_gui/model/procedure_preamble_items.h>
#include <oac_tree_gui/model/standard_instruction_items.h>
#include <oac_tree_gui/model/standard_variable_items.h>
#include <oac_tree_gui/model/universal_item_helper.h>
#include <oac_tree_gui/model/workspace_item.h>
#include <oac_tree_gui/transform/anyvalue_item_transform_helper.h>
#include <sup/dto/anytype.h>
#include <sup/dto/anyvalue.h>
#include <sup/oac-tree/execution_status.h>
#include <sup/oac-tree/instruction.h>
#include <sup/oac-tree/procedure.h>
#include <sup/oac-tree/procedure_preamble.h>
#include <sup/oac-tree/variable.h>
#include <sup/oac-tree/workspace.h>
#include <memory>
#include <string>
#include <vector>
#include "oac_tree_gui/model/instruction_item.h"
#include "oac_tree_gui/transform/domain_procedure_builder.h"
---


/home/pospelov/development/iter/projects/sequencer-gui/test/testoac-tree-gui-core/domain_workspace_builder_tests.cpp should add these lines:
#include <mvvm/model/tagindex.h>
#include <sup/dto/anytype.h>
#include <sup/dto/anyvalue.h>
#include <sup/oac-tree/variable.h>
#include <string>
#include <vector>
#include "oac_tree_gui/domain/domain_constants.h"

/home/pospelov/development/iter/projects/sequencer-gui/test/testoac-tree-gui-core/domain_workspace_builder_tests.cpp should remove these lines:

The full include-list for /home/pospelov/development/iter/projects/sequencer-gui/test/testoac-tree-gui-core/domain_workspace_builder_tests.cpp:
#include <gtest/gtest.h>
#include <mvvm/model/tagindex.h>
#include <oac_tree_gui/core/exceptions.h>
#include <oac_tree_gui/domain/domain_helper.h>
#include <oac_tree_gui/model/standard_variable_items.h>
#include <oac_tree_gui/model/workspace_item.h>
#include <oac_tree_gui/transform/anyvalue_item_transform_helper.h>
#include <sup/dto/anytype.h>
#include <sup/dto/anyvalue.h>
#include <sup/oac-tree/variable.h>
#include <sup/oac-tree/workspace.h>
#include <string>
#include <vector>
#include "oac_tree_gui/domain/domain_constants.h"
#include "oac_tree_gui/transform/domain_workspace_builder.h"
---


/home/pospelov/development/iter/projects/sequencer-gui/test/testoac-tree-gui-core/epics_instruction_items_tests.cpp should add these lines:
#include <sup/dto/anytype.h>
#include <sup/dto/anyvalue.h>
#include <memory>
#include <string>
#include <vector>
#include "oac_tree_gui/domain/domain_constants.h"

/home/pospelov/development/iter/projects/sequencer-gui/test/testoac-tree-gui-core/epics_instruction_items_tests.cpp should remove these lines:
- #include <mvvm/core/mvvm_exceptions.h>  // lines 32-32
- #include <oac_tree_gui/transform/transform_from_domain.h>  // lines 28-28
- #include <testutils/test_utils.h>  // lines 40-40

The full include-list for /home/pospelov/development/iter/projects/sequencer-gui/test/testoac-tree-gui-core/epics_instruction_items_tests.cpp:
#include <gtest/gtest.h>
#include <mvvm/model/item_utils.h>
#include <oac_tree_gui/domain/domain_helper.h>
#include <oac_tree_gui/model/item_constants.h>
#include <oac_tree_gui/model/universal_item_helper.h>
#include <oac_tree_gui/transform/anyvalue_item_transform_helper.h>
#include <oac_tree_gui/transform/attribute_item_transform_helper.h>
#include <sup/dto/anytype.h>
#include <sup/dto/anyvalue.h>
#include <sup/gui/model/anyvalue_conversion_utils.h>
#include <sup/oac-tree/exceptions.h>
#include <sup/oac-tree/instruction.h>
#include <sup/oac-tree/procedure.h>
#include <memory>
#include <string>
#include <vector>
#include "oac_tree_gui/domain/domain_constants.h"
#include "oac_tree_gui/model/epics_instruction_items.h"
---


/home/pospelov/development/iter/projects/sequencer-gui/test/testoac-tree-gui-core/exceptions_tests.cpp should add these lines:
#include <string>                          // for basic_string, string

/home/pospelov/development/iter/projects/sequencer-gui/test/testoac-tree-gui-core/exceptions_tests.cpp should remove these lines:

The full include-list for /home/pospelov/development/iter/projects/sequencer-gui/test/testoac-tree-gui-core/exceptions_tests.cpp:
#include <gtest/gtest.h>                   // for Message, CmpHelperEQ, CmpH...
#include <string>                          // for basic_string, string
#include "oac_tree_gui/core/exceptions.h"  // for InvalidOperationException
---


/home/pospelov/development/iter/projects/sequencer-gui/test/testoac-tree-gui-core/factory_tests.cpp should add these lines:
#include <string>                       // for basic_string, string
#include <vector>                       // for vector

/home/pospelov/development/iter/projects/sequencer-gui/test/testoac-tree-gui-core/factory_tests.cpp should remove these lines:

The full include-list for /home/pospelov/development/iter/projects/sequencer-gui/test/testoac-tree-gui-core/factory_tests.cpp:
#include <gtest/gtest.h>                // for AssertionResult, Message, Tes...
#include <string>                       // for basic_string, string
#include <vector>                       // for vector
#include "oac_tree_gui/core/factory.h"  // for Factory
---


/home/pospelov/development/iter/projects/sequencer-gui/test/testoac-tree-gui-core/instruction_container_item_tests.cpp should add these lines:
#include <mvvm/model/tagindex.h>                            // for TagIndex
#include <string>                                           // for basic_string
#include <vector>                                           // for vector
namespace oac_tree_gui { class InstructionItem; }

/home/pospelov/development/iter/projects/sequencer-gui/test/testoac-tree-gui-core/instruction_container_item_tests.cpp should remove these lines:

The full include-list for /home/pospelov/development/iter/projects/sequencer-gui/test/testoac-tree-gui-core/instruction_container_item_tests.cpp:
#include <gtest/gtest.h>                                    // for Message
#include <mvvm/model/tagindex.h>                            // for TagIndex
#include <oac_tree_gui/model/standard_instruction_items.h>  // for SequenceItem
#include <string>                                           // for basic_string
#include <vector>                                           // for vector
#include "oac_tree_gui/model/instruction_container_item.h"  // for Instructi...
namespace oac_tree_gui { class InstructionItem; }
---


/home/pospelov/development/iter/projects/sequencer-gui/test/testoac-tree-gui-core/instruction_info_item_tests.cpp should add these lines:
#include <cstddef>                                         // for size_t
#include <memory>                                          // for unique_ptr
#include <string>                                          // for basic_string
#include <utility>                                         // for pair
#include <variant>                                         // for get
#include <vector>                                          // for vector

/home/pospelov/development/iter/projects/sequencer-gui/test/testoac-tree-gui-core/instruction_info_item_tests.cpp should remove these lines:
- #include <oac_tree_gui/core/exceptions.h>  // lines 23-23
- #include <testutils/sequencer_test_utils.h>  // lines 37-37

The full include-list for /home/pospelov/development/iter/projects/sequencer-gui/test/testoac-tree-gui-core/instruction_info_item_tests.cpp:
#include <gtest/gtest.h>                                   // for AssertionR...
#include <mvvm/model/item_utils.h>                         // for Registered...
#include <oac_tree_gui/domain/domain_automation_helper.h>  // for CreateInst...
#include <oac_tree_gui/domain/domain_constants.h>          // for kTimeoutAt...
#include <oac_tree_gui/domain/domain_helper.h>             // for CreateDoma...
#include <oac_tree_gui/model/item_constants.h>             // for kBehaviorTag
#include <oac_tree_gui/model/universal_item_helper.h>      // for IsCollapsed
#include <sup/oac-tree/exceptions.h>                       // for InvalidOpe...
#include <sup/oac-tree/instruction.h>                      // for Instruction
#include <sup/oac-tree/instruction_info.h>                 // for Instructio...
#include <cstddef>                                         // for size_t
#include <memory>                                          // for unique_ptr
#include <string>                                          // for basic_string
#include <utility>                                         // for pair
#include <variant>                                         // for get
#include <vector>                                          // for vector
#include "oac_tree_gui/model/instruction_info_item.h"      // for Instructio...
---


/home/pospelov/development/iter/projects/sequencer-gui/test/testoac-tree-gui-core/instruction_item_tests.cpp should add these lines:
#include <string>                                     // for basic_string
#include <vector>                                     // for vector
#include "oac_tree_gui/domain/sequencer_types_fwd.h"  // for instruction_t
#include "oac_tree_gui/model/instruction_status.h"    // for InstructionStatus

/home/pospelov/development/iter/projects/sequencer-gui/test/testoac-tree-gui-core/instruction_item_tests.cpp should remove these lines:
- #include <oac_tree_gui/model/item_constants.h>  // lines 24-24

The full include-list for /home/pospelov/development/iter/projects/sequencer-gui/test/testoac-tree-gui-core/instruction_item_tests.cpp:
#include <gtest/gtest.h>                              // for AssertionResult
#include <mvvm/model/item_utils.h>                    // for HasTag
#include <oac_tree_gui/domain/domain_constants.h>     // for kIsRootAttribute
#include <string>                                     // for basic_string
#include <vector>                                     // for vector
#include "oac_tree_gui/domain/sequencer_types_fwd.h"  // for instruction_t
#include "oac_tree_gui/model/instruction_item.h"      // for InstructionItem
#include "oac_tree_gui/model/instruction_status.h"    // for InstructionStatus
---


/home/pospelov/development/iter/projects/sequencer-gui/test/testoac-tree-gui-core/instruction_item_transform_helper_tests.cpp should add these lines:
#include <mvvm/model/compound_item.h>
#include <mvvm/model/tagindex.h>
#include <mvvm/model/taginfo.h>
#include <sup/oac-tree/attribute_info.h>
#include <sup/oac-tree/instruction.h>
#include <sup/oac-tree/procedure.h>
#include <cstddef>
#include <memory>
#include <string>
#include <utility>
#include <variant>
#include <vector>

/home/pospelov/development/iter/projects/sequencer-gui/test/testoac-tree-gui-core/instruction_item_transform_helper_tests.cpp should remove these lines:
- #include <oac_tree_gui/core/exceptions.h>  // lines 23-23

The full include-list for /home/pospelov/development/iter/projects/sequencer-gui/test/testoac-tree-gui-core/instruction_item_transform_helper_tests.cpp:
#include <gtest/gtest.h>
#include <mvvm/model/compound_item.h>
#include <mvvm/model/item_utils.h>
#include <mvvm/model/session_item_container.h>
#include <mvvm/model/tagged_items.h>
#include <mvvm/model/tagindex.h>
#include <mvvm/model/taginfo.h>
#include <oac_tree_gui/domain/domain_constants.h>
#include <oac_tree_gui/domain/domain_helper.h>
#include <oac_tree_gui/model/instruction_info_item.h>
#include <oac_tree_gui/model/instruction_item.h>
#include <oac_tree_gui/model/item_constants.h>
#include <oac_tree_gui/model/standard_instruction_items.h>
#include <sup/gui/model/anyvalue_item.h>
#include <sup/oac-tree/attribute_info.h>
#include <sup/oac-tree/instruction.h>
#include <sup/oac-tree/instruction_info.h>
#include <sup/oac-tree/procedure.h>
#include <sup/oac-tree/sequence_parser.h>
#include <cstddef>
#include <memory>
#include <string>
#include <utility>
#include <variant>
#include <vector>
#include "oac_tree_gui/transform/instruction_item_transform_helper.h"
---


/home/pospelov/development/iter/projects/sequencer-gui/test/testoac-tree-gui-core/instruction_status_tests.cpp should add these lines:
#include <string>                                   // for basic_string

/home/pospelov/development/iter/projects/sequencer-gui/test/testoac-tree-gui-core/instruction_status_tests.cpp should remove these lines:
- #include <sup/oac-tree/job_states.h>  // lines 25-25

The full include-list for /home/pospelov/development/iter/projects/sequencer-gui/test/testoac-tree-gui-core/instruction_status_tests.cpp:
#include <gtest/gtest.h>                            // for Message, TestPart...
#include <oac_tree_gui/core/exceptions.h>           // for RuntimeException
#include <string>                                   // for basic_string
#include "oac_tree_gui/model/instruction_status.h"  // for InstructionStatus
---


/home/pospelov/development/iter/projects/sequencer-gui/test/testoac-tree-gui-core/item_factory_tests.cpp should add these lines:
#include <mvvm/model/item_traits.h>                         // for GetTypeName
#include <memory>                                           // for unique_ptr
#include <string>                                           // for basic_string
#include "oac_tree_gui/domain/domain_constants.h"           // for kChannelA...
#include "oac_tree_gui/model/instruction_item.h"            // for Instructi...
#include "oac_tree_gui/model/universal_instruction_item.h"  // for Universal...
#include "oac_tree_gui/model/universal_variable_item.h"     // for Universal...
#include "oac_tree_gui/model/variable_item.h"               // for VariableItem
namespace mvvm { class SessionItem; }

/home/pospelov/development/iter/projects/sequencer-gui/test/testoac-tree-gui-core/item_factory_tests.cpp should remove these lines:

The full include-list for /home/pospelov/development/iter/projects/sequencer-gui/test/testoac-tree-gui-core/item_factory_tests.cpp:
#include <gtest/gtest.h>                                    // for Assertion...
#include <mvvm/model/item_traits.h>                         // for GetTypeName
#include <oac_tree_gui/domain/domain_helper.h>              // for IsSequenc...
#include <oac_tree_gui/model/epics_instruction_items.h>     // for ChannelAc...
#include <oac_tree_gui/model/standard_instruction_items.h>  // for IncludeItem
#include <oac_tree_gui/model/standard_variable_items.h>     // for ChannelAc...
#include <testutils/universal_items.h>                      // for UnknownDo...
#include <memory>                                           // for unique_ptr
#include <string>                                           // for basic_string
#include "oac_tree_gui/domain/domain_constants.h"           // for kChannelA...
#include "oac_tree_gui/model/instruction_item.h"            // for Instructi...
#include "oac_tree_gui/model/item_factory.h"                // for CreateIns...
#include "oac_tree_gui/model/universal_instruction_item.h"  // for Universal...
#include "oac_tree_gui/model/universal_variable_item.h"     // for Universal...
#include "oac_tree_gui/model/variable_item.h"               // for VariableItem
namespace mvvm { class SessionItem; }
---


/home/pospelov/development/iter/projects/sequencer-gui/test/testoac-tree-gui-core/iterate_helper_tests.cpp should add these lines:
#include <mvvm/model/tagindex.h>                            // for TagIndex
#include <functional>                                       // for function
#include <string>                                           // for basic_string
#include <vector>                                           // for vector
#include "oac_tree_gui/model/instruction_item.h"            // for Instructi...
namespace mvvm { class SessionItem; }

/home/pospelov/development/iter/projects/sequencer-gui/test/testoac-tree-gui-core/iterate_helper_tests.cpp should remove these lines:

The full include-list for /home/pospelov/development/iter/projects/sequencer-gui/test/testoac-tree-gui-core/iterate_helper_tests.cpp:
#include <gtest/gtest.h>                                    // for Message
#include <mvvm/model/tagindex.h>                            // for TagIndex
#include <oac_tree_gui/model/standard_instruction_items.h>  // for WaitItem
#include <functional>                                       // for function
#include <string>                                           // for basic_string
#include <vector>                                           // for vector
#include "oac_tree_gui/model/instruction_item.h"            // for Instructi...
#include "oac_tree_gui/model/iterate_helper.h"              // for IterateIn...
namespace mvvm { class SessionItem; }
---


/home/pospelov/development/iter/projects/sequencer-gui/test/testoac-tree-gui-core/job_item_tests.cpp should add these lines:
#include <mvvm/model/session_item.h>                // for SessionItem
#include <chrono>                                   // for milliseconds
#include <memory>                                   // for unique_ptr, make_...
#include <string>                                   // for basic_string
#include <string_view>                              // for string_view
#include "oac_tree_gui/model/runner_status.h"       // for RunnerStatus

/home/pospelov/development/iter/projects/sequencer-gui/test/testoac-tree-gui-core/job_item_tests.cpp should remove these lines:

The full include-list for /home/pospelov/development/iter/projects/sequencer-gui/test/testoac-tree-gui-core/job_item_tests.cpp:
#include <gtest/gtest.h>                            // for Message, CmpHelperEQ
#include <mvvm/model/session_item.h>                // for SessionItem
#include <oac_tree_gui/model/application_models.h>  // for ApplicationModels
#include <oac_tree_gui/model/item_constants.h>      // for kDefaultTickTimeo...
#include <oac_tree_gui/model/job_model.h>           // for JobModel
#include <oac_tree_gui/model/procedure_item.h>      // for ProcedureItem
#include <oac_tree_gui/model/sequencer_model.h>     // for SequencerModel
#include <chrono>                                   // for milliseconds
#include <memory>                                   // for unique_ptr, make_...
#include <string>                                   // for basic_string
#include <string_view>                              // for string_view
#include "oac_tree_gui/model/job_item.h"            // for JobItem
#include "oac_tree_gui/model/runner_status.h"       // for RunnerStatus
---


/home/pospelov/development/iter/projects/sequencer-gui/test/testoac-tree-gui-core/job_model_tests.cpp should add these lines:
#include <mvvm/model/item_traits.h>             // for GetTypeName
#include <string>                               // for basic_string

/home/pospelov/development/iter/projects/sequencer-gui/test/testoac-tree-gui-core/job_model_tests.cpp should remove these lines:

The full include-list for /home/pospelov/development/iter/projects/sequencer-gui/test/testoac-tree-gui-core/job_model_tests.cpp:
#include <gtest/gtest.h>                        // for Message, Test, TestIn...
#include <mvvm/model/item_traits.h>             // for GetTypeName
#include <oac_tree_gui/model/procedure_item.h>  // for ProcedureItem
#include <string>                               // for basic_string
#include "oac_tree_gui/model/job_model.h"       // for JobModel
---


/home/pospelov/development/iter/projects/sequencer-gui/test/testoac-tree-gui-core/main.cpp should add these lines:
#include <gtest/gtest.h>           // for RUN_ALL_TESTS

/home/pospelov/development/iter/projects/sequencer-gui/test/testoac-tree-gui-core/main.cpp should remove these lines:

The full include-list for /home/pospelov/development/iter/projects/sequencer-gui/test/testoac-tree-gui-core/main.cpp:
#include <gtest/gtest.h>           // for RUN_ALL_TESTS
#include <testutils/init_tests.h>  // for InitTests
---


/home/pospelov/development/iter/projects/sequencer-gui/test/testoac-tree-gui-core/plugin_settings_item_tests.cpp should add these lines:
#include <mvvm/utils/container_utils.h>               // for HaveSameElements
#include <string>                                     // for basic_string
#include <vector>                                     // for vector

/home/pospelov/development/iter/projects/sequencer-gui/test/testoac-tree-gui-core/plugin_settings_item_tests.cpp should remove these lines:
- #include <testutils/test_utils.h>  // lines 33-33

The full include-list for /home/pospelov/development/iter/projects/sequencer-gui/test/testoac-tree-gui-core/plugin_settings_item_tests.cpp:
#include <gtest/gtest.h>                              // for AssertionResult
#include <mvvm/test/test_helper.h>                    // for CreateTextFile
#include <mvvm/utils/container_utils.h>               // for HaveSameElements
#include <mvvm/utils/file_utils.h>                    // for Join
#include <oac_tree_gui/domain/domain_constants.h>     // for kEpicsCAPluginName
#include <oac_tree_gui/domain/domain_helper.h>        // for GetPluginFileName
#include <sup/gui/core/environment.h>                 // for IsOnCodac
#include <testutils/folder_test.h>                    // for FolderTest
#include <string>                                     // for basic_string
#include <vector>                                     // for vector
#include "oac_tree_gui/model/plugin_settings_item.h"  // for PluginSettingsItem
---


/home/pospelov/development/iter/projects/sequencer-gui/test/testoac-tree-gui-core/procedure_item_job_info_builder_tests.cpp should add these lines:
#include <mvvm/model/tagindex.h>
#include <memory>
#include <string>
#include <vector>

/home/pospelov/development/iter/projects/sequencer-gui/test/testoac-tree-gui-core/procedure_item_job_info_builder_tests.cpp should remove these lines:
- #include <oac_tree_gui/domain/domain_constants.h>  // lines 24-24
- #include <sup/oac-tree/job_info.h>  // lines 31-31
- #include <sup/oac-tree/procedure.h>  // lines 32-32

The full include-list for /home/pospelov/development/iter/projects/sequencer-gui/test/testoac-tree-gui-core/procedure_item_job_info_builder_tests.cpp:
#include <gtest/gtest.h>
#include <mvvm/model/tagindex.h>
#include <oac_tree_gui/core/exceptions.h>
#include <oac_tree_gui/model/instruction_container_item.h>
#include <oac_tree_gui/model/instruction_info_item.h>
#include <oac_tree_gui/model/procedure_item.h>
#include <oac_tree_gui/model/variable_item.h>
#include <oac_tree_gui/model/workspace_item.h>
#include <testutils/sequencer_test_utils.h>
#include <memory>
#include <string>
#include <vector>
#include "oac_tree_gui/transform/procedure_item_job_info_builder.h"
---


/home/pospelov/development/iter/projects/sequencer-gui/test/testoac-tree-gui-core/procedure_item_tests.cpp should add these lines:
#include <mvvm/model/tagindex.h>                            // for TagIndex
#include <string>                                           // for basic_string
#include <vector>                                           // for vector

/home/pospelov/development/iter/projects/sequencer-gui/test/testoac-tree-gui-core/procedure_item_tests.cpp should remove these lines:
- #include <oac_tree_gui/domain/domain_object_group_helper.h>  // lines 25-25

The full include-list for /home/pospelov/development/iter/projects/sequencer-gui/test/testoac-tree-gui-core/procedure_item_tests.cpp:
#include <gtest/gtest.h>                                    // for Message
#include <mvvm/model/tagindex.h>                            // for TagIndex
#include <oac_tree_gui/domain/domain_constants.h>           // for kEpicsCAP...
#include <oac_tree_gui/domain/domain_helper.h>              // for IsSequenc...
#include <oac_tree_gui/model/epics_instruction_items.h>     // for PvAccessW...
#include <oac_tree_gui/model/instruction_container_item.h>  // for Instructi...
#include <oac_tree_gui/model/procedure_preamble_items.h>    // for Procedure...
#include <oac_tree_gui/model/standard_instruction_items.h>  // for SequenceItem
#include <oac_tree_gui/model/standard_variable_items.h>     // for ChannelAc...
#include <oac_tree_gui/model/workspace_item.h>              // for Workspace...
#include <string>                                           // for basic_string
#include <vector>                                           // for vector
#include "oac_tree_gui/model/procedure_item.h"              // for Procedure...
---


/home/pospelov/development/iter/projects/sequencer-gui/test/testoac-tree-gui-core/procedure_item_transform_helper_tests.cpp should add these lines:
#include <mvvm/model/tagindex.h>
#include <sup/dto/anytype.h>
#include <sup/dto/anyvalue.h>
#include <memory>
#include <string>
#include <utility>
#include <vector>
#include "oac_tree_gui/domain/domain_constants.h"

/home/pospelov/development/iter/projects/sequencer-gui/test/testoac-tree-gui-core/procedure_item_transform_helper_tests.cpp should remove these lines:
- #include <oac_tree_gui/transform/transform_from_domain.h>  // lines 32-32
- #include <sup/gui/model/anyvalue_conversion_utils.h>  // lines 34-34

The full include-list for /home/pospelov/development/iter/projects/sequencer-gui/test/testoac-tree-gui-core/procedure_item_transform_helper_tests.cpp:
#include <gtest/gtest.h>
#include <mvvm/model/tagindex.h>
#include <oac_tree_gui/core/exceptions.h>
#include <oac_tree_gui/domain/domain_helper.h>
#include <oac_tree_gui/model/instruction_container_item.h>
#include <oac_tree_gui/model/procedure_item.h>
#include <oac_tree_gui/model/procedure_preamble_items.h>
#include <oac_tree_gui/model/standard_instruction_items.h>
#include <oac_tree_gui/model/standard_variable_items.h>
#include <oac_tree_gui/model/workspace_item.h>
#include <oac_tree_gui/transform/anyvalue_item_transform_helper.h>
#include <sup/dto/anytype.h>
#include <sup/dto/anyvalue.h>
#include <sup/oac-tree/instruction.h>
#include <sup/oac-tree/procedure.h>
#include <sup/oac-tree/procedure_preamble.h>
#include <sup/oac-tree/variable.h>
#include <testutils/standard_procedures.h>
#include <memory>
#include <string>
#include <utility>
#include <vector>
#include "oac_tree_gui/domain/domain_constants.h"
#include "oac_tree_gui/transform/procedure_item_transform_helper.h"
---


/home/pospelov/development/iter/projects/sequencer-gui/test/testoac-tree-gui-core/procedure_preamble_items_tests.cpp should add these lines:
#include <mvvm/model/tagindex.h>                          // for TagIndex
#include <string>                                         // for basic_string
#include <utility>                                        // for pair
#include <vector>                                         // for vector

/home/pospelov/development/iter/projects/sequencer-gui/test/testoac-tree-gui-core/procedure_preamble_items_tests.cpp should remove these lines:

The full include-list for /home/pospelov/development/iter/projects/sequencer-gui/test/testoac-tree-gui-core/procedure_preamble_items_tests.cpp:
#include <gtest/gtest.h>                                  // for AssertionRe...
#include <mvvm/model/tagindex.h>                          // for TagIndex
#include <mvvm/standarditems/container_item.h>            // for ContainerItem
#include <string>                                         // for basic_string
#include <utility>                                        // for pair
#include <vector>                                         // for vector
#include "oac_tree_gui/model/procedure_preamble_items.h"  // for ProcedurePr...
---


/home/pospelov/development/iter/projects/sequencer-gui/test/testoac-tree-gui-core/project_model_tests.cpp should add these lines:
#include <mvvm/utils/container_utils.h>                 // for CastItems
#include <string>                                       // for basic_string

/home/pospelov/development/iter/projects/sequencer-gui/test/testoac-tree-gui-core/project_model_tests.cpp should remove these lines:

The full include-list for /home/pospelov/development/iter/projects/sequencer-gui/test/testoac-tree-gui-core/project_model_tests.cpp:
#include <gtest/gtest.h>                                // for Message, Test...
#include <mvvm/model/model_utils.h>                     // for GetTopItem
#include <mvvm/utils/container_utils.h>                 // for CastItems
#include <oac_tree_gui/model/composer_settings_item.h>  // for ComposerSetti...
#include <string>                                       // for basic_string
#include "oac_tree_gui/model/project_model.h"           // for ProjectModel
---


/home/pospelov/development/iter/projects/sequencer-gui/test/testoac-tree-gui-core/runner_status_tests.cpp should add these lines:
#include <string>                              // for basic_string

/home/pospelov/development/iter/projects/sequencer-gui/test/testoac-tree-gui-core/runner_status_tests.cpp should remove these lines:
- #include <sup/oac-tree/job_states.h>  // lines 25-25

The full include-list for /home/pospelov/development/iter/projects/sequencer-gui/test/testoac-tree-gui-core/runner_status_tests.cpp:
#include <gtest/gtest.h>                       // for Message, TestPartResult
#include <oac_tree_gui/core/exceptions.h>      // for RuntimeException
#include <string>                              // for basic_string
#include "oac_tree_gui/model/runner_status.h"  // for RunnerStatus, GetRunne...
---


/home/pospelov/development/iter/projects/sequencer-gui/test/testoac-tree-gui-core/sequencer_item_helper_tests.cpp should add these lines:
#include <mvvm/model/compound_item.h>                       // for CompoundItem
#include <mvvm/model/session_item.h>                        // for SessionItem
#include <string>                                           // for basic_string
#include "oac_tree_gui/model/composer_settings_item.h"      // for ComposerS...
#include "oac_tree_gui/model/epics_instruction_items.h"     // for ChannelAc...
#include "oac_tree_gui/model/instruction_container_item.h"  // for Instructi...
#include "oac_tree_gui/model/instruction_info_item.h"       // for Instructi...
#include "oac_tree_gui/model/plugin_settings_item.h"        // for PluginSet...
#include "oac_tree_gui/model/procedure_item.h"              // for Procedure...
#include "oac_tree_gui/model/procedure_preamble_items.h"    // for Procedure...
#include "oac_tree_gui/model/standard_instruction_items.h"  // for RepeatItem
#include "oac_tree_gui/model/standard_job_items.h"          // for FileBased...
#include "oac_tree_gui/model/standard_variable_items.h"     // for ChannelAc...
#include "oac_tree_gui/model/variable_info_item.h"          // for VariableI...
#include "oac_tree_gui/model/workspace_item.h"              // for Workspace...

/home/pospelov/development/iter/projects/sequencer-gui/test/testoac-tree-gui-core/sequencer_item_helper_tests.cpp should remove these lines:
- #include <oac_tree_gui/model/sequencer_item_includes.h>  // lines 25-25

The full include-list for /home/pospelov/development/iter/projects/sequencer-gui/test/testoac-tree-gui-core/sequencer_item_helper_tests.cpp:
#include <gtest/gtest.h>                                    // for Assertion...
#include <mvvm/model/compound_item.h>                       // for CompoundItem
#include <mvvm/model/session_item.h>                        // for SessionItem
#include <mvvm/test/test_helper.h>                          // for IsCloneIm...
#include <oac_tree_gui/domain/domain_helper.h>              // for IsSequenc...
#include <oac_tree_gui/model/item_constants.h>              // for kBreakpoint
#include <oac_tree_gui/model/universal_instruction_item.h>  // for Universal...
#include <oac_tree_gui/model/universal_variable_item.h>     // for Universal...
#include <string>                                           // for basic_string
#include "oac_tree_gui/model/composer_settings_item.h"      // for ComposerS...
#include "oac_tree_gui/model/epics_instruction_items.h"     // for ChannelAc...
#include "oac_tree_gui/model/instruction_container_item.h"  // for Instructi...
#include "oac_tree_gui/model/instruction_info_item.h"       // for Instructi...
#include "oac_tree_gui/model/plugin_settings_item.h"        // for PluginSet...
#include "oac_tree_gui/model/procedure_item.h"              // for Procedure...
#include "oac_tree_gui/model/procedure_preamble_items.h"    // for Procedure...
#include "oac_tree_gui/model/sequencer_item_helper.h"       // for IsCompoun...
#include "oac_tree_gui/model/standard_instruction_items.h"  // for RepeatItem
#include "oac_tree_gui/model/standard_job_items.h"          // for FileBased...
#include "oac_tree_gui/model/standard_variable_items.h"     // for ChannelAc...
#include "oac_tree_gui/model/variable_info_item.h"          // for VariableI...
#include "oac_tree_gui/model/workspace_item.h"              // for Workspace...
---


/home/pospelov/development/iter/projects/sequencer-gui/test/testoac-tree-gui-core/sequencer_model_tests.cpp should add these lines:
#include <mvvm/model/item_traits.h>                         // for GetTypeName
#include <mvvm/model/session_item.h>                        // for SessionItem
#include <mvvm/model/tagindex.h>                            // for TagIndex
#include <string>                                           // for basic_string
#include <vector>                                           // for vector
#include "oac_tree_gui/domain/domain_constants.h"           // for kLocalVar...
#include "oac_tree_gui/model/instruction_item.h"            // for Instructi...
#include "oac_tree_gui/model/universal_instruction_item.h"  // for Universal...
#include "oac_tree_gui/model/variable_item.h"               // for VariableItem

/home/pospelov/development/iter/projects/sequencer-gui/test/testoac-tree-gui-core/sequencer_model_tests.cpp should remove these lines:

The full include-list for /home/pospelov/development/iter/projects/sequencer-gui/test/testoac-tree-gui-core/sequencer_model_tests.cpp:
#include <gtest/gtest.h>                                    // for Message
#include <mvvm/commands/i_command_stack.h>                  // for ICommandS...
#include <mvvm/model/item_factory.h>                        // for GetGlobal...
#include <mvvm/model/item_traits.h>                         // for GetTypeName
#include <mvvm/model/session_item.h>                        // for SessionItem
#include <mvvm/model/tagindex.h>                            // for TagIndex
#include <mvvm/serialization/xml_document.h>                // for XmlDocument
#include <mvvm/standarditems/container_item.h>              // for Container...
#include <oac_tree_gui/model/instruction_container_item.h>  // for Instructi...
#include <oac_tree_gui/model/procedure_item.h>              // for Procedure...
#include <oac_tree_gui/model/standard_instruction_items.h>  // for SequenceItem
#include <oac_tree_gui/model/universal_variable_item.h>     // for Universal...
#include <oac_tree_gui/model/workspace_item.h>              // for Workspace...
#include <testutils/folder_test.h>                          // for FolderTest
#include <string>                                           // for basic_string
#include <vector>                                           // for vector
#include "oac_tree_gui/domain/domain_constants.h"           // for kLocalVar...
#include "oac_tree_gui/model/instruction_item.h"            // for Instructi...
#include "oac_tree_gui/model/sequencer_model.h"             // for Sequencer...
#include "oac_tree_gui/model/universal_instruction_item.h"  // for Universal...
#include "oac_tree_gui/model/variable_item.h"               // for VariableItem
---


/home/pospelov/development/iter/projects/sequencer-gui/test/testoac-tree-gui-core/sequencer_settings_helper_tests.cpp should add these lines:
#include <string>                                          // for basic_string
#include <vector>                                          // for vector

/home/pospelov/development/iter/projects/sequencer-gui/test/testoac-tree-gui-core/sequencer_settings_helper_tests.cpp should remove these lines:
- #include <testutils/test_utils.h>  // lines 34-34

The full include-list for /home/pospelov/development/iter/projects/sequencer-gui/test/testoac-tree-gui-core/sequencer_settings_helper_tests.cpp:
#include <gtest/gtest.h>                                   // for AssertionR...
#include <mvvm/core/platform.h>                            // for IsLinuxHost
#include <mvvm/test/test_helper.h>                         // for CreateText...
#include <mvvm/utils/container_utils.h>                    // for HaveSameEl...
#include <mvvm/utils/file_utils.h>                         // for Join
#include <oac_tree_gui/domain/domain_helper.h>             // for GetBasicPl...
#include <sup/gui/core/environment.h>                      // for IsOnCodac
#include <testutils/folder_test.h>                         // for FolderTest
#include <filesystem>                                      // for path, crea...
#include <string>                                          // for basic_string
#include <vector>                                          // for vector
#include "oac_tree_gui/model/sequencer_settings_helper.h"  // for GetDefault...
---


/home/pospelov/development/iter/projects/sequencer-gui/test/testoac-tree-gui-core/sequencer_settings_model_tests.cpp should add these lines:
#include <mvvm/model/compound_item.h>                     // for CompoundItem
#include <mvvm/model/i_session_model.h>                   // for ISessionModel
#include <mvvm/model/session_item.h>                      // for SessionItem
#include <memory>                                         // for unique_ptr
#include <string>                                         // for basic_string
#include <variant>                                        // for get
#include <vector>                                         // for vector

/home/pospelov/development/iter/projects/sequencer-gui/test/testoac-tree-gui-core/sequencer_settings_model_tests.cpp should remove these lines:
- #include <testutils/folder_test.h>  // lines 29-29

The full include-list for /home/pospelov/development/iter/projects/sequencer-gui/test/testoac-tree-gui-core/sequencer_settings_model_tests.cpp:
#include <gtest/gtest.h>                                  // for Message
#include <mvvm/model/compound_item.h>                     // for CompoundItem
#include <mvvm/model/i_session_model.h>                   // for ISessionModel
#include <mvvm/model/session_item.h>                      // for SessionItem
#include <oac_tree_gui/model/plugin_settings_item.h>      // for PluginSetti...
#include <sup/gui/model/common_settings_item.h>           // for CommonSetti...
#include <sup/gui/model/settings_constants.h>             // for kUndoLimitS...
#include <memory>                                         // for unique_ptr
#include <string>                                         // for basic_string
#include <variant>                                        // for get
#include <vector>                                         // for vector
#include "oac_tree_gui/model/sequencer_settings_model.h"  // for SequencerSe...
---


/home/pospelov/development/iter/projects/sequencer-gui/test/testoac-tree-gui-core/standard_instruction_items_tests.cpp should add these lines:
#include <mvvm/model/session_item.h>
#include <mvvm/model/tagindex.h>
#include <sup/dto/anytype.h>
#include <memory>
#include <string>
#include <utility>
#include <variant>                                                   // for get
#include <vector>
#include "oac_tree_gui/domain/domain_constants.h"
namespace oac_tree_gui { class InstructionItem; }

/home/pospelov/development/iter/projects/sequencer-gui/test/testoac-tree-gui-core/standard_instruction_items_tests.cpp should remove these lines:
- #include <oac_tree_gui/model/item_constants.h>  // lines 24-24
- #include <oac_tree_gui/transform/transform_from_domain.h>  // lines 27-27
- #include <sup/gui/model/anyvalue_conversion_utils.h>  // lines 29-29
- #include <testutils/test_utils.h>  // lines 40-40

The full include-list for /home/pospelov/development/iter/projects/sequencer-gui/test/testoac-tree-gui-core/standard_instruction_items_tests.cpp:
#include <gtest/gtest.h>
#include <mvvm/core/mvvm_exceptions.h>
#include <mvvm/model/item_utils.h>
#include <mvvm/model/session_item.h>
#include <mvvm/model/tagindex.h>
#include <oac_tree_gui/domain/domain_helper.h>
#include <oac_tree_gui/model/universal_item_helper.h>
#include <oac_tree_gui/transform/attribute_item_transform_helper.h>
#include <sup/dto/anytype.h>
#include <sup/gui/model/anyvalue_item.h>
#include <sup/oac-tree/exceptions.h>
#include <sup/oac-tree/instruction.h>
#include <sup/oac-tree/procedure.h>
#include <memory>
#include <string>
#include <utility>
#include <variant>                                                   // for get
#include <vector>
#include "oac_tree_gui/domain/domain_constants.h"
#include "oac_tree_gui/model/standard_instruction_items.h"
namespace oac_tree_gui { class InstructionItem; }
---


/home/pospelov/development/iter/projects/sequencer-gui/test/testoac-tree-gui-core/standard_job_items_tests.cpp should add these lines:
#include <mvvm/model/item_traits.h>                 // for GetTypeName
#include <mvvm/model/session_item.h>                // for SessionItem
#include <mvvm/model/tagindex.h>                    // for TagIndex
#include <chrono>                                   // for milliseconds
#include <cstddef>                                  // for size_t
#include <memory>                                   // for unique_ptr, make_...
#include <string>                                   // for basic_string, string
#include <utility>                                  // for move
#include "oac_tree_gui/model/job_item.h"            // for JobItem

/home/pospelov/development/iter/projects/sequencer-gui/test/testoac-tree-gui-core/standard_job_items_tests.cpp should remove these lines:

The full include-list for /home/pospelov/development/iter/projects/sequencer-gui/test/testoac-tree-gui-core/standard_job_items_tests.cpp:
#include <gtest/gtest.h>                            // for Message, TestPart...
#include <mvvm/model/application_model.h>           // for ApplicationModel
#include <mvvm/model/item_traits.h>                 // for GetTypeName
#include <mvvm/model/session_item.h>                // for SessionItem
#include <mvvm/model/tagindex.h>                    // for TagIndex
#include <oac_tree_gui/core/exceptions.h>           // for RuntimeException
#include <oac_tree_gui/model/procedure_item.h>      // for ProcedureItem
#include <chrono>                                   // for milliseconds
#include <cstddef>                                  // for size_t
#include <memory>                                   // for unique_ptr, make_...
#include <string>                                   // for basic_string, string
#include <utility>                                  // for move
#include "oac_tree_gui/model/job_item.h"            // for JobItem
#include "oac_tree_gui/model/standard_job_items.h"  // for RemoteJobItem
---


/home/pospelov/development/iter/projects/sequencer-gui/test/testoac-tree-gui-core/standard_variable_items_tests.cpp should add these lines:
#include <mvvm/model/session_item.h>
#include <mvvm/model/tagindex.h>
#include <sup/dto/anytype.h>
#include <sup/dto/anyvalue.h>
#include <memory>
#include <string>
#include <utility>
#include <vector>
#include "oac_tree_gui/domain/domain_constants.h"
#include "oac_tree_gui/domain/sequencer_types_fwd.h"

/home/pospelov/development/iter/projects/sequencer-gui/test/testoac-tree-gui-core/standard_variable_items_tests.cpp should remove these lines:
- #include <oac_tree_gui/core/exceptions.h>  // lines 23-23
- #include <oac_tree_gui/transform/transform_from_domain.h>  // lines 28-28
- #include <sup/gui/model/anyvalue_conversion_utils.h>  // lines 30-30
- #include <sup/oac-tree/exceptions.h>  // lines 35-35
- #include <testutils/test_utils.h>  // lines 40-40

The full include-list for /home/pospelov/development/iter/projects/sequencer-gui/test/testoac-tree-gui-core/standard_variable_items_tests.cpp:
#include <gtest/gtest.h>
#include <mvvm/model/property_item.h>
#include <mvvm/model/session_item.h>
#include <mvvm/model/tagindex.h>
#include <oac_tree_gui/domain/domain_helper.h>
#include <oac_tree_gui/model/item_constants.h>
#include <oac_tree_gui/transform/anyvalue_item_transform_helper.h>
#include <oac_tree_gui/transform/attribute_item_transform_helper.h>
#include <sup/dto/anytype.h>
#include <sup/dto/anyvalue.h>
#include <sup/gui/model/anyvalue_item.h>
#include <sup/oac-tree/variable.h>
#include <sup/oac-tree/workspace.h>
#include <memory>
#include <string>
#include <utility>
#include <vector>
#include "oac_tree_gui/domain/domain_constants.h"
#include "oac_tree_gui/domain/sequencer_types_fwd.h"
#include "oac_tree_gui/model/standard_variable_items.h"
---


/home/pospelov/development/iter/projects/sequencer-gui/test/testoac-tree-gui-core/text_edit_item_tests.cpp should add these lines:
#include <string>                               // for basic_string, string
#include <vector>                               // for vector

/home/pospelov/development/iter/projects/sequencer-gui/test/testoac-tree-gui-core/text_edit_item_tests.cpp should remove these lines:

The full include-list for /home/pospelov/development/iter/projects/sequencer-gui/test/testoac-tree-gui-core/text_edit_item_tests.cpp:
#include <gtest/gtest.h>                        // for AssertionResult, Message
#include <string>                               // for basic_string, string
#include <vector>                               // for vector
#include "oac_tree_gui/model/text_edit_item.h"  // for TextEditItem, GetSett...
---


/home/pospelov/development/iter/projects/sequencer-gui/test/testoac-tree-gui-core/transform_from_domain_tests.cpp should add these lines:
#include <sup/oac-tree/execution_status.h>                 // for ExecutionS...
#include <sup/oac-tree/job_states.h>                       // for JobState
#include <string>                                          // for basic_string
#include "oac_tree_gui/model/instruction_status.h"         // for Instructio...
#include "oac_tree_gui/model/runner_status.h"              // for RunnerStatus

/home/pospelov/development/iter/projects/sequencer-gui/test/testoac-tree-gui-core/transform_from_domain_tests.cpp should remove these lines:

The full include-list for /home/pospelov/development/iter/projects/sequencer-gui/test/testoac-tree-gui-core/transform_from_domain_tests.cpp:
#include <gtest/gtest.h>                                   // for Message
#include <sup/oac-tree/execution_status.h>                 // for ExecutionS...
#include <sup/oac-tree/job_states.h>                       // for JobState
#include <string>                                          // for basic_string
#include "oac_tree_gui/model/instruction_status.h"         // for Instructio...
#include "oac_tree_gui/model/runner_status.h"              // for RunnerStatus
#include "oac_tree_gui/transform/transform_from_domain.h"  // for GetRunnerS...
---


/home/pospelov/development/iter/projects/sequencer-gui/test/testoac-tree-gui-core/universal_instruction_item_tests.cpp should add these lines:
#include <mvvm/model/item_traits.h>                         // for GetTypeName
#include <mvvm/model/session_item.h>                        // for SessionItem
#include <sup/oac-tree/exceptions.h>                        // for InvalidOp...
#include <memory>                                           // for unique_ptr
#include <string>                                           // for basic_string
#include <variant>                                          // for get
#include <vector>                                           // for vector

/home/pospelov/development/iter/projects/sequencer-gui/test/testoac-tree-gui-core/universal_instruction_item_tests.cpp should remove these lines:

The full include-list for /home/pospelov/development/iter/projects/sequencer-gui/test/testoac-tree-gui-core/universal_instruction_item_tests.cpp:
#include <gtest/gtest.h>                                    // for Message
#include <mvvm/model/item_traits.h>                         // for GetTypeName
#include <mvvm/model/item_utils.h>                          // for Registere...
#include <mvvm/model/session_item.h>                        // for SessionItem
#include <oac_tree_gui/domain/domain_constants.h>           // for kWaitInst...
#include <oac_tree_gui/domain/domain_helper.h>              // for CreateDom...
#include <oac_tree_gui/model/item_constants.h>              // for kBehaviorTag
#include <oac_tree_gui/model/universal_item_helper.h>       // for IsCollapsed
#include <sup/oac-tree/exceptions.h>                        // for InvalidOp...
#include <sup/oac-tree/instruction.h>                       // for Instruction
#include <memory>                                           // for unique_ptr
#include <string>                                           // for basic_string
#include <variant>                                          // for get
#include <vector>                                           // for vector
#include "oac_tree_gui/model/universal_instruction_item.h"  // for Universal...
---


/home/pospelov/development/iter/projects/sequencer-gui/test/testoac-tree-gui-core/universal_item_helper_tests.cpp should add these lines:
#include <mvvm/model/item_traits.h>                         // for GetTypeName
#include <mvvm/model/tagindex.h>                            // for TagIndex
#include <string>                                           // for basic_string
#include <vector>                                           // for vector
#include "oac_tree_gui/model/instruction_item.h"            // for Instructi...
namespace oac_tree_gui { class UniversalInstructionItem; }

/home/pospelov/development/iter/projects/sequencer-gui/test/testoac-tree-gui-core/universal_item_helper_tests.cpp should remove these lines:
- #include <mvvm/utils/numeric_utils.h>  // lines 30-30

The full include-list for /home/pospelov/development/iter/projects/sequencer-gui/test/testoac-tree-gui-core/universal_item_helper_tests.cpp:
#include <gtest/gtest.h>                                    // for Assertion...
#include <mvvm/model/item_traits.h>                         // for GetTypeName
#include <mvvm/model/tagindex.h>                            // for TagIndex
#include <mvvm/standarditems/container_item.h>              // for Container...
#include <oac_tree_gui/domain/domain_constants.h>           // for kShowColl...
#include <oac_tree_gui/model/instruction_container_item.h>  // for Instructi...
#include <oac_tree_gui/model/procedure_item.h>              // for Procedure...
#include <oac_tree_gui/model/sequencer_model.h>             // for Sequencer...
#include <oac_tree_gui/model/standard_instruction_items.h>  // for SequenceItem
#include <testutils/universal_items.h>                      // for UnknownDo...
#include <string>                                           // for basic_string
#include <vector>                                           // for vector
#include "oac_tree_gui/model/instruction_item.h"            // for Instructi...
#include "oac_tree_gui/model/universal_item_helper.h"       // for IsCollapsed
namespace oac_tree_gui { class UniversalInstructionItem; }
---


/home/pospelov/development/iter/projects/sequencer-gui/test/testoac-tree-gui-core/universal_variable_item_tests.cpp should add these lines:
#include <mvvm/model/item_traits.h>                      // for GetTypeName
#include <mvvm/model/session_item.h>                     // for SessionItem
#include <memory>                                        // for allocator
#include <string>                                        // for basic_string
#include <variant>                                       // for get
#include <vector>                                        // for vector
#include "oac_tree_gui/domain/sequencer_types_fwd.h"     // for workspace_t

/home/pospelov/development/iter/projects/sequencer-gui/test/testoac-tree-gui-core/universal_variable_item_tests.cpp should remove these lines:
- #include <oac_tree_gui/core/exceptions.h>  // lines 23-23

The full include-list for /home/pospelov/development/iter/projects/sequencer-gui/test/testoac-tree-gui-core/universal_variable_item_tests.cpp:
#include <gtest/gtest.h>                                 // for Message, Tes...
#include <mvvm/model/item_traits.h>                      // for GetTypeName
#include <mvvm/model/item_utils.h>                       // for RegisteredTags
#include <mvvm/model/session_item.h>                     // for SessionItem
#include <oac_tree_gui/domain/domain_constants.h>        // for kLocalVariab...
#include <oac_tree_gui/domain/domain_helper.h>           // for CreateDomain...
#include <oac_tree_gui/model/item_constants.h>           // for kIsAvailable
#include <sup/oac-tree/exceptions.h>                     // for InvalidOpera...
#include <sup/oac-tree/variable.h>                       // for Variable
#include <sup/oac-tree/workspace.h>                      // for Workspace
#include <memory>                                        // for allocator
#include <string>                                        // for basic_string
#include <variant>                                       // for get
#include <vector>                                        // for vector
#include "oac_tree_gui/domain/sequencer_types_fwd.h"     // for workspace_t
#include "oac_tree_gui/model/universal_variable_item.h"  // for UniversalVar...
---


/home/pospelov/development/iter/projects/sequencer-gui/test/testoac-tree-gui-core/variable_info_item_tests.cpp should add these lines:
#include <mvvm/model/item_traits.h>
#include <mvvm/model/session_item.h>
#include <sup/dto/anytype.h>
#include <sup/dto/anyvalue.h>
#include <sup/dto/basic_scalar_types.h>
#include <memory>
#include <string>
#include <utility>                                                  // for pair
#include <variant>                                                  // for get
#include <vector>

/home/pospelov/development/iter/projects/sequencer-gui/test/testoac-tree-gui-core/variable_info_item_tests.cpp should remove these lines:

The full include-list for /home/pospelov/development/iter/projects/sequencer-gui/test/testoac-tree-gui-core/variable_info_item_tests.cpp:
#include <gtest/gtest.h>
#include <mvvm/model/item_traits.h>
#include <mvvm/model/item_utils.h>
#include <mvvm/model/session_item.h>
#include <oac_tree_gui/domain/domain_automation_helper.h>
#include <oac_tree_gui/domain/domain_constants.h>
#include <oac_tree_gui/domain/domain_helper.h>
#include <oac_tree_gui/model/item_constants.h>
#include <oac_tree_gui/model/sequencer_item_helper.h>
#include <oac_tree_gui/transform/anyvalue_item_transform_helper.h>
#include <sup/dto/anytype.h>
#include <sup/dto/anyvalue.h>
#include <sup/dto/basic_scalar_types.h>
#include <sup/oac-tree/exceptions.h>
#include <sup/oac-tree/variable.h>
#include <sup/oac-tree/variable_info.h>
#include <testutils/sequencer_test_utils.h>
#include <memory>
#include <string>
#include <utility>                                                  // for pair
#include <variant>                                                  // for get
#include <vector>
#include "oac_tree_gui/model/variable_info_item.h"
---


/home/pospelov/development/iter/projects/sequencer-gui/test/testoac-tree-gui-core/variable_item_tests.cpp should add these lines:
#include <string>                                     // for basic_string
#include <vector>                                     // for vector
#include "oac_tree_gui/domain/sequencer_types_fwd.h"  // for variable_t, any...

/home/pospelov/development/iter/projects/sequencer-gui/test/testoac-tree-gui-core/variable_item_tests.cpp should remove these lines:
- #include <oac_tree_gui/domain/domain_constants.h>  // lines 23-23

The full include-list for /home/pospelov/development/iter/projects/sequencer-gui/test/testoac-tree-gui-core/variable_item_tests.cpp:
#include <gtest/gtest.h>                              // for Message, Assert...
#include <mvvm/model/item_utils.h>                    // for RegisteredTags
#include <oac_tree_gui/model/item_constants.h>        // for kIsAvailable
#include <string>                                     // for basic_string
#include <vector>                                     // for vector
#include "oac_tree_gui/domain/sequencer_types_fwd.h"  // for variable_t, any...
#include "oac_tree_gui/model/variable_item.h"         // for VariableItem
---


/home/pospelov/development/iter/projects/sequencer-gui/test/testoac-tree-gui-core/variable_item_transform_helper_tests.cpp should add these lines:
#include <mvvm/model/item_traits.h>
#include <mvvm/model/tagindex.h>
#include <sup/dto/anytype.h>
#include <sup/dto/anyvalue.h>
#include <sup/oac-tree/attribute_info.h>
#include <sup/oac-tree/procedure.h>
#include <cstddef>
#include <memory>
#include <string>
#include <utility>                                                  // for pair
#include <vector>
#include "oac_tree_gui/domain/domain_constants.h"
namespace oac_tree_gui { class VariableInfoItem; }

/home/pospelov/development/iter/projects/sequencer-gui/test/testoac-tree-gui-core/variable_item_transform_helper_tests.cpp should remove these lines:
- #include <oac_tree_gui/model/variable_info_item.h>  // lines 26-26
- #include <sup/gui/model/anyvalue_conversion_utils.h>  // lines 31-31

The full include-list for /home/pospelov/development/iter/projects/sequencer-gui/test/testoac-tree-gui-core/variable_item_transform_helper_tests.cpp:
#include <gtest/gtest.h>
#include <mvvm/model/item_traits.h>
#include <mvvm/model/tagindex.h>
#include <oac_tree_gui/core/exceptions.h>
#include <oac_tree_gui/model/item_constants.h>
#include <oac_tree_gui/model/standard_variable_items.h>
#include <oac_tree_gui/model/variable_item.h>
#include <oac_tree_gui/model/workspace_item.h>
#include <oac_tree_gui/transform/anyvalue_item_transform_helper.h>
#include <sup/dto/anytype.h>
#include <sup/dto/anyvalue.h>
#include <sup/oac-tree/attribute_info.h>
#include <sup/oac-tree/procedure.h>
#include <sup/oac-tree/sequence_parser.h>
#include <sup/oac-tree/variable_info.h>
#include <sup/oac-tree/workspace_info.h>
#include <testutils/sequencer_test_utils.h>
#include <cstddef>
#include <memory>
#include <string>
#include <utility>                                                  // for pair
#include <vector>
#include "oac_tree_gui/domain/domain_constants.h"
#include "oac_tree_gui/transform/variable_item_transform_helper.h"
namespace oac_tree_gui { class VariableInfoItem; }
---


/home/pospelov/development/iter/projects/sequencer-gui/test/testoac-tree-gui-core/version_tests.cpp should add these lines:
#include <string>                       // for basic_string

/home/pospelov/development/iter/projects/sequencer-gui/test/testoac-tree-gui-core/version_tests.cpp should remove these lines:

The full include-list for /home/pospelov/development/iter/projects/sequencer-gui/test/testoac-tree-gui-core/version_tests.cpp:
#include <gtest/gtest.h>                // for Message, CmpHelperEQ, CmpHelp...
#include <string>                       // for basic_string
#include "oac_tree_gui/core/version.h"  // for ProjectVersion, ProjectVersio...
#include "version_constants.h"          // for kProjectVersionMajor, kProjec...
---


/home/pospelov/development/iter/projects/sequencer-gui/test/testoac-tree-gui-core/workspace_item_tests.cpp should add these lines:
#include <mvvm/model/tagindex.h>                         // for TagIndex
#include <string>                                        // for basic_string
#include <vector>                                        // for vector
namespace oac_tree_gui { class VariableItem; }

/home/pospelov/development/iter/projects/sequencer-gui/test/testoac-tree-gui-core/workspace_item_tests.cpp should remove these lines:

The full include-list for /home/pospelov/development/iter/projects/sequencer-gui/test/testoac-tree-gui-core/workspace_item_tests.cpp:
#include <gtest/gtest.h>                                 // for AssertionResult
#include <mvvm/model/tagindex.h>                         // for TagIndex
#include <oac_tree_gui/model/standard_variable_items.h>  // for LocalVariabl...
#include <oac_tree_gui/model/workspace_item.h>           // for WorkspaceItem
#include <string>                                        // for basic_string
#include <vector>                                        // for vector
namespace oac_tree_gui { class VariableItem; }
---


/home/pospelov/development/iter/projects/sequencer-gui/test/testoac-tree-gui-core/xml_utils_tests.cpp should add these lines:
#include <gtest/gtest.h>
#include <mvvm/model/tagindex.h>
#include <sup/dto/anytype.h>
#include <memory>
#include <string>

/home/pospelov/development/iter/projects/sequencer-gui/test/testoac-tree-gui-core/xml_utils_tests.cpp should remove these lines:

The full include-list for /home/pospelov/development/iter/projects/sequencer-gui/test/testoac-tree-gui-core/xml_utils_tests.cpp:
#include <gtest/gtest.h>
#include <mvvm/model/tagindex.h>
#include <mvvm/test/test_helper.h>
#include <oac_tree_gui/model/instruction_container_item.h>
#include <oac_tree_gui/model/procedure_item.h>
#include <oac_tree_gui/model/standard_instruction_items.h>
#include <oac_tree_gui/model/standard_variable_items.h>
#include <oac_tree_gui/model/workspace_item.h>
#include <oac_tree_gui/transform/anyvalue_item_transform_helper.h>
#include <sup/dto/anytype.h>
#include <sup/dto/anyvalue.h>
#include <testutils/folder_test.h>
#include <testutils/test_utils.h>
#include <memory>
#include <string>
#include "oac_tree_gui/model/xml_utils.h"
---


(/home/pospelov/development/iter/projects/sequencer-gui/out/build/terminal/test/testoac-tree-gui-core/dummy_lib/domain_loader_dummy_autogen/mocs_compilation.cpp has correct #includes/fwd-decls)


(/home/pospelov/development/iter/projects/sequencer-gui/test/testoac-tree-gui-core/dummy_lib/domain_loader_dummy.cpp has correct #includes/fwd-decls)


(/home/pospelov/development/iter/projects/sequencer-gui/out/build/terminal/test/testoac-tree-gui-components/testoac-tree-gui-components_autogen/mocs_compilation.cpp has correct #includes/fwd-decls)


/home/pospelov/development/iter/projects/sequencer-gui/test/testoac-tree-gui-components/align_node_tests.cpp should add these lines:
#include <memory>                                // for make_unique, unique_ptr
#include <string>                                // for basic_string
#include <utility>                               // for move, get, make_pair
#include <vector>                                // for vector

/home/pospelov/development/iter/projects/sequencer-gui/test/testoac-tree-gui-components/align_node_tests.cpp should remove these lines:

The full include-list for /home/pospelov/development/iter/projects/sequencer-gui/test/testoac-tree-gui-components/align_node_tests.cpp:
#include <gtest/gtest.h>                         // for Message, AssertionRe...
#include <memory>                                // for make_unique, unique_ptr
#include <string>                                // for basic_string
#include <utility>                               // for move, get, make_pair
#include <vector>                                // for vector
#include "oac_tree_gui/nodeeditor/align_node.h"  // for AlignNode
---


/home/pospelov/development/iter/projects/sequencer-gui/test/testoac-tree-gui-components/align_utils_tests.cpp should add these lines:
#include <map>                                    // for map
#include <memory>                                 // for unique_ptr, make_un...
#include <string>                                 // for basic_string

/home/pospelov/development/iter/projects/sequencer-gui/test/testoac-tree-gui-components/align_utils_tests.cpp should remove these lines:

The full include-list for /home/pospelov/development/iter/projects/sequencer-gui/test/testoac-tree-gui-components/align_utils_tests.cpp:
#include <gtest/gtest.h>                          // for Message, TestPartRe...
#include <oac_tree_gui/nodeeditor/align_node.h>   // for AlignNode
#include <map>                                    // for map
#include <memory>                                 // for unique_ptr, make_un...
#include <string>                                 // for basic_string
#include "oac_tree_gui/nodeeditor/align_utils.h"  // for CalculateInitialX
---


/home/pospelov/development/iter/projects/sequencer-gui/test/testoac-tree-gui-components/attribute_editor_action_handler_tests.cpp should add these lines:
#include <mvvm/core/basic_scalar_types.h>
#include <sup/dto/anytype.h>
#include <functional>
#include <memory>
#include <string>
#include <variant>                                                   // for get
#include <vector>
#include "oac_tree_gui/composer/attribute_editor_context.h"
#include "oac_tree_gui/domain/domain_constants.h"

/home/pospelov/development/iter/projects/sequencer-gui/test/testoac-tree-gui-components/attribute_editor_action_handler_tests.cpp should remove these lines:
- #include <testutils/test_utils.h>  // lines 37-37

The full include-list for /home/pospelov/development/iter/projects/sequencer-gui/test/testoac-tree-gui-components/attribute_editor_action_handler_tests.cpp:
#include <gtest/gtest.h>
#include <mvvm/core/basic_scalar_types.h>
#include <mvvm/model/session_item.h>
#include <oac_tree_gui/model/item_constants.h>
#include <oac_tree_gui/model/sequencer_item_helper.h>
#include <oac_tree_gui/model/standard_instruction_items.h>
#include <oac_tree_gui/model/standard_variable_items.h>
#include <oac_tree_gui/transform/anyvalue_item_transform_helper.h>
#include <oac_tree_gui/transform/attribute_item_transform_helper.h>
#include <sup/dto/anytype.h>
#include <sup/dto/anyvalue.h>
#include <sup/gui/model/anyvalue_item.h>
#include <functional>
#include <memory>
#include <string>
#include <variant>                                                   // for get
#include <vector>
#include "oac_tree_gui/composer/attribute_editor_action_handler.h"
#include "oac_tree_gui/composer/attribute_editor_context.h"
#include "oac_tree_gui/domain/domain_constants.h"
---


/home/pospelov/development/iter/projects/sequencer-gui/test/testoac-tree-gui-components/breakpoint_controller_tests.cpp should add these lines:
#include <string>                                           // for allocator
#include "oac_tree_gui/operation/breakpoint_types.h"        // for Breakpoin...

/home/pospelov/development/iter/projects/sequencer-gui/test/testoac-tree-gui-components/breakpoint_controller_tests.cpp should remove these lines:
- #include <oac_tree_gui/model/instruction_item.h>  // lines 24-24

The full include-list for /home/pospelov/development/iter/projects/sequencer-gui/test/testoac-tree-gui-components/breakpoint_controller_tests.cpp:
#include <gtest/gtest.h>                                    // for Message
#include <mvvm/standarditems/container_item.h>              // for Container...
#include <oac_tree_gui/model/instruction_container_item.h>  // for Instructi...
#include <oac_tree_gui/model/procedure_item.h>              // for Procedure...
#include <oac_tree_gui/model/sequencer_model.h>             // for Sequencer...
#include <oac_tree_gui/model/standard_instruction_items.h>  // for SequenceItem
#include <oac_tree_gui/operation/breakpoint_helper.h>       // for GetBreakp...
#include <string>                                           // for allocator
#include "oac_tree_gui/operation/breakpoint_controller.h"   // for Breakpoin...
#include "oac_tree_gui/operation/breakpoint_types.h"        // for Breakpoin...
---


/home/pospelov/development/iter/projects/sequencer-gui/test/testoac-tree-gui-components/breakpoint_helper_tests.cpp should add these lines:
#include <mvvm/model/tagindex.h>                            // for TagIndex
#include <string>                                           // for basic_string
#include <vector>                                           // for vector
#include "oac_tree_gui/operation/breakpoint_types.h"        // for Breakpoin...

/home/pospelov/development/iter/projects/sequencer-gui/test/testoac-tree-gui-components/breakpoint_helper_tests.cpp should remove these lines:
- #include <oac_tree_gui/model/instruction_item.h>  // lines 25-25
- #include <oac_tree_gui/model/sequencer_item_helper.h>  // lines 26-26

The full include-list for /home/pospelov/development/iter/projects/sequencer-gui/test/testoac-tree-gui-components/breakpoint_helper_tests.cpp:
#include <gtest/gtest.h>                                    // for Message
#include <mvvm/model/model_utils.h>                         // for ItemFromPath
#include <mvvm/model/tagindex.h>                            // for TagIndex
#include <oac_tree_gui/core/exceptions.h>                   // for LogicErro...
#include <oac_tree_gui/model/instruction_container_item.h>  // for Instructi...
#include <oac_tree_gui/model/sequencer_model.h>             // for Sequencer...
#include <oac_tree_gui/model/standard_instruction_items.h>  // for SequenceItem
#include <string>                                           // for basic_string
#include <vector>                                           // for vector
#include "oac_tree_gui/operation/breakpoint_helper.h"       // for GetBreakp...
#include "oac_tree_gui/operation/breakpoint_types.h"        // for Breakpoin...
---


/home/pospelov/development/iter/projects/sequencer-gui/test/testoac-tree-gui-components/connectable_instruction_adapter_tests.cpp should add these lines:
#include <mvvm/model/tagindex.h>
#include <mvvm/nodeeditor/connectable_shape_style.h>
#include <mvvm/nodeeditor/node_editor_types.h>
#include <mvvm/nodeeditor/port_info.h>
#include <qcolor.h>
#include <qstring.h>
#include <string>
#include <vector>
#include "oac_tree_gui/model/instruction_status.h"

/home/pospelov/development/iter/projects/sequencer-gui/test/testoac-tree-gui-components/connectable_instruction_adapter_tests.cpp should remove these lines:
- #include <mvvm/nodeeditor/node_port.h>  // lines 28-28

The full include-list for /home/pospelov/development/iter/projects/sequencer-gui/test/testoac-tree-gui-components/connectable_instruction_adapter_tests.cpp:
#include <gtest/gtest.h>
#include <mvvm/model/tagindex.h>
#include <mvvm/nodeeditor/connectable_shape_style.h>
#include <mvvm/nodeeditor/node_editor_types.h>
#include <mvvm/nodeeditor/port_info.h>
#include <oac_tree_gui/core/exceptions.h>
#include <oac_tree_gui/model/standard_instruction_items.h>
#include <oac_tree_gui/model/universal_item_helper.h>
#include <oac_tree_gui/nodeeditor/scene_utils.h>
#include <qcolor.h>
#include <qstring.h>
#include <string>
#include <vector>
#include "oac_tree_gui/model/instruction_status.h"
#include "oac_tree_gui/nodeeditor/connectable_instruction_adapter.h"
---


/home/pospelov/development/iter/projects/sequencer-gui/test/testoac-tree-gui-components/connectable_shape_factory_tests.cpp should add these lines:
#include <memory>                                               // for uniqu...
#include <string>                                               // for basic...

/home/pospelov/development/iter/projects/sequencer-gui/test/testoac-tree-gui-components/connectable_shape_factory_tests.cpp should remove these lines:
- #include <mvvm/nodeeditor/i_connectable_shape_adapter.h>  // lines 26-26

The full include-list for /home/pospelov/development/iter/projects/sequencer-gui/test/testoac-tree-gui-components/connectable_shape_factory_tests.cpp:
#include <gtest/gtest.h>                                        // for Message
#include <mvvm/nodeeditor/connectable_shape.h>                  // for Conne...
#include <mvvm/standarditems/vector_item.h>                     // for Vecto...
#include <oac_tree_gui/model/standard_instruction_items.h>      // for Seque...
#include <memory>                                               // for uniqu...
#include <string>                                               // for basic...
#include "oac_tree_gui/nodeeditor/connectable_shape_factory.h"  // for Conne...
---


/home/pospelov/development/iter/projects/sequencer-gui/test/testoac-tree-gui-components/custom_children_strategies_tests.cpp should add these lines:
#include <mvvm/model/item_traits.h>
#include <mvvm/model/session_item.h>
#include <mvvm/model/tagindex.h>
#include <sup/dto/anytype.h>
#include <initializer_list>
#include <string>
#include <utility>                                                  // for pair
#include <vector>

/home/pospelov/development/iter/projects/sequencer-gui/test/testoac-tree-gui-components/custom_children_strategies_tests.cpp should remove these lines:
- #include <mvvm/model/item_utils.h>  // lines 35-35
- #include <oac_tree_gui/domain/domain_constants.h>  // lines 23-23
- #include <oac_tree_gui/model/item_constants.h>  // lines 25-25
- #include <sup/gui/model/anyvalue_item_constants.h>  // lines 33-33

The full include-list for /home/pospelov/development/iter/projects/sequencer-gui/test/testoac-tree-gui-components/custom_children_strategies_tests.cpp:
#include <gtest/gtest.h>
#include <mvvm/model/item_traits.h>
#include <mvvm/model/session_item.h>
#include <mvvm/model/tagindex.h>
#include <oac_tree_gui/model/instruction_container_item.h>
#include <oac_tree_gui/model/standard_instruction_items.h>
#include <oac_tree_gui/model/standard_variable_items.h>
#include <oac_tree_gui/model/universal_item_helper.h>
#include <oac_tree_gui/model/workspace_item.h>
#include <oac_tree_gui/transform/anyvalue_item_transform_helper.h>
#include <sup/dto/anytype.h>
#include <sup/dto/anyvalue.h>
#include <sup/gui/model/anyvalue_item.h>
#include <initializer_list>
#include <string>
#include <utility>                                                  // for pair
#include <vector>
#include "oac_tree_gui/components/custom_children_strategies.h"
---


/home/pospelov/development/iter/projects/sequencer-gui/test/testoac-tree-gui-components/custom_presentation_item_tests.cpp should add these lines:
#include <mvvm/core/mvvm_types.h>                               // for kDisplay
#include <qcolor.h>                                             // for QColor
#include <qcontainerfwd.h>                                      // for QVector
#include <qlist.h>                                              // for QList
#include <qnamespace.h>                                         // for ItemD...
#include <qstring.h>                                            // for QString
#include <qvariant.h>                                           // for QVariant
#include <string>                                               // for basic...

/home/pospelov/development/iter/projects/sequencer-gui/test/testoac-tree-gui-components/custom_presentation_item_tests.cpp should remove these lines:

The full include-list for /home/pospelov/development/iter/projects/sequencer-gui/test/testoac-tree-gui-components/custom_presentation_item_tests.cpp:
#include <gtest/gtest.h>                                        // for Asser...
#include <mvvm/core/mvvm_types.h>                               // for kDisplay
#include <mvvm/model/compound_item.h>                           // for Compo...
#include <oac_tree_gui/components/component_helper.h>           // for GetCo...
#include <qcolor.h>                                             // for QColor
#include <qcontainerfwd.h>                                      // for QVector
#include <qlist.h>                                              // for QList
#include <qnamespace.h>                                         // for ItemD...
#include <qstring.h>                                            // for QString
#include <qvariant.h>                                           // for QVariant
#include <string>                                               // for basic...
#include "oac_tree_gui/components/custom_presentation_items.h"  // for Chann...
---


/home/pospelov/development/iter/projects/sequencer-gui/test/testoac-tree-gui-components/custom_row_strategies_tests.cpp should add these lines:
#include <qcolor.h>
#include <qlist.h>
#include <qnamespace.h>
#include <qstring.h>
#include <qvariant.h>
#include <sup/dto/anytype.h>
#include <memory>
#include <string>
#include <utility>                                                  // for pair
#include <vector>
#include "oac_tree_gui/model/universal_variable_item.h"

/home/pospelov/development/iter/projects/sequencer-gui/test/testoac-tree-gui-components/custom_row_strategies_tests.cpp should remove these lines:
- #include <oac_tree_gui/domain/domain_automation_helper.h>  // lines 24-24
- #include <oac_tree_gui/model/workspace_item.h>  // lines 30-30

The full include-list for /home/pospelov/development/iter/projects/sequencer-gui/test/testoac-tree-gui-components/custom_row_strategies_tests.cpp:
#include <gtest/gtest.h>
#include <mvvm/providers/viewitem.h>
#include <oac_tree_gui/components/component_helper.h>
#include <oac_tree_gui/domain/domain_constants.h>
#include <oac_tree_gui/domain/domain_helper.h>
#include <oac_tree_gui/model/standard_instruction_items.h>
#include <oac_tree_gui/model/standard_variable_items.h>
#include <oac_tree_gui/model/variable_info_item.h>
#include <oac_tree_gui/transform/anyvalue_item_transform_helper.h>
#include <qcolor.h>
#include <qlist.h>
#include <qnamespace.h>
#include <qstring.h>
#include <qvariant.h>
#include <sup/dto/anytype.h>
#include <sup/dto/anyvalue.h>
#include <sup/gui/model/anyvalue_item.h>
#include <testutils/sequencer_test_utils.h>
#include <memory>
#include <string>
#include <utility>                                                  // for pair
#include <vector>
#include "oac_tree_gui/components/custom_row_strategies.h"
#include "oac_tree_gui/model/universal_variable_item.h"
---


/home/pospelov/development/iter/projects/sequencer-gui/test/testoac-tree-gui-components/custom_viewitem_factory_tests.cpp should add these lines:
#include <qcolor.h>                                           // for QColor
#include <qnamespace.h>                                       // for ItemDat...
#include <qstring.h>                                          // for QString
#include <qvariant.h>                                         // for QVariant
#include <memory>                                             // for unique_ptr
#include <string>                                             // for basic_s...

/home/pospelov/development/iter/projects/sequencer-gui/test/testoac-tree-gui-components/custom_viewitem_factory_tests.cpp should remove these lines:
- #include <oac_tree_gui/domain/domain_constants.h>  // lines 24-24

The full include-list for /home/pospelov/development/iter/projects/sequencer-gui/test/testoac-tree-gui-components/custom_viewitem_factory_tests.cpp:
#include <gtest/gtest.h>                                      // for Asserti...
#include <mvvm/providers/viewitem.h>                          // for ViewItem
#include <oac_tree_gui/components/component_helper.h>         // for GetConn...
#include <oac_tree_gui/domain/domain_helper.h>                // for IsSeque...
#include <oac_tree_gui/model/standard_instruction_items.h>    // for Sequenc...
#include <oac_tree_gui/model/standard_variable_items.h>       // for PvAcces...
#include <qcolor.h>                                           // for QColor
#include <qnamespace.h>                                       // for ItemDat...
#include <qstring.h>                                          // for QString
#include <qvariant.h>                                         // for QVariant
#include <memory>                                             // for unique_ptr
#include <string>                                             // for basic_s...
#include "oac_tree_gui/components/custom_viewitem_factory.h"  // for CreateC...
---


/home/pospelov/development/iter/projects/sequencer-gui/test/testoac-tree-gui-components/domain_event_dispatcher_tests.cpp should add these lines:
#include <sup/dto/basic_scalar_types.h>
#include <sup/oac-tree/execution_status.h>
#include <sup/oac-tree/instruction_state.h>
#include <sup/oac-tree/job_states.h>
#include <memory>
#include <string>
#include "gmock/gmock.h"
#include "oac_tree_gui/jobsystem/domain_event_dispatcher_context.h"

/home/pospelov/development/iter/projects/sequencer-gui/test/testoac-tree-gui-components/domain_event_dispatcher_tests.cpp should remove these lines:

The full include-list for /home/pospelov/development/iter/projects/sequencer-gui/test/testoac-tree-gui-components/domain_event_dispatcher_tests.cpp:
#include <gtest/gtest.h>
#include <oac_tree_gui/jobsystem/domain_events.h>
#include <sup/dto/basic_scalar_types.h>
#include <sup/oac-tree/execution_status.h>
#include <sup/oac-tree/instruction_state.h>
#include <sup/oac-tree/job_states.h>
#include <testutils/mock_domain_event_listener.h>
#include <memory>
#include <string>
#include "gmock/gmock.h"
#include "oac_tree_gui/jobsystem/domain_event_dispatcher_context.h"
#include "oac_tree_gui/jobsystem/objects/domain_event_dispatcher.h"
---


/home/pospelov/development/iter/projects/sequencer-gui/test/testoac-tree-gui-components/domain_event_helper_tests.cpp should add these lines:
#include <sup/dto/basic_scalar_types.h>                  // for uint32
#include <sup/oac-tree/attribute_info.h>                 // for AttributeInfo
#include <sup/oac-tree/instruction.h>                    // for Instruction
#include <set>                                           // for set
#include <string>                                        // for basic_string
#include <utility>                                       // for move
#include <vector>                                        // for vector

/home/pospelov/development/iter/projects/sequencer-gui/test/testoac-tree-gui-components/domain_event_helper_tests.cpp should remove these lines:

The full include-list for /home/pospelov/development/iter/projects/sequencer-gui/test/testoac-tree-gui-components/domain_event_helper_tests.cpp:
#include <gtest/gtest.h>                                 // for Message, Cmp...
#include <oac_tree_gui/jobsystem/domain_event_helper.h>  // for CreateInstru...
#include <sup/dto/basic_scalar_types.h>                  // for uint32
#include <sup/oac-tree/attribute_info.h>                 // for AttributeInfo
#include <sup/oac-tree/instruction.h>                    // for Instruction
#include <sup/oac-tree/instruction_info.h>               // for InstructionInfo
#include <memory>                                        // for unique_ptr
#include <set>                                           // for set
#include <string>                                        // for basic_string
#include <utility>                                       // for move
#include <vector>                                        // for vector
---


/home/pospelov/development/iter/projects/sequencer-gui/test/testoac-tree-gui-components/domain_event_queue_tests.cpp should add these lines:
#include <sup/oac-tree/job_states.h>                            // for JobState
#include <string>                                               // for basic...
#include "oac_tree_gui/jobsystem/domain_events.h"               // for JobSt...

/home/pospelov/development/iter/projects/sequencer-gui/test/testoac-tree-gui-components/domain_event_queue_tests.cpp should remove these lines:

The full include-list for /home/pospelov/development/iter/projects/sequencer-gui/test/testoac-tree-gui-components/domain_event_queue_tests.cpp:
#include <gtest/gtest.h>                                        // for Message
#include <oac_tree_gui/core/exceptions.h>                       // for Runti...
#include <sup/oac-tree/job_states.h>                            // for JobState
#include <QSignalSpy>                                           // for QSign...
#include <string>                                               // for basic...
#include "oac_tree_gui/jobsystem/domain_events.h"               // for JobSt...
#include "oac_tree_gui/jobsystem/objects/domain_event_queue.h"  // for Domai...
---


/home/pospelov/development/iter/projects/sequencer-gui/test/testoac-tree-gui-components/domain_events_tests.cpp should add these lines:
#include <sup/dto/anytype.h>                       // for SignedInteger32Type
#include <sup/dto/anyvalue.h>                      // for AnyValue
#include <sup/oac-tree/execution_status.h>         // for ExecutionStatus
#include <sup/oac-tree/instruction_state.h>        // for InstructionState
#include <sup/oac-tree/job_states.h>               // for JobState
#include <string>                                  // for basic_string, string
#include <vector>                                  // for vector
#include "oac_tree_gui/jobsystem/log_event.h"      // for LogEvent

/home/pospelov/development/iter/projects/sequencer-gui/test/testoac-tree-gui-components/domain_events_tests.cpp should remove these lines:
- #include <oac_tree_gui/domain/domain_constants.h>  // lines 23-23
- #include <sup/oac-tree/instruction.h>  // lines 25-25

The full include-list for /home/pospelov/development/iter/projects/sequencer-gui/test/testoac-tree-gui-components/domain_events_tests.cpp:
#include <gtest/gtest.h>                           // for AssertionResult
#include <sup/dto/anytype.h>                       // for SignedInteger32Type
#include <sup/dto/anyvalue.h>                      // for AnyValue
#include <sup/oac-tree/execution_status.h>         // for ExecutionStatus
#include <sup/oac-tree/instruction_state.h>        // for InstructionState
#include <sup/oac-tree/job_states.h>               // for JobState
#include <string>                                  // for basic_string, string
#include <vector>                                  // for vector
#include "oac_tree_gui/jobsystem/domain_events.h"  // for VariableUpdatedEvent
#include "oac_tree_gui/jobsystem/log_event.h"      // for LogEvent
---


/home/pospelov/development/iter/projects/sequencer-gui/test/testoac-tree-gui-components/domain_job_observer_tests.cpp should add these lines:
#include <sup/dto/basic_scalar_types.h>                  // for uint32
#include <sup/oac-tree/instruction_state.h>              // for InstructionS...
#include <functional>                                    // for function
#include <initializer_list>                              // for initializer_...
#include <string>                                        // for basic_string
#include <variant>                                       // for visit, opera...
#include <vector>                                        // for vector
#include "oac_tree_gui/jobsystem/domain_events.h"        // for operator==

/home/pospelov/development/iter/projects/sequencer-gui/test/testoac-tree-gui-components/domain_job_observer_tests.cpp should remove these lines:
- #include <oac_tree_gui/jobsystem/user_context.h>  // lines 25-25

The full include-list for /home/pospelov/development/iter/projects/sequencer-gui/test/testoac-tree-gui-components/domain_job_observer_tests.cpp:
#include <gmock/gmock.h>                                 // for FormatFileLo...
#include <gtest/gtest.h>                                 // for GetTypeName
#include <oac_tree_gui/core/exceptions.h>                // for RuntimeExcep...
#include <oac_tree_gui/jobsystem/domain_event_helper.h>  // for CreateInstru...
#include <sup/dto/basic_scalar_types.h>                  // for uint32
#include <sup/oac-tree/execution_status.h>               // for ExecutionStatus
#include <sup/oac-tree/instruction_state.h>              // for InstructionS...
#include <functional>                                    // for function
#include <initializer_list>                              // for initializer_...
#include <string>                                        // for basic_string
#include <variant>                                       // for visit, opera...
#include <vector>                                        // for vector
#include "oac_tree_gui/jobsystem/domain_events.h"        // for operator==
#include "oac_tree_gui/jobsystem/domain_job_observer.h"  // for DomainJobObs...
---


/home/pospelov/development/iter/projects/sequencer-gui/test/testoac-tree-gui-components/drag_and_drop_helper_tests.cpp should add these lines:
#include <mvvm/model/session_item.h>                        // for SessionItem
#include <mvvm/model/tagindex.h>                            // for TagIndex
#include <qabstractitemmodel.h>                             // for QModelIndex
#include <qcontainerfwd.h>                                  // for QStringList
#include <qlist.h>                                          // for QList
#include <qnamespace.h>                                     // for DropAction
#include <qstring.h>                                        // for QString
#include <cstdint>                                          // for int32_t
#include <memory>                                           // for unique_ptr
#include <string>                                           // for basic_string
#include <vector>                                           // for vector
#include "oac_tree_gui/domain/domain_constants.h"           // for kWaitInst...
#include "oac_tree_gui/model/instruction_item.h"            // for Instructi...

/home/pospelov/development/iter/projects/sequencer-gui/test/testoac-tree-gui-components/drag_and_drop_helper_tests.cpp should remove these lines:
- #include <mvvm/standarditems/container_item.h>  // lines 32-32
- #include <mvvm/viewmodel/top_items_viewmodel.h>  // lines 35-35
- #include <oac_tree_gui/model/instruction_container_item.h>  // lines 22-22
- #include <oac_tree_gui/model/procedure_item.h>  // lines 23-23
- #include <oac_tree_gui/model/sequencer_model.h>  // lines 24-24

The full include-list for /home/pospelov/development/iter/projects/sequencer-gui/test/testoac-tree-gui-components/drag_and_drop_helper_tests.cpp:
#include <gtest/gtest.h>                                    // for Assertion...
#include <mvvm/model/application_model.h>                   // for Applicati...
#include <mvvm/model/session_item.h>                        // for SessionItem
#include <mvvm/model/tagindex.h>                            // for TagIndex
#include <mvvm/model/validate_utils.h>                      // for GetInsert...
#include <mvvm/providers/qtcore_helper.h>                   // for GetByteArray
#include <mvvm/standarditems/vector_item.h>                 // for VectorItem
#include <mvvm/viewmodel/all_items_viewmodel.h>             // for AllItemsV...
#include <oac_tree_gui/components/drag_and_drop_helper.h>   // for GetTreeIn...
#include <oac_tree_gui/model/standard_instruction_items.h>  // for SequenceItem
#include <qabstractitemmodel.h>                             // for QModelIndex
#include <qcontainerfwd.h>                                  // for QStringList
#include <qlist.h>                                          // for QList
#include <qnamespace.h>                                     // for DropAction
#include <qstring.h>                                        // for QString
#include <sup/gui/components/mime_conversion_helper.h>      // for GetString...
#include <QMimeData>                                        // for QMimeData
#include <cstdint>                                          // for int32_t
#include <memory>                                           // for unique_ptr
#include <string>                                           // for basic_string
#include <vector>                                           // for vector
#include "oac_tree_gui/domain/domain_constants.h"           // for kWaitInst...
#include "oac_tree_gui/model/instruction_item.h"            // for Instructi...
---


/home/pospelov/development/iter/projects/sequencer-gui/test/testoac-tree-gui-components/favorite_instructions_viewmodel_extended_tests.cpp should add these lines:
#include <mvvm/model/item_traits.h>
#include <qabstractitemmodel.h>
#include <qnamespace.h>
#include <cstdint>
#include <memory>
#include <string>
#include <vector>
#include "oac_tree_gui/model/instruction_item.h"

/home/pospelov/development/iter/projects/sequencer-gui/test/testoac-tree-gui-components/favorite_instructions_viewmodel_extended_tests.cpp should remove these lines:
- #include <oac_tree_gui/components/drag_and_drop_helper.h>  // lines 23-23

The full include-list for /home/pospelov/development/iter/projects/sequencer-gui/test/testoac-tree-gui-components/favorite_instructions_viewmodel_extended_tests.cpp:
#include <gtest/gtest.h>
#include <mvvm/model/item_traits.h>
#include <mvvm/standarditems/container_item.h>
#include <oac_tree_gui/model/application_models.h>
#include <oac_tree_gui/model/instruction_container_item.h>
#include <oac_tree_gui/model/procedure_item.h>
#include <oac_tree_gui/model/project_model.h>
#include <oac_tree_gui/model/sequencer_model.h>
#include <oac_tree_gui/model/standard_instruction_items.h>
#include <oac_tree_gui/viewmodel/instruction_editor_viewmodel.h>
#include <qabstractitemmodel.h>
#include <qnamespace.h>
#include <QMimeData>
#include <cstdint>
#include <memory>
#include <string>
#include <vector>
#include "oac_tree_gui/model/instruction_item.h"
#include "oac_tree_gui/viewmodel/favorite_instructions_viewmodel.h"
---


/home/pospelov/development/iter/projects/sequencer-gui/test/testoac-tree-gui-components/favorite_instructions_viewmodel_tests.cpp should add these lines:
#include <mvvm/model/item_traits.h>
#include <mvvm/model/session_item.h>
#include <qabstractitemmodel.h>
#include <qbytearray.h>
#include <qcontainerfwd.h>
#include <qlist.h>
#include <qnamespace.h>
#include <qstring.h>
#include <cstdint>
#include <memory>
#include <string>
#include <vector>
#include "oac_tree_gui/domain/domain_constants.h"
#include "oac_tree_gui/model/instruction_item.h"

/home/pospelov/development/iter/projects/sequencer-gui/test/testoac-tree-gui-components/favorite_instructions_viewmodel_tests.cpp should remove these lines:
- #include <oac_tree_gui/transform/transform_from_domain.h>  // lines 27-27
- #include <oac_tree_gui/viewmodel/instruction_editor_viewmodel.h>  // lines 28-28

The full include-list for /home/pospelov/development/iter/projects/sequencer-gui/test/testoac-tree-gui-components/favorite_instructions_viewmodel_tests.cpp:
#include <gtest/gtest.h>
#include <mvvm/model/application_model.h>
#include <mvvm/model/item_traits.h>
#include <mvvm/model/session_item.h>
#include <oac_tree_gui/components/drag_and_drop_helper.h>
#include <oac_tree_gui/composer/instruction_copy_helper.h>
#include <oac_tree_gui/model/instruction_container_item.h>
#include <oac_tree_gui/model/item_factory.h>
#include <oac_tree_gui/model/standard_instruction_items.h>
#include <qabstractitemmodel.h>
#include <qbytearray.h>
#include <qcontainerfwd.h>
#include <qlist.h>
#include <qnamespace.h>
#include <qstring.h>
#include <sup/gui/components/mime_conversion_helper.h>
#include <QMimeData>
#include <cstdint>
#include <memory>
#include <string>
#include <vector>
#include "oac_tree_gui/domain/domain_constants.h"
#include "oac_tree_gui/model/instruction_item.h"
#include "oac_tree_gui/viewmodel/favorite_instructions_viewmodel.h"
---


/home/pospelov/development/iter/projects/sequencer-gui/test/testoac-tree-gui-components/flatlist_viewmodel_tests.cpp should add these lines:
#include <mvvm/model/item_traits.h>                         // for GetTypeName
#include <mvvm/model/session_item.h>                        // for SessionItem
#include <mvvm/model/session_model.h>                       // for SessionModel
#include <qabstractitemmodel.h>                             // for QModelIndex
#include <qbytearray.h>                                     // for QByteArray
#include <qcontainerfwd.h>                                  // for QStringList
#include <qlist.h>                                          // for QList
#include <qminmax.h>                                        // for qMax
#include <qnamespace.h>                                     // for DropAction
#include <qstring.h>                                        // for QString
#include <qswap.h>                                          // for qt_ptr_swap
#include <qvariant.h>                                       // for QVariant
#include <cstdint>                                          // for int32_t
#include <memory>                                           // for unique_ptr
#include <string>                                           // for basic_string
#include <vector>                                           // for vector

/home/pospelov/development/iter/projects/sequencer-gui/test/testoac-tree-gui-components/flatlist_viewmodel_tests.cpp should remove these lines:

The full include-list for /home/pospelov/development/iter/projects/sequencer-gui/test/testoac-tree-gui-components/flatlist_viewmodel_tests.cpp:
#include <gtest/gtest.h>                                    // for Assertion...
#include <mvvm/model/application_model.h>                   // for Applicati...
#include <mvvm/model/item_traits.h>                         // for GetTypeName
#include <mvvm/model/session_item.h>                        // for SessionItem
#include <mvvm/model/session_model.h>                       // for SessionModel
#include <mvvm/providers/standard_children_strategies.h>    // for TopItemsS...
#include <mvvm/providers/standard_row_strategies.h>         // for LabelData...
#include <mvvm/providers/viewmodel_controller_factory.h>    // for CreateCon...
#include <mvvm/standarditems/container_item.h>              // for Container...
#include <oac_tree_gui/components/drag_and_drop_helper.h>   // for kItemIden...
#include <oac_tree_gui/model/procedure_item.h>              // for Procedure...
#include <oac_tree_gui/model/standard_instruction_items.h>  // for WaitItem
#include <oac_tree_gui/model/standard_job_items.h>          // for LocalJobItem
#include <qabstractitemmodel.h>                             // for QModelIndex
#include <qbytearray.h>                                     // for QByteArray
#include <qcontainerfwd.h>                                  // for QStringList
#include <qlist.h>                                          // for QList
#include <qminmax.h>                                        // for qMax
#include <qnamespace.h>                                     // for DropAction
#include <qstring.h>                                        // for QString
#include <qswap.h>                                          // for qt_ptr_swap
#include <qvariant.h>                                       // for QVariant
#include <sup/gui/components/mime_conversion_helper.h>      // for GetString...
#include <QMimeData>                                        // for QMimeData
#include <cstdint>                                          // for int32_t
#include <memory>                                           // for unique_ptr
#include <string>                                           // for basic_string
#include <vector>                                           // for vector
#include "oac_tree_gui/viewmodel/flatlist_viewmodel.h"      // for FlatListV...
---


/home/pospelov/development/iter/projects/sequencer-gui/test/testoac-tree-gui-components/graphics_scene_action_handler_tests.cpp should add these lines:
#include <mvvm/model/session_item.h>
#include <sup/gui/core/message_event.h>
#include <memory>
#include <string>
#include <vector>

/home/pospelov/development/iter/projects/sequencer-gui/test/testoac-tree-gui-components/graphics_scene_action_handler_tests.cpp should remove these lines:
- #include <mvvm/nodeeditor/node_editor_helper.h>  // lines 32-32

The full include-list for /home/pospelov/development/iter/projects/sequencer-gui/test/testoac-tree-gui-components/graphics_scene_action_handler_tests.cpp:
#include <gmock/gmock.h>
#include <gtest/gtest.h>
#include <mvvm/model/application_model.h>
#include <mvvm/model/session_item.h>
#include <mvvm/nodeeditor/connectable_shape.h>
#include <mvvm/nodeeditor/graphics_scene_helper.h>
#include <mvvm/nodeeditor/node_connection.h>
#include <oac_tree_gui/core/exceptions.h>
#include <oac_tree_gui/model/standard_instruction_items.h>
#include <oac_tree_gui/model/universal_item_helper.h>
#include <oac_tree_gui/nodeeditor/connectable_shape_factory.h>
#include <sup/gui/core/message_event.h>
#include <memory>
#include <string>
#include <vector>
#include "oac_tree_gui/nodeeditor/graphics_scene_action_handler.h"
---


/home/pospelov/development/iter/projects/sequencer-gui/test/testoac-tree-gui-components/graphics_scene_style_tests.cpp should add these lines:
#include <mvvm/style/color_flavor.h>                  // for ColorFlavor
#include <string>                                     // for basic_string

/home/pospelov/development/iter/projects/sequencer-gui/test/testoac-tree-gui-components/graphics_scene_style_tests.cpp should remove these lines:
- #include <oac_tree_gui/core/exceptions.h>  // lines 23-23
- #include <oac_tree_gui/style/style_helper.h>  // lines 24-24
- #include <oac_tree_gui/style/style_resource_constants.h>  // lines 25-25

The full include-list for /home/pospelov/development/iter/projects/sequencer-gui/test/testoac-tree-gui-components/graphics_scene_style_tests.cpp:
#include <gtest/gtest.h>                              // for Message, Test
#include <mvvm/style/color_flavor.h>                  // for ColorFlavor
#include <string>                                     // for basic_string
#include "oac_tree_gui/style/graphics_scene_style.h"  // for CreateDefaulGra...
---


/home/pospelov/development/iter/projects/sequencer-gui/test/testoac-tree-gui-components/graphics_view_style_tests.cpp should add these lines:
#include <mvvm/style/color_flavor.h>                 // for ColorFlavor
#include <string>                                    // for basic_string

/home/pospelov/development/iter/projects/sequencer-gui/test/testoac-tree-gui-components/graphics_view_style_tests.cpp should remove these lines:
- #include <oac_tree_gui/core/exceptions.h>  // lines 23-23
- #include <oac_tree_gui/style/style_helper.h>  // lines 24-24
- #include <oac_tree_gui/style/style_resource_constants.h>  // lines 25-25

The full include-list for /home/pospelov/development/iter/projects/sequencer-gui/test/testoac-tree-gui-components/graphics_view_style_tests.cpp:
#include <gtest/gtest.h>                             // for Message, CmpHelp...
#include <mvvm/style/color_flavor.h>                 // for ColorFlavor
#include <string>                                    // for basic_string
#include "oac_tree_gui/style/graphics_view_style.h"  // for GraphicsViewStyle
---


/home/pospelov/development/iter/projects/sequencer-gui/test/testoac-tree-gui-components/instruction_copy_helper_tests.cpp should add these lines:
#include <mvvm/model/session_item.h>                        // for SessionItem
#include <memory>                                           // for unique_ptr
#include <string>                                           // for basic_string
#include <vector>                                           // for vector
#include "oac_tree_gui/model/instruction_item.h"            // for Instructi...

/home/pospelov/development/iter/projects/sequencer-gui/test/testoac-tree-gui-components/instruction_copy_helper_tests.cpp should remove these lines:

The full include-list for /home/pospelov/development/iter/projects/sequencer-gui/test/testoac-tree-gui-components/instruction_copy_helper_tests.cpp:
#include <gtest/gtest.h>                                    // for Message
#include <mvvm/model/application_model.h>                   // for Applicati...
#include <mvvm/model/session_item.h>                        // for SessionItem
#include <mvvm/utils/container_utils.h>                     // for CastItems
#include <oac_tree_gui/model/standard_instruction_items.h>  // for SequenceItem
#include <QMimeData>                                        // for QMimeData
#include <memory>                                           // for unique_ptr
#include <string>                                           // for basic_string
#include <vector>                                           // for vector
#include "oac_tree_gui/composer/instruction_copy_helper.h"  // for CreateIns...
#include "oac_tree_gui/model/instruction_item.h"            // for Instructi...
---


/home/pospelov/development/iter/projects/sequencer-gui/test/testoac-tree-gui-components/instruction_editor_action_handler_copypaste_tests.cpp should add these lines:
#include <mvvm/model/item_traits.h>
#include <memory>
#include <string>
#include <utility>
#include <vector>
#include "oac_tree_gui/domain/domain_constants.h"
#include "oac_tree_gui/model/instruction_item.h"
namespace mvvm { class SessionItem; }

/home/pospelov/development/iter/projects/sequencer-gui/test/testoac-tree-gui-components/instruction_editor_action_handler_copypaste_tests.cpp should remove these lines:
- #include <mvvm/test/test_helper.h>  // lines 35-35
- #include <sup/gui/model/anyvalue_item.h>  // lines 32-32
- #include <testutils/test_utils.h>  // lines 40-40

The full include-list for /home/pospelov/development/iter/projects/sequencer-gui/test/testoac-tree-gui-components/instruction_editor_action_handler_copypaste_tests.cpp:
#include <gmock/gmock.h>
#include <gtest/gtest.h>
#include <mvvm/model/item_traits.h>
#include <mvvm/standarditems/container_item.h>
#include <oac_tree_gui/components/drag_and_drop_helper.h>
#include <oac_tree_gui/model/instruction_container_item.h>
#include <oac_tree_gui/model/procedure_item.h>
#include <oac_tree_gui/model/sequencer_model.h>
#include <oac_tree_gui/model/standard_instruction_items.h>
#include <oac_tree_gui/model/universal_item_helper.h>
#include <oac_tree_gui/nodeeditor/scene_utils.h>
#include <sup/gui/components/mime_conversion_helper.h>
#include <testutils/mock_instruction_editor_context.h>
#include <QMimeData>
#include <memory>
#include <string>
#include <utility>
#include <vector>
#include "oac_tree_gui/composer/instruction_editor_action_handler.h"
#include "oac_tree_gui/domain/domain_constants.h"
#include "oac_tree_gui/model/instruction_item.h"
namespace mvvm { class SessionItem; }
---


/home/pospelov/development/iter/projects/sequencer-gui/test/testoac-tree-gui-components/instruction_editor_action_handler_tests.cpp should add these lines:
#include <mvvm/model/item_traits.h>
#include <mvvm/model/tagindex.h>
#include <functional>
#include <memory>
#include <string>
#include <utility>
#include <vector>
#include "oac_tree_gui/components/anyvalue_dialog_result.h"
#include "oac_tree_gui/composer/instruction_editor_context.h"
#include "oac_tree_gui/model/instruction_item.h"
#include "oac_tree_gui/model/universal_instruction_item.h"
namespace mvvm { class SessionItem; }

/home/pospelov/development/iter/projects/sequencer-gui/test/testoac-tree-gui-components/instruction_editor_action_handler_tests.cpp should remove these lines:
- #include <QMimeData>  // lines 42-42

The full include-list for /home/pospelov/development/iter/projects/sequencer-gui/test/testoac-tree-gui-components/instruction_editor_action_handler_tests.cpp:
#include <gmock/gmock.h>
#include <gtest/gtest.h>
#include <mvvm/model/item_traits.h>
#include <mvvm/model/tagindex.h>
#include <mvvm/standarditems/container_item.h>
#include <oac_tree_gui/core/exceptions.h>
#include <oac_tree_gui/domain/domain_constants.h>
#include <oac_tree_gui/domain/domain_helper.h>
#include <oac_tree_gui/model/epics_instruction_items.h>
#include <oac_tree_gui/model/instruction_container_item.h>
#include <oac_tree_gui/model/procedure_item.h>
#include <oac_tree_gui/model/sequencer_model.h>
#include <oac_tree_gui/model/standard_instruction_items.h>
#include <oac_tree_gui/model/universal_item_helper.h>
#include <oac_tree_gui/nodeeditor/scene_utils.h>
#include <sup/gui/model/anyvalue_item.h>
#include <testutils/mock_instruction_editor_context.h>
#include <functional>
#include <memory>
#include <string>
#include <utility>
#include <vector>
#include "oac_tree_gui/components/anyvalue_dialog_result.h"
#include "oac_tree_gui/composer/instruction_editor_action_handler.h"
#include "oac_tree_gui/composer/instruction_editor_context.h"
#include "oac_tree_gui/model/instruction_item.h"
#include "oac_tree_gui/model/universal_instruction_item.h"
namespace mvvm { class SessionItem; }
---


/home/pospelov/development/iter/projects/sequencer-gui/test/testoac-tree-gui-components/instruction_editor_action_handler_undo_tests.cpp should add these lines:
#include <mvvm/model/item_traits.h>
#include <memory>
#include <string>
#include <vector>
#include "oac_tree_gui/domain/domain_constants.h"
#include "oac_tree_gui/model/instruction_item.h"
namespace oac_tree_gui { class PvAccessReadInstructionItem; }
namespace oac_tree_gui { class SequenceItem; }

/home/pospelov/development/iter/projects/sequencer-gui/test/testoac-tree-gui-components/instruction_editor_action_handler_undo_tests.cpp should remove these lines:
- #include <mvvm/test/test_helper.h>  // lines 37-37
- #include <oac_tree_gui/core/exceptions.h>  // lines 23-23
- #include <oac_tree_gui/model/epics_instruction_items.h>  // lines 25-25
- #include <oac_tree_gui/model/item_constants.h>  // lines 27-27
- #include <oac_tree_gui/model/standard_instruction_items.h>  // lines 31-31
- #include <sup/gui/model/anyvalue_item.h>  // lines 33-33
- #include <testutils/test_utils.h>  // lines 42-42
- #include <QMimeData>  // lines 44-44

The full include-list for /home/pospelov/development/iter/projects/sequencer-gui/test/testoac-tree-gui-components/instruction_editor_action_handler_undo_tests.cpp:
#include <gmock/gmock.h>
#include <gtest/gtest.h>
#include <mvvm/commands/i_command_stack.h>
#include <mvvm/model/item_traits.h>
#include <mvvm/standarditems/container_item.h>
#include <oac_tree_gui/domain/domain_helper.h>
#include <oac_tree_gui/model/instruction_container_item.h>
#include <oac_tree_gui/model/procedure_item.h>
#include <oac_tree_gui/model/procedure_preamble_items.h>
#include <oac_tree_gui/model/sequencer_model.h>
#include <testutils/mock_instruction_editor_context.h>
#include <memory>
#include <string>
#include <vector>
#include "oac_tree_gui/composer/instruction_editor_action_handler.h"
#include "oac_tree_gui/domain/domain_constants.h"
#include "oac_tree_gui/model/instruction_item.h"
namespace oac_tree_gui { class PvAccessReadInstructionItem; }
namespace oac_tree_gui { class SequenceItem; }
---


/home/pospelov/development/iter/projects/sequencer-gui/test/testoac-tree-gui-components/instruction_editor_drop_handler_tests.cpp should add these lines:
#include <qabstractitemmodel.h>
#include <qnamespace.h>
#include <cstdint>
#include <memory>
#include <string>
#include <vector>
#include "oac_tree_gui/domain/domain_constants.h"
#include "oac_tree_gui/model/instruction_item.h"

/home/pospelov/development/iter/projects/sequencer-gui/test/testoac-tree-gui-components/instruction_editor_drop_handler_tests.cpp should remove these lines:
- #include <oac_tree_gui/composer/instruction_copy_helper.h>  // lines 24-24
- #include <oac_tree_gui/transform/transform_from_domain.h>  // lines 27-27

The full include-list for /home/pospelov/development/iter/projects/sequencer-gui/test/testoac-tree-gui-components/instruction_editor_drop_handler_tests.cpp:
#include <gtest/gtest.h>
#include <mvvm/model/application_model.h>
#include <mvvm/model/session_item.h>
#include <oac_tree_gui/components/drag_and_drop_helper.h>
#include <oac_tree_gui/core/exceptions.h>
#include <oac_tree_gui/model/item_factory.h>
#include <oac_tree_gui/model/standard_instruction_items.h>
#include <oac_tree_gui/viewmodel/instruction_editor_viewmodel.h>
#include <qabstractitemmodel.h>
#include <qnamespace.h>
#include <sup/gui/components/mime_conversion_helper.h>
#include <QMimeData>
#include <cstdint>
#include <memory>
#include <string>
#include <vector>
#include "oac_tree_gui/composer/instruction_editor_drop_handler.h"
#include "oac_tree_gui/domain/domain_constants.h"
#include "oac_tree_gui/model/instruction_item.h"
---


/home/pospelov/development/iter/projects/sequencer-gui/test/testoac-tree-gui-components/instruction_editor_viewmodel_tests.cpp should add these lines:
#include <mvvm/model/session_item.h>                              // for Ses...
#include <mvvm/model/tagindex.h>                                  // for Tag...
#include <qabstractitemmodel.h>                                   // for QMo...
#include <qcontainerfwd.h>                                        // for QVe...
#include <qlist.h>                                                // for QList
#include <qminmax.h>                                              // for qMax
#include <qnamespace.h>                                           // for Dro...
#include <qstring.h>                                              // for QSt...
#include <qswap.h>                                                // for qt_...
#include <qtypeinfo.h>                                            // for QTy...
#include <qvariant.h>                                             // for QVa...
#include <memory>                                                 // for uni...
#include <string>                                                 // for bas...
#include <utility>                                                // for exc...
#include <vector>                                                 // for vector
#include "oac_tree_gui/domain/domain_constants.h"                 // for kIn...
#include "oac_tree_gui/model/instruction_item.h"                  // for Ins...
#include "oac_tree_gui/model/instruction_status.h"                // for Ins...
#include "oac_tree_gui/model/universal_instruction_item.h"        // for Uni...

/home/pospelov/development/iter/projects/sequencer-gui/test/testoac-tree-gui-components/instruction_editor_viewmodel_tests.cpp should remove these lines:
- #include <oac_tree_gui/model/sequencer_item_helper.h>  // lines 27-27
- #include <oac_tree_gui/transform/transform_from_domain.h>  // lines 30-30

The full include-list for /home/pospelov/development/iter/projects/sequencer-gui/test/testoac-tree-gui-components/instruction_editor_viewmodel_tests.cpp:
#include <gtest/gtest.h>                                          // for Ass...
#include <mvvm/model/application_model.h>                         // for App...
#include <mvvm/model/model_utils.h>                               // for Cre...
#include <mvvm/model/session_item.h>                              // for Ses...
#include <mvvm/model/tagindex.h>                                  // for Tag...
#include <mvvm/providers/viewitem.h>                              // for Vie...
#include <mvvm/standarditems/container_item.h>                    // for Con...
#include <oac_tree_gui/components/drag_and_drop_helper.h>         // for kCo...
#include <oac_tree_gui/composer/instruction_copy_helper.h>        // for Cre...
#include <oac_tree_gui/model/instruction_container_item.h>        // for Ins...
#include <oac_tree_gui/model/item_factory.h>                      // for Cre...
#include <oac_tree_gui/model/procedure_item.h>                    // for Pro...
#include <oac_tree_gui/model/sequencer_model.h>                   // for Seq...
#include <oac_tree_gui/model/standard_instruction_items.h>        // for Seq...
#include <qabstractitemmodel.h>                                   // for QMo...
#include <qcontainerfwd.h>                                        // for QVe...
#include <qlist.h>                                                // for QList
#include <qminmax.h>                                              // for qMax
#include <qnamespace.h>                                           // for Dro...
#include <qstring.h>                                              // for QSt...
#include <qswap.h>                                                // for qt_...
#include <qtypeinfo.h>                                            // for QTy...
#include <qvariant.h>                                             // for QVa...
#include <sup/gui/components/mime_conversion_helper.h>            // for Cre...
#include <QMimeData>                                              // for QMi...
#include <QSignalSpy>                                             // for QSi...
#include <memory>                                                 // for uni...
#include <string>                                                 // for bas...
#include <utility>                                                // for exc...
#include <vector>                                                 // for vector
#include "oac_tree_gui/domain/domain_constants.h"                 // for kIn...
#include "oac_tree_gui/model/instruction_item.h"                  // for Ins...
#include "oac_tree_gui/model/instruction_status.h"                // for Ins...
#include "oac_tree_gui/model/universal_instruction_item.h"        // for Uni...
#include "oac_tree_gui/viewmodel/instruction_editor_viewmodel.h"  // for Ins...
---


/home/pospelov/development/iter/projects/sequencer-gui/test/testoac-tree-gui-components/instruction_operation_viewmodel_tests.cpp should add these lines:
#include <qabstractitemmodel.h>
#include <qnamespace.h>
#include <qstring.h>
#include <qvariant.h>
#include <memory>
#include <string>
#include <vector>
#include "oac_tree_gui/domain/domain_constants.h"
#include "oac_tree_gui/model/instruction_status.h"
#include "oac_tree_gui/operation/breakpoint_types.h"

/home/pospelov/development/iter/projects/sequencer-gui/test/testoac-tree-gui-components/instruction_operation_viewmodel_tests.cpp should remove these lines:
- #include <oac_tree_gui/model/sequencer_model.h>  // lines 27-27
- #include <sup/oac-tree/instruction_info.h>  // lines 34-34
- #include <testutils/sequencer_test_utils.h>  // lines 37-37
- #include <QDebug>  // lines 39-39

The full include-list for /home/pospelov/development/iter/projects/sequencer-gui/test/testoac-tree-gui-components/instruction_operation_viewmodel_tests.cpp:
#include <gtest/gtest.h>
#include <mvvm/model/application_model.h>
#include <oac_tree_gui/domain/domain_automation_helper.h>
#include <oac_tree_gui/domain/domain_helper.h>
#include <oac_tree_gui/model/instruction_info_item.h>
#include <oac_tree_gui/model/sequencer_item_helper.h>
#include <oac_tree_gui/model/standard_instruction_items.h>
#include <oac_tree_gui/operation/breakpoint_helper.h>
#include <qabstractitemmodel.h>
#include <qnamespace.h>
#include <qstring.h>
#include <qvariant.h>
#include <sup/oac-tree/instruction.h>
#include <QSignalSpy>
#include <memory>
#include <string>
#include <vector>
#include "oac_tree_gui/domain/domain_constants.h"
#include "oac_tree_gui/model/instruction_status.h"
#include "oac_tree_gui/operation/breakpoint_types.h"
#include "oac_tree_gui/viewmodel/instruction_operation_viewmodel.h"
---


/home/pospelov/development/iter/projects/sequencer-gui/test/testoac-tree-gui-components/instruction_toolkit_viewmodel_tests.cpp should add these lines:
#include <qabstractitemmodel.h>                              // for QModelIndex
#include <qstring.h>                                         // for QString
#include <qvariant.h>                                        // for QVariant
#include <memory>                                            // for unique_ptr
#include <string>                                            // for basic_st...
#include <vector>                                            // for vector
#include "oac_tree_gui/domain/domain_object_group_helper.h"  // for ObjectGr...

/home/pospelov/development/iter/projects/sequencer-gui/test/testoac-tree-gui-components/instruction_toolkit_viewmodel_tests.cpp should remove these lines:

The full include-list for /home/pospelov/development/iter/projects/sequencer-gui/test/testoac-tree-gui-components/instruction_toolkit_viewmodel_tests.cpp:
#include <gtest/gtest.h>                                     // for Message
#include <oac_tree_gui/components/drag_and_drop_helper.h>    // for GetNewIn...
#include <qabstractitemmodel.h>                              // for QModelIndex
#include <qstring.h>                                         // for QString
#include <qvariant.h>                                        // for QVariant
#include <QMimeData>                                         // for QMimeData
#include <memory>                                            // for unique_ptr
#include <string>                                            // for basic_st...
#include <vector>                                            // for vector
#include "oac_tree_gui/domain/domain_object_group_helper.h"  // for ObjectGr...
#include "oac_tree_gui/viewmodel/toolkit_viewmodel.h"        // for ToolKitV...
---


/home/pospelov/development/iter/projects/sequencer-gui/test/testoac-tree-gui-components/job_list_viewmodel_tests.cpp should add these lines:
#include <mvvm/model/session_item.h>                       // for SessionItem
#include <qabstractitemmodel.h>                            // for QModelIndex
#include <qnamespace.h>                                    // for DropAction
#include <qstring.h>                                       // for QString
#include <qvariant.h>                                      // for QVariant
#include <cstdint>                                         // for int32_t
#include <memory>                                          // for unique_ptr
#include <string>                                          // for basic_string
#include <vector>                                          // for vector
#include "oac_tree_gui/model/runner_status.h"              // for RunnerStatus

/home/pospelov/development/iter/projects/sequencer-gui/test/testoac-tree-gui-components/job_list_viewmodel_tests.cpp should remove these lines:
- #include <oac_tree_gui/model/sequencer_model.h>  // lines 25-25
- #include <oac_tree_gui/model/standard_instruction_items.h>  // lines 26-26

The full include-list for /home/pospelov/development/iter/projects/sequencer-gui/test/testoac-tree-gui-components/job_list_viewmodel_tests.cpp:
#include <gtest/gtest.h>                                   // for Message
#include <mvvm/model/application_model.h>                  // for Applicatio...
#include <mvvm/model/session_item.h>                       // for SessionItem
#include <oac_tree_gui/components/drag_and_drop_helper.h>  // for kJobIdenti...
#include <oac_tree_gui/model/item_constants.h>             // for kStatus
#include <oac_tree_gui/model/standard_job_items.h>         // for LocalJobItem
#include <qabstractitemmodel.h>                            // for QModelIndex
#include <qnamespace.h>                                    // for DropAction
#include <qstring.h>                                       // for QString
#include <qvariant.h>                                      // for QVariant
#include <sup/gui/components/mime_conversion_helper.h>     // for GetStringL...
#include <QMimeData>                                       // for QMimeData
#include <QSignalSpy>                                      // for QSignalSpy
#include <cstdint>                                         // for int32_t
#include <memory>                                          // for unique_ptr
#include <string>                                          // for basic_string
#include <vector>                                          // for vector
#include "oac_tree_gui/model/runner_status.h"              // for RunnerStatus
#include "oac_tree_gui/viewmodel/job_list_viewmodel.h"     // for JobListVie...
---


/home/pospelov/development/iter/projects/sequencer-gui/test/testoac-tree-gui-components/job_log_severity_tests.cpp should add these lines:
#include <string>                                     // for basic_string

/home/pospelov/development/iter/projects/sequencer-gui/test/testoac-tree-gui-components/job_log_severity_tests.cpp should remove these lines:

The full include-list for /home/pospelov/development/iter/projects/sequencer-gui/test/testoac-tree-gui-components/job_log_severity_tests.cpp:
#include <gtest/gtest.h>                              // for Message, CmpHel...
#include <string>                                     // for basic_string
#include "oac_tree_gui/jobsystem/job_log_severity.h"  // for Severity, ToString
---


/home/pospelov/development/iter/projects/sequencer-gui/test/testoac-tree-gui-components/job_log_tests.cpp should add these lines:
#include <string>                                     // for basic_string
#include "oac_tree_gui/jobsystem/job_log_severity.h"  // for Severity
#include "oac_tree_gui/jobsystem/log_event.h"         // for CreateLogEvent

/home/pospelov/development/iter/projects/sequencer-gui/test/testoac-tree-gui-components/job_log_tests.cpp should remove these lines:

The full include-list for /home/pospelov/development/iter/projects/sequencer-gui/test/testoac-tree-gui-components/job_log_tests.cpp:
#include <gtest/gtest.h>                              // for Message, CmpHel...
#include <QSignalSpy>                                 // for QSignalSpy
#include <string>                                     // for basic_string
#include "oac_tree_gui/jobsystem/job_log_severity.h"  // for Severity
#include "oac_tree_gui/jobsystem/log_event.h"         // for CreateLogEvent
#include "oac_tree_gui/jobsystem/objects/job_log.h"   // for JobLog
---


/home/pospelov/development/iter/projects/sequencer-gui/test/testoac-tree-gui-components/job_log_viewmodel_tests.cpp should add these lines:
#include <qabstractitemmodel.h>                        // for QModelIndex
#include <qlist.h>                                     // for QList
#include <qnamespace.h>                                // for ItemDataRole
#include <qstring.h>                                   // for QString
#include <qvariant.h>                                  // for QVariant
#include <memory>                                      // for make_unique
#include <string>                                      // for basic_string
#include "oac_tree_gui/jobsystem/job_log_severity.h"   // for Severity
#include "oac_tree_gui/jobsystem/log_event.h"          // for LogEvent

/home/pospelov/development/iter/projects/sequencer-gui/test/testoac-tree-gui-components/job_log_viewmodel_tests.cpp should remove these lines:

The full include-list for /home/pospelov/development/iter/projects/sequencer-gui/test/testoac-tree-gui-components/job_log_viewmodel_tests.cpp:
#include <gtest/gtest.h>                               // for Message, TestP...
#include <oac_tree_gui/jobsystem/objects/job_log.h>    // for JobLog
#include <qabstractitemmodel.h>                        // for QModelIndex
#include <qlist.h>                                     // for QList
#include <qnamespace.h>                                // for ItemDataRole
#include <qstring.h>                                   // for QString
#include <qvariant.h>                                  // for QVariant
#include <QSignalSpy>                                  // for QSignalSpy
#include <memory>                                      // for make_unique
#include <string>                                      // for basic_string
#include "oac_tree_gui/jobsystem/job_log_severity.h"   // for Severity
#include "oac_tree_gui/jobsystem/log_event.h"          // for LogEvent
#include "oac_tree_gui/viewmodel/job_log_viewmodel.h"  // for JobLogViewModel
---


/home/pospelov/development/iter/projects/sequencer-gui/test/testoac-tree-gui-components/job_manager_tests.cpp should add these lines:
#include <memory>                                        // for unique_ptr
#include <string>                                        // for basic_string
#include <vector>                                        // for vector
#include "gmock/gmock.h"                                 // for MockSpec
#include "oac_tree_gui/model/runner_status.h"            // for RunnerStatus
namespace oac_tree_gui { class JobItem; }

/home/pospelov/development/iter/projects/sequencer-gui/test/testoac-tree-gui-components/job_manager_tests.cpp should remove these lines:
- #include <oac_tree_gui/core/exceptions.h>  // lines 23-23

The full include-list for /home/pospelov/development/iter/projects/sequencer-gui/test/testoac-tree-gui-components/job_manager_tests.cpp:
#include <gtest/gtest.h>                                 // for Message, Mat...
#include <oac_tree_gui/jobsystem/i_job_handler.h>        // for IJobHandler
#include <oac_tree_gui/model/standard_job_items.h>       // for LocalJobItem
#include <testutils/mock_job_handler.h>                  // for MockJobHandl...
#include <memory>                                        // for unique_ptr
#include <string>                                        // for basic_string
#include <vector>                                        // for vector
#include "gmock/gmock.h"                                 // for MockSpec
#include "oac_tree_gui/jobsystem/objects/job_manager.h"  // for JobManager
#include "oac_tree_gui/model/runner_status.h"            // for RunnerStatus
namespace oac_tree_gui { class JobItem; }
---


/home/pospelov/development/iter/projects/sequencer-gui/test/testoac-tree-gui-components/job_utils_tests.cpp should add these lines:
#include <string>                              // for basic_string, string
#include <vector>                              // for vector

/home/pospelov/development/iter/projects/sequencer-gui/test/testoac-tree-gui-components/job_utils_tests.cpp should remove these lines:

The full include-list for /home/pospelov/development/iter/projects/sequencer-gui/test/testoac-tree-gui-components/job_utils_tests.cpp:
#include <gtest/gtest.h>                       // for Message, CmpHelperEQ
#include <string>                              // for basic_string, string
#include <vector>                              // for vector
#include "oac_tree_gui/jobsystem/job_utils.h"  // for GetRegExpPattern
---


/home/pospelov/development/iter/projects/sequencer-gui/test/testoac-tree-gui-components/json_style_factory_tests.cpp should add these lines:
#include <mvvm/style/color_flavor.h>                  // for ColorFlavor
#include <string>                                     // for basic_string

/home/pospelov/development/iter/projects/sequencer-gui/test/testoac-tree-gui-components/json_style_factory_tests.cpp should remove these lines:
- #include <oac_tree_gui/core/exceptions.h>  // lines 23-23
- #include <oac_tree_gui/style/style_resource_constants.h>  // lines 27-27

The full include-list for /home/pospelov/development/iter/projects/sequencer-gui/test/testoac-tree-gui-components/json_style_factory_tests.cpp:
#include <gtest/gtest.h>                              // for Message, CmpHel...
#include <mvvm/style/color_flavor.h>                  // for ColorFlavor
#include <oac_tree_gui/style/graphics_scene_style.h>  // for GraphicsSceneStyle
#include <oac_tree_gui/style/graphics_view_style.h>   // for GraphicsViewStyle
#include <oac_tree_gui/style/style_helper.h>          // for LoadDefaultJson...
#include <string>                                     // for basic_string
#include "oac_tree_gui/style/json_style_factory.h"    // for PopulateStyleFr...
---


/home/pospelov/development/iter/projects/sequencer-gui/test/testoac-tree-gui-components/log_event_tests.cpp should add these lines:
#include <qstring.h>                                  // for QString
#include <string>                                     // for basic_string
#include "oac_tree_gui/jobsystem/job_log_severity.h"  // for Severity

/home/pospelov/development/iter/projects/sequencer-gui/test/testoac-tree-gui-components/log_event_tests.cpp should remove these lines:
- #include <QDateTime>  // lines 26-26
- #include <QTime>  // lines 27-27

The full include-list for /home/pospelov/development/iter/projects/sequencer-gui/test/testoac-tree-gui-components/log_event_tests.cpp:
#include <gtest/gtest.h>                              // for AssertionResult
#include <qstring.h>                                  // for QString
#include <QDate>                                      // for QDateTime, QDate
#include <string>                                     // for basic_string
#include "oac_tree_gui/jobsystem/job_log_severity.h"  // for Severity
#include "oac_tree_gui/jobsystem/log_event.h"         // for LogEvent, Creat...
---


/home/pospelov/development/iter/projects/sequencer-gui/test/testoac-tree-gui-components/main.cpp should add these lines:
#include <gtest/gtest.h>                                // for RUN_ALL_TESTS
#include "oac_tree_gui/components/custom_meta_types.h"  // for RegisterCusto...

/home/pospelov/development/iter/projects/sequencer-gui/test/testoac-tree-gui-components/main.cpp should remove these lines:
- #include <oac_tree_gui/components/load_resources.h>  // lines 22-22

The full include-list for /home/pospelov/development/iter/projects/sequencer-gui/test/testoac-tree-gui-components/main.cpp:
#include <gtest/gtest.h>                                // for RUN_ALL_TESTS
#include <testutils/init_tests.h>                       // for InitTests
#include "oac_tree_gui/components/custom_meta_types.h"  // for RegisterCusto...
---


/home/pospelov/development/iter/projects/sequencer-gui/test/testoac-tree-gui-components/monitor_model_tests.cpp should add these lines:
#include <string>                                  // for basic_string

/home/pospelov/development/iter/projects/sequencer-gui/test/testoac-tree-gui-components/monitor_model_tests.cpp should remove these lines:

The full include-list for /home/pospelov/development/iter/projects/sequencer-gui/test/testoac-tree-gui-components/monitor_model_tests.cpp:
#include <gtest/gtest.h>                           // for Message, CmpHelperNE
#include <string>                                  // for basic_string
#include "oac_tree_gui/pvmonitor/monitor_model.h"  // for MonitorModel
---


/home/pospelov/development/iter/projects/sequencer-gui/test/testoac-tree-gui-components/operation_action_helper_tests.cpp should add these lines:
#include <mvvm/model/session_item.h>                           // for Sessio...
#include <mvvm/model/tagindex.h>                               // for TagIndex
#include <cstddef>                                             // for size_t
#include <functional>                                          // for function
#include <memory>                                              // for unique...
#include <string>                                              // for basic_...
#include <utility>                                             // for move
#include "oac_tree_gui/jobsystem/i_job_handler.h"              // for IJobHa...
#include "oac_tree_gui/jobsystem/user_context.h"               // for UserCo...
#include "oac_tree_gui/model/job_item.h"                       // for JobItem
#include "testutils/cmake_info.h"                              // for Projec...

/home/pospelov/development/iter/projects/sequencer-gui/test/testoac-tree-gui-components/operation_action_helper_tests.cpp should remove these lines:
- #include <oac_tree_gui/jobsystem/objects/remote_job_handler.h>  // lines 25-25
- #include <oac_tree_gui/jobsystem/remote_connection_service.h>  // lines 26-26
- #include <testutils/folder_test.h>  // lines 34-34

The full include-list for /home/pospelov/development/iter/projects/sequencer-gui/test/testoac-tree-gui-components/operation_action_helper_tests.cpp:
#include <gmock/gmock.h>                                       // for Anythi...
#include <gtest/gtest.h>                                       // for TestIn...
#include <mvvm/model/application_model.h>                      // for Applic...
#include <mvvm/model/session_item.h>                           // for Sessio...
#include <mvvm/model/tagindex.h>                               // for TagIndex
#include <oac_tree_gui/core/exceptions.h>                      // for Runtim...
#include <oac_tree_gui/jobsystem/objects/local_job_handler.h>  // for LocalJ...
#include <oac_tree_gui/model/procedure_item.h>                 // for Proced...
#include <oac_tree_gui/model/standard_job_items.h>             // for Remote...
#include <testutils/mock_remote_connection_service.h>          // for MockRe...
#include <testutils/standard_procedure_items.h>                // for Create...
#include <cstddef>                                             // for size_t
#include <functional>                                          // for function
#include <memory>                                              // for unique...
#include <string>                                              // for basic_...
#include <utility>                                             // for move
#include "oac_tree_gui/jobsystem/i_job_handler.h"              // for IJobHa...
#include "oac_tree_gui/jobsystem/user_context.h"               // for UserCo...
#include "oac_tree_gui/model/job_item.h"                       // for JobItem
#include "oac_tree_gui/operation/operation_action_helper.h"    // for GetJob...
#include "testutils/cmake_info.h"                              // for Projec...
---


/home/pospelov/development/iter/projects/sequencer-gui/test/testoac-tree-gui-components/procedure_list_action_handler_tests.cpp should add these lines:
#include <mvvm/model/session_item.h>
#include <mvvm/model/tagindex.h>
#include <qbytearray.h>
#include <qmetatype.h>
#include <qtypeinfo.h>
#include <functional>
#include <memory>
#include <string>
#include <utility>
#include <vector>
#include "oac_tree_gui/composer/procedure_list_context.h"

/home/pospelov/development/iter/projects/sequencer-gui/test/testoac-tree-gui-components/procedure_list_action_handler_tests.cpp should remove these lines:

The full include-list for /home/pospelov/development/iter/projects/sequencer-gui/test/testoac-tree-gui-components/procedure_list_action_handler_tests.cpp:
#include <gtest/gtest.h>
#include <mvvm/model/application_model.h>
#include <mvvm/model/session_item.h>
#include <mvvm/model/tagindex.h>
#include <mvvm/standarditems/container_item.h>
#include <mvvm/test/test_helper.h>
#include <mvvm/utils/container_utils.h>
#include <oac_tree_gui/components/drag_and_drop_helper.h>
#include <oac_tree_gui/composer/objects/procedure_list_action_handler.h>
#include <oac_tree_gui/core/exceptions.h>
#include <oac_tree_gui/model/procedure_item.h>
#include <qbytearray.h>
#include <qmetatype.h>
#include <qtypeinfo.h>
#include <sup/gui/components/mime_conversion_helper.h>
#include <QMimeData>
#include <QSignalSpy>
#include <functional>
#include <memory>
#include <string>
#include <utility>
#include <vector>
#include "oac_tree_gui/composer/procedure_list_context.h"
---


/home/pospelov/development/iter/projects/sequencer-gui/test/testoac-tree-gui-components/procedure_list_viewmodel_tests.cpp should add these lines:
#include <mvvm/model/session_item.h>                          // for Session...
#include <qabstractitemmodel.h>                               // for QModelI...
#include <qbytearray.h>                                       // for QByteArray
#include <qcontainerfwd.h>                                    // for QString...
#include <qlist.h>                                            // for QList
#include <qminmax.h>                                          // for qMax
#include <qnamespace.h>                                       // for DropAction
#include <qstring.h>                                          // for QString
#include <qswap.h>                                            // for qt_ptr_...
#include <cstdint>                                            // for int32_t
#include <memory>                                             // for unique_ptr
#include <string>                                             // for basic_s...
#include <vector>                                             // for vector

/home/pospelov/development/iter/projects/sequencer-gui/test/testoac-tree-gui-components/procedure_list_viewmodel_tests.cpp should remove these lines:

The full include-list for /home/pospelov/development/iter/projects/sequencer-gui/test/testoac-tree-gui-components/procedure_list_viewmodel_tests.cpp:
#include <gtest/gtest.h>                                      // for Asserti...
#include <mvvm/model/application_model.h>                     // for Applica...
#include <mvvm/model/session_item.h>                          // for Session...
#include <mvvm/standarditems/container_item.h>                // for Contain...
#include <oac_tree_gui/components/drag_and_drop_helper.h>     // for kProced...
#include <oac_tree_gui/model/procedure_item.h>                // for Procedu...
#include <qabstractitemmodel.h>                               // for QModelI...
#include <qbytearray.h>                                       // for QByteArray
#include <qcontainerfwd.h>                                    // for QString...
#include <qlist.h>                                            // for QList
#include <qminmax.h>                                          // for qMax
#include <qnamespace.h>                                       // for DropAction
#include <qstring.h>                                          // for QString
#include <qswap.h>                                            // for qt_ptr_...
#include <sup/gui/components/mime_conversion_helper.h>        // for GetStri...
#include <QMimeData>                                          // for QMimeData
#include <cstdint>                                            // for int32_t
#include <memory>                                             // for unique_ptr
#include <string>                                             // for basic_s...
#include <vector>                                             // for vector
#include "oac_tree_gui/viewmodel/procedure_list_viewmodel.h"  // for Procedu...
---


/home/pospelov/development/iter/projects/sequencer-gui/test/testoac-tree-gui-components/remote_connection_service_tests.cpp should add these lines:
#include <cstddef>                                             // for size_t
#include <cstdint>                                             // for uint32_t
#include <memory>                                              // for unique...
#include <string>                                              // for basic_...
#include <utility>                                             // for move
#include <vector>                                              // for vector

/home/pospelov/development/iter/projects/sequencer-gui/test/testoac-tree-gui-components/remote_connection_service_tests.cpp should remove these lines:
- #include <oac_tree_gui/jobsystem/objects/abstract_job_handler.h>  // lines 25-25

The full include-list for /home/pospelov/development/iter/projects/sequencer-gui/test/testoac-tree-gui-components/remote_connection_service_tests.cpp:
#include <gtest/gtest.h>                                       // for Assert...
#include <oac_tree_gui/core/exceptions.h>                      // for Runtim...
#include <oac_tree_gui/jobsystem/i_automation_client.h>        // for IAutom...
#include <cstddef>                                             // for size_t
#include <cstdint>                                             // for uint32_t
#include <memory>                                              // for unique...
#include <string>                                              // for basic_...
#include <utility>                                             // for move
#include <vector>                                              // for vector
#include "oac_tree_gui/jobsystem/remote_connection_service.h"  // for Remote...
---


/home/pospelov/development/iter/projects/sequencer-gui/test/testoac-tree-gui-components/request_handler_queue_tests.cpp should add these lines:
#include <functional>                                      // for function
#include <future>                                          // for future
#include <string>                                          // for basic_string

/home/pospelov/development/iter/projects/sequencer-gui/test/testoac-tree-gui-components/request_handler_queue_tests.cpp should remove these lines:

The full include-list for /home/pospelov/development/iter/projects/sequencer-gui/test/testoac-tree-gui-components/request_handler_queue_tests.cpp:
#include <gtest/gtest.h>                                   // for Message, Test
#include <functional>                                      // for function
#include <future>                                          // for future
#include <string>                                          // for basic_string
#include "oac_tree_gui/jobsystem/request_handler_queue.h"  // for RequestHan...
---


/home/pospelov/development/iter/projects/sequencer-gui/test/testoac-tree-gui-components/request_handler_tests.cpp should add these lines:
#include <sup/dto/anyvalue.h>                        // for AnyValue
#include <future>                                    // for future, promise
#include <string>                                    // for basic_string
#include <vector>                                    // for vector

/home/pospelov/development/iter/projects/sequencer-gui/test/testoac-tree-gui-components/request_handler_tests.cpp should remove these lines:

The full include-list for /home/pospelov/development/iter/projects/sequencer-gui/test/testoac-tree-gui-components/request_handler_tests.cpp:
#include <gtest/gtest.h>                             // for Message, CmpHelp...
#include <oac_tree_gui/jobsystem/request_types.h>    // for UserChoiceResult
#include <sup/dto/anyvalue.h>                        // for AnyValue
#include <future>                                    // for future, promise
#include <string>                                    // for basic_string
#include <vector>                                    // for vector
#include "oac_tree_gui/jobsystem/request_handler.h"  // for RequestHandler
---


/home/pospelov/development/iter/projects/sequencer-gui/test/testoac-tree-gui-components/request_types_tests.cpp should add these lines:
#include <sup/dto/anytype.h>                       // for SignedInteger32Type
#include <string>                                  // for basic_string, string
#include <vector>                                  // for vector

/home/pospelov/development/iter/projects/sequencer-gui/test/testoac-tree-gui-components/request_types_tests.cpp should remove these lines:

The full include-list for /home/pospelov/development/iter/projects/sequencer-gui/test/testoac-tree-gui-components/request_types_tests.cpp:
#include <gtest/gtest.h>                           // for AssertionResult
#include <sup/dto/anytype.h>                       // for SignedInteger32Type
#include <sup/dto/anyvalue.h>                      // for AnyValue
#include <string>                                  // for basic_string, string
#include <vector>                                  // for vector
#include "oac_tree_gui/jobsystem/request_types.h"  // for UserChoiceArgs
---


/home/pospelov/development/iter/projects/sequencer-gui/test/testoac-tree-gui-components/scene_utils_tests.cpp should add these lines:
#include <cstddef>                                // for size_t
#include <string>                                 // for basic_string, string
#include <vector>                                 // for vector

/home/pospelov/development/iter/projects/sequencer-gui/test/testoac-tree-gui-components/scene_utils_tests.cpp should remove these lines:
- #include <mvvm/standarditems/container_item.h>  // lines 29-29
- #include <oac_tree_gui/domain/domain_constants.h>  // lines 23-23
- #include <oac_tree_gui/model/instruction_container_item.h>  // lines 24-24
- #include <oac_tree_gui/model/procedure_item.h>  // lines 25-25
- #include <oac_tree_gui/model/sequencer_model.h>  // lines 26-26
- #include <oac_tree_gui/model/standard_instruction_items.h>  // lines 27-27
- #include <sup/oac-tree/instruction.h>  // lines 32-32
- #include <sup/oac-tree/instruction_registry.h>  // lines 33-33

The full include-list for /home/pospelov/development/iter/projects/sequencer-gui/test/testoac-tree-gui-components/scene_utils_tests.cpp:
#include <gtest/gtest.h>                          // for Message, AssertionR...
#include <mvvm/utils/numeric_utils.h>             // for AreAlmostEqual
#include <QPointF>                                // for QPointF, operator!=
#include <QRectF>                                 // for QRectF
#include <cstddef>                                // for size_t
#include <string>                                 // for basic_string, string
#include <vector>                                 // for vector
#include "oac_tree_gui/nodeeditor/scene_utils.h"  // for InsertSpaceAtCamelCase
---


/home/pospelov/development/iter/projects/sequencer-gui/test/testoac-tree-gui-components/sequencer_workspace_corner_case_tests.cpp should add these lines:
#include <sup/dto/anytype.h>                           // for SignedInteger3...
#include <sup/dto/basic_scalar_types.h>                // for uint32
#include <sup/oac-tree/variable.h>                     // for Variable
#include <functional>                                  // for function
#include <memory>                                      // for allocator, uni...
#include <string>                                      // for basic_string
#include <utility>                                     // for move, pair
#include "gmock/gmock.h"                               // for AnythingMatcher

/home/pospelov/development/iter/projects/sequencer-gui/test/testoac-tree-gui-components/sequencer_workspace_corner_case_tests.cpp should remove these lines:
- #include <oac_tree_gui/domain/sequencer_types_fwd.h>  // lines 22-22
- #include <testutils/test_utils.h>  // lines 31-31

The full include-list for /home/pospelov/development/iter/projects/sequencer-gui/test/testoac-tree-gui-components/sequencer_workspace_corner_case_tests.cpp:
#include <gtest/gtest.h>                               // for AssertionResult
#include <oac_tree_gui/domain/domain_helper.h>         // for IsSequencerPlu...
#include <sup/dto/anytype.h>                           // for SignedInteger3...
#include <sup/dto/anyvalue.h>                          // for AnyValue
#include <sup/dto/basic_scalar_types.h>                // for uint32
#include <sup/epics-test/unit_test_helper.h>           // for BusyWaitFor
#include <sup/oac-tree/variable.h>                     // for Variable
#include <sup/oac-tree/workspace.h>                    // for Workspace
#include <testutils/mock_domain_workspace_listener.h>  // for MockDomainWork...
#include <testutils/sequencer_test_utils.h>            // for CreatePVAccess...
#include <functional>                                  // for function
#include <memory>                                      // for allocator, uni...
#include <string>                                      // for basic_string
#include <utility>                                     // for move, pair
#include "gmock/gmock.h"                               // for AnythingMatcher
---


/home/pospelov/development/iter/projects/sequencer-gui/test/testoac-tree-gui-components/style_helper_tests.cpp should add these lines:
#include <mvvm/style/color_flavor.h>                      // for ColorFlavor
#include <qlist.h>                                        // for QList
#include <string>                                         // for basic_string

/home/pospelov/development/iter/projects/sequencer-gui/test/testoac-tree-gui-components/style_helper_tests.cpp should remove these lines:

The full include-list for /home/pospelov/development/iter/projects/sequencer-gui/test/testoac-tree-gui-components/style_helper_tests.cpp:
#include <gtest/gtest.h>                                  // for AssertionRe...
#include <mvvm/style/color_flavor.h>                      // for ColorFlavor
#include <oac_tree_gui/core/exceptions.h>                 // for RuntimeExce...
#include <oac_tree_gui/style/graphics_view_style.h>       // for GraphicsVie...
#include <oac_tree_gui/style/style_resource_constants.h>  // for NodeGraphic...
#include <qlist.h>                                        // for QList
#include <QJsonObject>                                    // for QJsonObject
#include <QString>                                        // for QString
#include <string>                                         // for basic_string
#include "oac_tree_gui/style/style_helper.h"              // for LoadJsonFro...
---


/home/pospelov/development/iter/projects/sequencer-gui/test/testoac-tree-gui-components/widget_focus_handler_tests.cpp should add these lines:
#include <string>                                        // for basic_string
#include <vector>                                        // for vector
namespace oac_tree_gui { class ProcedureItem; }

/home/pospelov/development/iter/projects/sequencer-gui/test/testoac-tree-gui-components/widget_focus_handler_tests.cpp should remove these lines:
- #include <oac_tree_gui/model/procedure_item.h>  // lines 23-23

The full include-list for /home/pospelov/development/iter/projects/sequencer-gui/test/testoac-tree-gui-components/widget_focus_handler_tests.cpp:
#include <gmock/gmock.h>                                 // for EXPECT_CALL
#include <gtest/gtest.h>                                 // for Message, Mat...
#include <string>                                        // for basic_string
#include <vector>                                        // for vector
#include "oac_tree_gui/composer/widget_focus_handler.h"  // for WidgetFocusH...
namespace oac_tree_gui { class ProcedureItem; }
---


/home/pospelov/development/iter/projects/sequencer-gui/test/testoac-tree-gui-components/workspace_editor_action_handler_copyandpaste_tests.cpp should add these lines:
#include <memory>
#include <string>
#include <utility>                                                  // for move
#include <vector>
#include "gmock/gmock.h"
#include "oac_tree_gui/model/variable_item.h"
namespace mvvm { class SessionItem; }

/home/pospelov/development/iter/projects/sequencer-gui/test/testoac-tree-gui-components/workspace_editor_action_handler_copyandpaste_tests.cpp should remove these lines:
- #include <oac_tree_gui/core/exceptions.h>  // lines 24-24
- #include <oac_tree_gui/domain/domain_helper.h>  // lines 25-25
- #include <oac_tree_gui/model/item_constants.h>  // lines 26-26
- #include <oac_tree_gui/transform/anyvalue_item_transform_helper.h>  // lines 30-30
- #include <sup/dto/anyvalue.h>  // lines 35-35
- #include <sup/gui/model/anyvalue_item.h>  // lines 33-33
- #include <testutils/test_utils.h>  // lines 39-39

The full include-list for /home/pospelov/development/iter/projects/sequencer-gui/test/testoac-tree-gui-components/workspace_editor_action_handler_copyandpaste_tests.cpp:
#include <gtest/gtest.h>
#include <oac_tree_gui/components/drag_and_drop_helper.h>
#include <oac_tree_gui/model/standard_variable_items.h>
#include <oac_tree_gui/model/workspace_item.h>
#include <oac_tree_gui/pvmonitor/monitor_model.h>
#include <sup/gui/components/mime_conversion_helper.h>
#include <testutils/mock_workspace_editor_context.h>
#include <QMimeData>
#include <memory>
#include <string>
#include <utility>                                                  // for move
#include <vector>
#include "gmock/gmock.h"
#include "oac_tree_gui/composer/workspace_editor_action_handler.h"
#include "oac_tree_gui/model/variable_item.h"
namespace mvvm { class SessionItem; }
---


/home/pospelov/development/iter/projects/sequencer-gui/test/testoac-tree-gui-components/workspace_editor_action_handler_tests.cpp should add these lines:
#include <mvvm/model/item_traits.h>
#include <sup/dto/anytype.h>
#include <functional>
#include <memory>
#include <string>
#include <utility>                                                  // for move
#include <variant>                                                  // for get
#include <vector>
#include "gmock/gmock.h"
#include "oac_tree_gui/components/anyvalue_dialog_result.h"
#include "oac_tree_gui/composer/workspace_editor_context.h"
#include "oac_tree_gui/domain/domain_constants.h"
#include "oac_tree_gui/model/universal_variable_item.h"
#include "oac_tree_gui/model/variable_item.h"
namespace mvvm { class SessionItem; }

/home/pospelov/development/iter/projects/sequencer-gui/test/testoac-tree-gui-components/workspace_editor_action_handler_tests.cpp should remove these lines:
- #include <QMimeData>  // lines 39-39

The full include-list for /home/pospelov/development/iter/projects/sequencer-gui/test/testoac-tree-gui-components/workspace_editor_action_handler_tests.cpp:
#include <gtest/gtest.h>
#include <mvvm/model/item_traits.h>
#include <oac_tree_gui/core/exceptions.h>
#include <oac_tree_gui/domain/domain_helper.h>
#include <oac_tree_gui/model/item_constants.h>
#include <oac_tree_gui/model/standard_variable_items.h>
#include <oac_tree_gui/model/workspace_item.h>
#include <oac_tree_gui/pvmonitor/monitor_model.h>
#include <oac_tree_gui/transform/anyvalue_item_transform_helper.h>
#include <sup/dto/anytype.h>
#include <sup/dto/anyvalue.h>
#include <sup/gui/model/anyvalue_item.h>
#include <sup/oac-tree/exceptions.h>
#include <testutils/mock_workspace_editor_context.h>
#include <functional>
#include <memory>
#include <string>
#include <utility>                                                  // for move
#include <variant>                                                  // for get
#include <vector>
#include "gmock/gmock.h"
#include "oac_tree_gui/components/anyvalue_dialog_result.h"
#include "oac_tree_gui/composer/workspace_editor_action_handler.h"
#include "oac_tree_gui/composer/workspace_editor_context.h"
#include "oac_tree_gui/domain/domain_constants.h"
#include "oac_tree_gui/model/universal_variable_item.h"
#include "oac_tree_gui/model/variable_item.h"
namespace mvvm { class SessionItem; }
---


/home/pospelov/development/iter/projects/sequencer-gui/test/testoac-tree-gui-components/workspace_editor_action_handler_undo_tests.cpp should add these lines:
#include <mvvm/model/item_traits.h>
#include <memory>
#include <string>
#include <vector>
#include "gmock/gmock.h"
#include "oac_tree_gui/domain/domain_constants.h"
#include "oac_tree_gui/model/variable_item.h"
namespace mvvm { class SessionItem; }
namespace oac_tree_gui { class LocalVariableItem; }
namespace oac_tree_gui { class PvAccessServerVariableItem; }

/home/pospelov/development/iter/projects/sequencer-gui/test/testoac-tree-gui-components/workspace_editor_action_handler_undo_tests.cpp should remove these lines:
- #include <oac_tree_gui/core/exceptions.h>  // lines 23-23
- #include <oac_tree_gui/model/item_constants.h>  // lines 25-25
- #include <oac_tree_gui/model/standard_variable_items.h>  // lines 29-29
- #include <sup/gui/model/anyvalue_item.h>  // lines 32-32
- #include <testutils/test_utils.h>  // lines 39-39
- #include <QMimeData>  // lines 41-41

The full include-list for /home/pospelov/development/iter/projects/sequencer-gui/test/testoac-tree-gui-components/workspace_editor_action_handler_undo_tests.cpp:
#include <gtest/gtest.h>
#include <mvvm/commands/i_command_stack.h>
#include <mvvm/model/item_traits.h>
#include <mvvm/standarditems/container_item.h>
#include <oac_tree_gui/domain/domain_helper.h>
#include <oac_tree_gui/model/procedure_item.h>
#include <oac_tree_gui/model/procedure_preamble_items.h>
#include <oac_tree_gui/model/sequencer_model.h>
#include <oac_tree_gui/model/workspace_item.h>
#include <testutils/mock_workspace_editor_context.h>
#include <memory>
#include <string>
#include <vector>
#include "gmock/gmock.h"
#include "oac_tree_gui/composer/workspace_editor_action_handler.h"
#include "oac_tree_gui/domain/domain_constants.h"
#include "oac_tree_gui/model/variable_item.h"
namespace mvvm { class SessionItem; }
namespace oac_tree_gui { class LocalVariableItem; }
namespace oac_tree_gui { class PvAccessServerVariableItem; }
---


/home/pospelov/development/iter/projects/sequencer-gui/test/testoac-tree-gui-components/workspace_editor_viewmodel_tests.cpp should add these lines:
#include <qabstractitemmodel.h>
#include <qnamespace.h>
#include <qstring.h>
#include <qvariant.h>
#include <sup/dto/anytype.h>
#include <string>
#include "oac_tree_gui/domain/domain_constants.h"

/home/pospelov/development/iter/projects/sequencer-gui/test/testoac-tree-gui-components/workspace_editor_viewmodel_tests.cpp should remove these lines:
- #include <oac_tree_gui/model/item_constants.h>  // lines 24-24
- #include <oac_tree_gui/model/sequencer_item_helper.h>  // lines 25-25
- #include <oac_tree_gui/model/sequencer_model.h>  // lines 26-26
- #include <sup/gui/model/anyvalue_item.h>  // lines 31-31
- #include <QSignalSpy>  // lines 39-39

The full include-list for /home/pospelov/development/iter/projects/sequencer-gui/test/testoac-tree-gui-components/workspace_editor_viewmodel_tests.cpp:
#include <gtest/gtest.h>
#include <mvvm/model/application_model.h>
#include <oac_tree_gui/domain/domain_helper.h>
#include <oac_tree_gui/model/standard_variable_items.h>
#include <oac_tree_gui/model/workspace_item.h>
#include <oac_tree_gui/transform/anyvalue_item_transform_helper.h>
#include <qabstractitemmodel.h>
#include <qnamespace.h>
#include <qstring.h>
#include <qvariant.h>
#include <sup/dto/anytype.h>
#include <sup/dto/anyvalue.h>
#include <string>
#include "oac_tree_gui/domain/domain_constants.h"
#include "oac_tree_gui/viewmodel/workspace_editor_viewmodel.h"
---


/home/pospelov/development/iter/projects/sequencer-gui/test/testoac-tree-gui-components/workspace_filter_viewmodel_tests.cpp should add these lines:
#include <mvvm/model/session_item.h>                            // for Sessi...
#include <mvvm/model/tagindex.h>                                // for TagIndex
#include <qabstractitemmodel.h>                                 // for QMode...
#include <qstring.h>                                            // for QString
#include <qvariant.h>                                           // for QVariant
#include <memory>                                               // for uniqu...
#include <string>                                               // for basic...
#include <utility>                                              // for move
#include "oac_tree_gui/domain/domain_constants.h"               // for kLoca...

/home/pospelov/development/iter/projects/sequencer-gui/test/testoac-tree-gui-components/workspace_filter_viewmodel_tests.cpp should remove these lines:

The full include-list for /home/pospelov/development/iter/projects/sequencer-gui/test/testoac-tree-gui-components/workspace_filter_viewmodel_tests.cpp:
#include <gtest/gtest.h>                                        // for Asser...
#include <mvvm/model/application_model.h>                       // for Appli...
#include <mvvm/model/session_item.h>                            // for Sessi...
#include <mvvm/model/tagindex.h>                                // for TagIndex
#include <mvvm/viewmodel/all_items_viewmodel.h>                 // for AllIt...
#include <oac_tree_gui/domain/domain_helper.h>                  // for IsSeq...
#include <oac_tree_gui/model/sequencer_item_helper.h>           // for GetCh...
#include <oac_tree_gui/model/standard_variable_items.h>         // for Local...
#include <oac_tree_gui/model/variable_info_item.h>              // for Varia...
#include <oac_tree_gui/model/workspace_item.h>                  // for Works...
#include <qabstractitemmodel.h>                                 // for QMode...
#include <qstring.h>                                            // for QString
#include <qvariant.h>                                           // for QVariant
#include <testutils/sequencer_test_utils.h>                     // for Creat...
#include <memory>                                               // for uniqu...
#include <string>                                               // for basic...
#include <utility>                                              // for move
#include "oac_tree_gui/domain/domain_constants.h"               // for kLoca...
#include "oac_tree_gui/viewmodel/workspace_filter_viewmodel.h"  // for Works...
---


/home/pospelov/development/iter/projects/sequencer-gui/test/testoac-tree-gui-components/workspace_item_listener_tests.cpp should add these lines:
#include <mvvm/core/mvvm_exceptions.h>
#include <mvvm/model/tagindex.h>
#include <sup/dto/anytype.h>
#include <string>
#include <variant>                                                  // for get
#include "gmock/gmock.h"
#include "oac_tree_gui/jobsystem/domain_events.h"

/home/pospelov/development/iter/projects/sequencer-gui/test/testoac-tree-gui-components/workspace_item_listener_tests.cpp should remove these lines:
- #include <oac_tree_gui/domain/domain_helper.h>  // lines 24-24

The full include-list for /home/pospelov/development/iter/projects/sequencer-gui/test/testoac-tree-gui-components/workspace_item_listener_tests.cpp:
#include <gtest/gtest.h>
#include <mvvm/core/mvvm_exceptions.h>
#include <mvvm/model/application_model.h>
#include <mvvm/model/tagindex.h>
#include <oac_tree_gui/core/exceptions.h>
#include <oac_tree_gui/model/standard_variable_items.h>
#include <oac_tree_gui/model/workspace_item.h>
#include <oac_tree_gui/pvmonitor/workspace_monitor_helper.h>
#include <oac_tree_gui/transform/anyvalue_item_transform_helper.h>
#include <sup/dto/anytype.h>
#include <sup/dto/anyvalue.h>
#include <sup/gui/model/anyvalue_item.h>
#include <sup/oac-tree/workspace.h>
#include <testutils/mock_domain_workspace_listener.h>
#include <string>
#include <variant>                                                  // for get
#include "gmock/gmock.h"
#include "oac_tree_gui/jobsystem/domain_events.h"
#include "oac_tree_gui/pvmonitor/workspace_item_listener.h"
---


/home/pospelov/development/iter/projects/sequencer-gui/test/testoac-tree-gui-components/workspace_monitor_helper_tests.cpp should add these lines:
#include <mvvm/model/session_item.h>
#include <mvvm/model/tagindex.h>
#include <sup/dto/anytype.h>
#include <sup/dto/anyvalue.h>
#include <sup/oac-tree/variable.h>
#include <cstddef>
#include <string>
#include <vector>

/home/pospelov/development/iter/projects/sequencer-gui/test/testoac-tree-gui-components/workspace_monitor_helper_tests.cpp should remove these lines:

The full include-list for /home/pospelov/development/iter/projects/sequencer-gui/test/testoac-tree-gui-components/workspace_monitor_helper_tests.cpp:
#include <gtest/gtest.h>
#include <mvvm/model/item_utils.h>
#include <mvvm/model/session_item.h>
#include <mvvm/model/tagindex.h>
#include <oac_tree_gui/core/exceptions.h>
#include <oac_tree_gui/domain/domain_constants.h>
#include <oac_tree_gui/domain/domain_helper.h>
#include <oac_tree_gui/jobsystem/domain_events.h>
#include <oac_tree_gui/model/item_constants.h>
#include <oac_tree_gui/model/sequencer_item_helper.h>
#include <oac_tree_gui/model/standard_variable_items.h>
#include <oac_tree_gui/model/workspace_item.h>
#include <oac_tree_gui/transform/anyvalue_item_transform_helper.h>
#include <sup/dto/anytype.h>
#include <sup/dto/anyvalue.h>
#include <sup/gui/model/anyvalue_conversion_utils.h>
#include <sup/gui/model/anyvalue_item.h>
#include <sup/oac-tree/variable.h>
#include <sup/oac-tree/workspace.h>
#include <cstddef>
#include <string>
#include <vector>
#include "oac_tree_gui/pvmonitor/workspace_monitor_helper.h"
---


/home/pospelov/development/iter/projects/sequencer-gui/test/testoac-tree-gui-components/workspace_operation_viewmodel_tests.cpp should add these lines:
#include <mvvm/model/session_item.h>
#include <mvvm/model/tagindex.h>
#include <qabstractitemmodel.h>
#include <qcolor.h>
#include <qcontainerfwd.h>
#include <qlist.h>
#include <qminmax.h>                                                // for qMax
#include <qnamespace.h>
#include <qstring.h>
#include <qswap.h>
#include <qtypeinfo.h>
#include <qvariant.h>
#include <sup/dto/anytype.h>
#include <memory>
#include <string>
#include <utility>
#include "oac_tree_gui/domain/domain_constants.h"

/home/pospelov/development/iter/projects/sequencer-gui/test/testoac-tree-gui-components/workspace_operation_viewmodel_tests.cpp should remove these lines:
- #include <sup/gui/model/anyvalue_item.h>  // lines 31-31

The full include-list for /home/pospelov/development/iter/projects/sequencer-gui/test/testoac-tree-gui-components/workspace_operation_viewmodel_tests.cpp:
#include <gtest/gtest.h>
#include <mvvm/model/application_model.h>
#include <mvvm/model/session_item.h>
#include <mvvm/model/tagindex.h>
#include <oac_tree_gui/components/component_helper.h>
#include <oac_tree_gui/domain/domain_helper.h>
#include <oac_tree_gui/model/sequencer_item_helper.h>
#include <oac_tree_gui/model/standard_variable_items.h>
#include <oac_tree_gui/model/variable_info_item.h>
#include <oac_tree_gui/model/workspace_item.h>
#include <oac_tree_gui/transform/anyvalue_item_transform_helper.h>
#include <qabstractitemmodel.h>
#include <qcolor.h>
#include <qcontainerfwd.h>
#include <qlist.h>
#include <qminmax.h>                                                // for qMax
#include <qnamespace.h>
#include <qstring.h>
#include <qswap.h>
#include <qtypeinfo.h>
#include <qvariant.h>
#include <sup/dto/anytype.h>
#include <sup/dto/anyvalue.h>
#include <testutils/sequencer_test_utils.h>
#include <QSignalSpy>
#include <memory>
#include <string>
#include <utility>
#include "oac_tree_gui/domain/domain_constants.h"
#include "oac_tree_gui/viewmodel/workspace_operation_viewmodel.h"
---


/home/pospelov/development/iter/projects/sequencer-gui/test/testoac-tree-gui-components/xml_panel_controller_extended_tests.cpp should add these lines:
#include <mvvm/model/item_traits.h>
#include <memory>
#include <string>
#include <vector>
namespace oac_tree_gui { class InstructionItem; }
namespace oac_tree_gui { class PvAccessReadInstructionItem; }
namespace oac_tree_gui { class SequenceItem; }

/home/pospelov/development/iter/projects/sequencer-gui/test/testoac-tree-gui-components/xml_panel_controller_extended_tests.cpp should remove these lines:
- #include <oac_tree_gui/core/exceptions.h>  // lines 24-24
- #include <oac_tree_gui/model/epics_instruction_items.h>  // lines 26-26
- #include <oac_tree_gui/model/standard_instruction_items.h>  // lines 30-30
- #include <oac_tree_gui/model/standard_variable_items.h>  // lines 31-31
- #include <oac_tree_gui/model/workspace_item.h>  // lines 32-32
- #include <sup/gui/model/anyvalue_item.h>  // lines 34-34
- #include <QMimeData>  // lines 43-43

The full include-list for /home/pospelov/development/iter/projects/sequencer-gui/test/testoac-tree-gui-components/xml_panel_controller_extended_tests.cpp:
#include <gmock/gmock.h>
#include <gtest/gtest.h>
#include <mvvm/commands/i_command_stack.h>
#include <mvvm/model/item_traits.h>
#include <mvvm/standarditems/container_item.h>
#include <oac_tree_gui/composer/instruction_editor_action_handler.h>
#include <oac_tree_gui/domain/domain_helper.h>
#include <oac_tree_gui/model/instruction_container_item.h>
#include <oac_tree_gui/model/procedure_item.h>
#include <oac_tree_gui/model/sequencer_model.h>
#include <testutils/mock_instruction_editor_context.h>
#include <memory>
#include <string>
#include <vector>
#include "oac_tree_gui/components/xml_panel_controller.h"
namespace oac_tree_gui { class InstructionItem; }
namespace oac_tree_gui { class PvAccessReadInstructionItem; }
namespace oac_tree_gui { class SequenceItem; }
---


/home/pospelov/development/iter/projects/sequencer-gui/test/testoac-tree-gui-components/xml_panel_controller_tests.cpp should add these lines:
#include <mvvm/model/session_item.h>                        // for SessionItem
#include <mvvm/model/tagindex.h>                            // for TagIndex
#include <memory>                                           // for unique_ptr
#include <string>                                           // for basic_string
#include <utility>                                          // for move

/home/pospelov/development/iter/projects/sequencer-gui/test/testoac-tree-gui-components/xml_panel_controller_tests.cpp should remove these lines:

The full include-list for /home/pospelov/development/iter/projects/sequencer-gui/test/testoac-tree-gui-components/xml_panel_controller_tests.cpp:
#include <gmock/gmock.h>                                    // for AnythingM...
#include <gtest/gtest.h>                                    // for Universal...
#include <mvvm/model/session_item.h>                        // for SessionItem
#include <mvvm/model/tagindex.h>                            // for TagIndex
#include <mvvm/standarditems/container_item.h>              // for Container...
#include <oac_tree_gui/model/instruction_container_item.h>  // for Instructi...
#include <oac_tree_gui/model/procedure_item.h>              // for Procedure...
#include <oac_tree_gui/model/sequencer_model.h>             // for Sequencer...
#include <oac_tree_gui/model/standard_instruction_items.h>  // for SequenceItem
#include <oac_tree_gui/model/standard_variable_items.h>     // for FileVaria...
#include <oac_tree_gui/model/workspace_item.h>              // for Workspace...
#include <sup/gui/core/sup_gui_core_exceptions.h>           // for RuntimeEx...
#include <memory>                                           // for unique_ptr
#include <string>                                           // for basic_string
#include <utility>                                          // for move
#include "oac_tree_gui/components/xml_panel_controller.h"   // for XmlPanelC...
---


(/home/pospelov/development/iter/projects/sequencer-gui/out/build/terminal/test/testoac-tree-gui-components-app/testoac-tree-gui-components-app_autogen/mocs_compilation.cpp has correct #includes/fwd-decls)


/home/pospelov/development/iter/projects/sequencer-gui/test/testoac-tree-gui-components-app/domain_job_service_tests.cpp should add these lines:
#include <qtestsupport_core.h>                          // for qWaitFor
#include <sup/dto/anytype.h>                            // for SignedInteger...
#include <sup/dto/basic_scalar_types.h>                 // for uint32, uint64
#include <sup/oac-tree/execution_status.h>              // for ExecutionStatus
#include <sup/oac-tree/instruction_state.h>             // for InstructionState
#include <sup/oac-tree/job_states.h>                    // for JobState
#include <chrono>                                       // for seconds, mill...
#include <memory>                                       // for unique_ptr
#include <string>                                       // for basic_string
#include <vector>                                       // for vector
#include "gmock/gmock.h"                                // for AnythingMatcher
#include "oac_tree_gui/jobsystem/domain_events.h"       // for VariableUpdat...
#include "oac_tree_gui/jobsystem/job_log_severity.h"    // for Severity
#include "oac_tree_gui/jobsystem/request_types.h"       // for UserChoiceResult

/home/pospelov/development/iter/projects/sequencer-gui/test/testoac-tree-gui-components-app/domain_job_service_tests.cpp should remove these lines:
- #include <oac_tree_gui/jobsystem/log_event.h>  // lines 23-23
- #include <QTest>  // lines 32-32

The full include-list for /home/pospelov/development/iter/projects/sequencer-gui/test/testoac-tree-gui-components-app/domain_job_service_tests.cpp:
#include <gtest/gtest.h>                                // for AssertionResult
#include <qtestsupport_core.h>                          // for qWaitFor
#include <sup/dto/anytype.h>                            // for SignedInteger...
#include <sup/dto/anyvalue.h>                           // for AnyValue
#include <sup/dto/basic_scalar_types.h>                 // for uint32, uint64
#include <sup/oac-tree/execution_status.h>              // for ExecutionStatus
#include <sup/oac-tree/i_job_info_io.h>                 // for IJobInfoIO
#include <sup/oac-tree/instruction_state.h>             // for InstructionState
#include <sup/oac-tree/job_states.h>                    // for JobState
#include <testutils/mock_domain_event_listener.h>       // for MockDomainEve...
#include <testutils/mock_user_context.h>                // for MockUserContext
#include <chrono>                                       // for seconds, mill...
#include <future>                                       // for future, promise
#include <memory>                                       // for unique_ptr
#include <string>                                       // for basic_string
#include <vector>                                       // for vector
#include "gmock/gmock.h"                                // for AnythingMatcher
#include "oac_tree_gui/jobsystem/domain_events.h"       // for VariableUpdat...
#include "oac_tree_gui/jobsystem/domain_job_service.h"  // for DomainJobService
#include "oac_tree_gui/jobsystem/job_log_severity.h"    // for Severity
#include "oac_tree_gui/jobsystem/request_types.h"       // for UserChoiceResult
---


/home/pospelov/development/iter/projects/sequencer-gui/test/testoac-tree-gui-components-app/domain_workspace_listener_pvaccess_tests.cpp should add these lines:
#include <qtestsupport_core.h>
#include <sup/dto/anytype.h>
#include <sup/oac-tree/variable.h>
#include <string>
#include <utility>

/home/pospelov/development/iter/projects/sequencer-gui/test/testoac-tree-gui-components-app/domain_workspace_listener_pvaccess_tests.cpp should remove these lines:
- #include <oac_tree_gui/core/exceptions.h>  // lines 23-23
- #include <sup/dto/anyvalue_helper.h>  // lines 28-28
- #include <sup/epics-test/unit_test_helper.h>  // lines 29-29
- #include <QTest>  // lines 36-36

The full include-list for /home/pospelov/development/iter/projects/sequencer-gui/test/testoac-tree-gui-components-app/domain_workspace_listener_pvaccess_tests.cpp:
#include <gmock/gmock.h>
#include <gtest/gtest.h>
#include <oac_tree_gui/domain/domain_helper.h>
#include <oac_tree_gui/jobsystem/domain_events.h>
#include <qtestsupport_core.h>
#include <sup/dto/anytype.h>
#include <sup/dto/anyvalue.h>
#include <sup/oac-tree/variable.h>
#include <sup/oac-tree/workspace.h>
#include <testutils/sequencer_test_utils.h>
#include <string>
#include <utility>
#include "oac_tree_gui/pvmonitor/objects/domain_workspace_listener.h"
---


/home/pospelov/development/iter/projects/sequencer-gui/test/testoac-tree-gui-components-app/domain_workspace_listener_tests.cpp should add these lines:
#include <qtestsupport_core.h>
#include <sup/dto/anytype.h>
#include <sup/oac-tree/variable.h>
#include <functional>
#include <memory>
#include <string>
#include <utility>

/home/pospelov/development/iter/projects/sequencer-gui/test/testoac-tree-gui-components-app/domain_workspace_listener_tests.cpp should remove these lines:
- #include <sup/dto/anyvalue_helper.h>  // lines 27-27
- #include <QTest>  // lines 34-34

The full include-list for /home/pospelov/development/iter/projects/sequencer-gui/test/testoac-tree-gui-components-app/domain_workspace_listener_tests.cpp:
#include <gmock/gmock.h>
#include <gtest/gtest.h>
#include <oac_tree_gui/core/exceptions.h>
#include <oac_tree_gui/jobsystem/domain_events.h>
#include <qtestsupport_core.h>
#include <sup/dto/anytype.h>
#include <sup/dto/anyvalue.h>
#include <sup/oac-tree/variable.h>
#include <sup/oac-tree/workspace.h>
#include <testutils/sequencer_test_utils.h>
#include <functional>
#include <memory>
#include <string>
#include <utility>
#include "oac_tree_gui/pvmonitor/objects/domain_workspace_listener.h"
---


/home/pospelov/development/iter/projects/sequencer-gui/test/testoac-tree-gui-components-app/graphics_scene_component_provider_scene_tests.cpp should add these lines:
#include <QtCore/qobjectdefs.h>
#include <mvvm/model/item_traits.h>
#include <mvvm/model/session_item.h>
#include <mvvm/model/tagindex.h>
#include <qlist.h>
#include <qnamespace.h>
#include <qobject.h>
#include <qpoint.h>
#include <qtestmouse.h>
#include <qwidget.h>
#include <sup/gui/core/message_event.h>
#include <memory>
#include <string>
#include <utility>
#include <vector>
#include "oac_tree_gui/model/instruction_item.h"

/home/pospelov/development/iter/projects/sequencer-gui/test/testoac-tree-gui-components-app/graphics_scene_component_provider_scene_tests.cpp should remove these lines:
- #include <mvvm/nodeeditor/i_node_port.h>  // lines 32-32
- #include <mvvm/nodeeditor/node_port_shape.h>  // lines 34-34
- #include <QTest>  // lines 42-42

The full include-list for /home/pospelov/development/iter/projects/sequencer-gui/test/testoac-tree-gui-components-app/graphics_scene_component_provider_scene_tests.cpp:
#include <QtCore/qobjectdefs.h>
#include <gmock/gmock.h>
#include <gtest/gtest.h>
#include <mvvm/model/application_model.h>
#include <mvvm/model/item_traits.h>
#include <mvvm/model/session_item.h>
#include <mvvm/model/tagindex.h>
#include <mvvm/nodeeditor/connectable_shape.h>
#include <mvvm/nodeeditor/graphics_scene_helper.h>
#include <mvvm/nodeeditor/node_connection_shape.h>
#include <oac_tree_gui/model/aggregate_examples.h>
#include <oac_tree_gui/model/instruction_container_item.h>
#include <oac_tree_gui/model/standard_instruction_items.h>
#include <oac_tree_gui/model/universal_item_helper.h>
#include <oac_tree_gui/nodeeditor/objects/node_graphics_scene.h>
#include <qlist.h>
#include <qnamespace.h>
#include <qobject.h>
#include <qpoint.h>
#include <qtestmouse.h>
#include <qwidget.h>
#include <sup/gui/core/message_event.h>
#include <testutils/test_node_editor_helper.h>
#include <QGraphicsView>
#include <QSignalSpy>
#include <memory>
#include <string>
#include <utility>
#include <vector>
#include "oac_tree_gui/model/instruction_item.h"
#include "oac_tree_gui/nodeeditor/objects/graphics_scene_component_provider.h"
---


/home/pospelov/development/iter/projects/sequencer-gui/test/testoac-tree-gui-components-app/graphics_scene_component_provider_tests.cpp should add these lines:
#include <mvvm/signals/event_types.h>
#include <qlist.h>
#include <sup/dto/anytype.h>
#include <sup/gui/core/message_event.h>
#include <memory>
#include <string>
#include <vector>
namespace oac_tree_gui { class InstructionItem; }

/home/pospelov/development/iter/projects/sequencer-gui/test/testoac-tree-gui-components-app/graphics_scene_component_provider_tests.cpp should remove these lines:
- #include <oac_tree_gui/model/sequencer_model.h>  // lines 27-27

The full include-list for /home/pospelov/development/iter/projects/sequencer-gui/test/testoac-tree-gui-components-app/graphics_scene_component_provider_tests.cpp:
#include <gmock/gmock.h>
#include <gtest/gtest.h>
#include <mvvm/commands/i_command_stack.h>
#include <mvvm/model/application_model.h>
#include <mvvm/nodeeditor/connectable_shape.h>
#include <mvvm/nodeeditor/graphics_scene_helper.h>
#include <mvvm/nodeeditor/node_connection_shape.h>
#include <mvvm/signals/event_types.h>
#include <mvvm/test/mock_item_listener.h>
#include <mvvm/utils/container_utils.h>
#include <oac_tree_gui/domain/domain_helper.h>
#include <oac_tree_gui/model/epics_instruction_items.h>
#include <oac_tree_gui/model/instruction_container_item.h>
#include <oac_tree_gui/model/item_constants.h>
#include <oac_tree_gui/model/standard_instruction_items.h>
#include <oac_tree_gui/model/universal_item_helper.h>
#include <oac_tree_gui/transform/anyvalue_item_transform_helper.h>
#include <qlist.h>
#include <sup/dto/anytype.h>
#include <sup/dto/anyvalue.h>
#include <sup/gui/core/message_event.h>
#include <testutils/test_node_editor_helper.h>
#include <QGraphicsScene>
#include <QSignalSpy>
#include <memory>
#include <string>
#include <vector>
#include "oac_tree_gui/nodeeditor/objects/graphics_scene_component_provider.h"
namespace oac_tree_gui { class InstructionItem; }
---


/home/pospelov/development/iter/projects/sequencer-gui/test/testoac-tree-gui-components-app/instruction_tree_expand_controller_tests.cpp should add these lines:
#include <qabstractitemmodel.h>
#include <qitemselectionmodel.h>
#include <string>
#include <vector>
#include "oac_tree_gui/domain/domain_constants.h"
namespace mvvm { class SessionItem; }

/home/pospelov/development/iter/projects/sequencer-gui/test/testoac-tree-gui-components-app/instruction_tree_expand_controller_tests.cpp should remove these lines:
- #include <oac_tree_gui/model/item_constants.h>  // lines 25-25
- #include <oac_tree_gui/model/sequencer_item_helper.h>  // lines 26-26
- #include <oac_tree_gui/model/sequencer_model.h>  // lines 27-27

The full include-list for /home/pospelov/development/iter/projects/sequencer-gui/test/testoac-tree-gui-components-app/instruction_tree_expand_controller_tests.cpp:
#include <gtest/gtest.h>
#include <mvvm/model/application_model.h>
#include <oac_tree_gui/core/exceptions.h>
#include <oac_tree_gui/model/instruction_container_item.h>
#include <oac_tree_gui/model/standard_instruction_items.h>
#include <oac_tree_gui/model/universal_item_helper.h>
#include <oac_tree_gui/viewmodel/instruction_operation_viewmodel.h>
#include <qabstractitemmodel.h>
#include <qitemselectionmodel.h>
#include <QTreeView>
#include <string>
#include <vector>
#include "oac_tree_gui/domain/domain_constants.h"
#include "oac_tree_gui/operation/objects/instruction_tree_expand_controller.h"
namespace mvvm { class SessionItem; }
---


/home/pospelov/development/iter/projects/sequencer-gui/test/testoac-tree-gui-components-app/job_manager_extended_tests.cpp should add these lines:
#include <qtestsupport_core.h>                               // for qWaitFor
#include <sup/dto/anytype.h>                                 // for SignedIn...
#include <string>                                            // for basic_st...
#include <vector>                                            // for vector
#include "oac_tree_gui/jobsystem/i_job_handler.h"            // for IJobHandler
#include "oac_tree_gui/model/variable_item.h"                // for Variable...

/home/pospelov/development/iter/projects/sequencer-gui/test/testoac-tree-gui-components-app/job_manager_extended_tests.cpp should remove these lines:
- #include <oac_tree_gui/jobsystem/objects/abstract_job_handler.h>  // lines 22-22
- #include <QSignalSpy>  // lines 45-45
- #include <QTest>  // lines 46-46

The full include-list for /home/pospelov/development/iter/projects/sequencer-gui/test/testoac-tree-gui-components-app/job_manager_extended_tests.cpp:
#include <gtest/gtest.h>                                     // for Assertio...
#include <mvvm/model/model_utils.h>                          // for FindItems
#include <oac_tree_gui/core/exceptions.h>                    // for RuntimeE...
#include <oac_tree_gui/jobsystem/objects/job_manager.h>      // for JobManager
#include <oac_tree_gui/jobsystem/user_context.h>             // for UserContext
#include <oac_tree_gui/model/application_models.h>           // for Applicat...
#include <oac_tree_gui/model/instruction_container_item.h>   // for Instruct...
#include <oac_tree_gui/model/job_model.h>                    // for JobModel
#include <oac_tree_gui/model/procedure_item.h>               // for Procedur...
#include <oac_tree_gui/model/sequencer_model.h>              // for Sequence...
#include <oac_tree_gui/model/standard_job_items.h>           // for LocalJob...
#include <oac_tree_gui/model/standard_variable_items.h>      // for LocalVar...
#include <oac_tree_gui/model/workspace_item.h>               // for Workspac...
#include <oac_tree_gui/operation/operation_action_helper.h>  // for GetJobHa...
#include <qtestsupport_core.h>                               // for qWaitFor
#include <sup/dto/anytype.h>                                 // for SignedIn...
#include <sup/dto/anyvalue.h>                                // for AnyValue
#include <sup/oac-tree/exceptions.h>                         // for Procedur...
#include <testutils/mock_remote_connection_service.h>        // for MockRemo...
#include <testutils/sequencer_test_utils.h>                  // for IsEqual
#include <testutils/standard_procedure_items.h>              // for CreateCo...
#include <chrono>                                            // for millisec...
#include <string>                                            // for basic_st...
#include <vector>                                            // for vector
#include "oac_tree_gui/jobsystem/i_job_handler.h"            // for IJobHandler
#include "oac_tree_gui/model/variable_item.h"                // for Variable...
---


/home/pospelov/development/iter/projects/sequencer-gui/test/testoac-tree-gui-components-app/local_domain_runner_tests.cpp should add these lines:
#include <qtestsupport_core.h>
#include <sup/dto/anyvalue.h>
#include <sup/dto/basic_scalar_types.h>
#include <sup/oac-tree/execution_status.h>
#include <sup/oac-tree/instruction_state.h>
#include <sup/oac-tree/job_states.h>
#include <chrono>
#include <functional>
#include <initializer_list>
#include <memory>
#include <ratio>
#include <string>
#include <utility>
#include <vector>
#include "oac_tree_gui/domain/sequencer_types_fwd.h"
#include "oac_tree_gui/jobsystem/domain_event_dispatcher_context.h"

/home/pospelov/development/iter/projects/sequencer-gui/test/testoac-tree-gui-components-app/local_domain_runner_tests.cpp should remove these lines:
- #include <oac_tree_gui/core/exceptions.h>  // lines 23-23
- #include <QTest>  // lines 39-39

The full include-list for /home/pospelov/development/iter/projects/sequencer-gui/test/testoac-tree-gui-components-app/local_domain_runner_tests.cpp:
#include <gmock/gmock.h>
#include <gtest/gtest.h>
#include <oac_tree_gui/jobsystem/domain_events.h>
#include <oac_tree_gui/jobsystem/user_context.h>
#include <qtestsupport_core.h>
#include <sup/dto/anyvalue.h>
#include <sup/dto/basic_scalar_types.h>
#include <sup/oac-tree/execution_status.h>
#include <sup/oac-tree/instruction.h>
#include <sup/oac-tree/instruction_state.h>
#include <sup/oac-tree/job_states.h>
#include <sup/oac-tree/procedure.h>
#include <sup/oac-tree/variable.h>
#include <sup/oac-tree/workspace.h>
#include <testutils/mock_domain_event_listener.h>
#include <testutils/mock_user_context.h>
#include <testutils/standard_procedures.h>
#include <testutils/test_utils.h>
#include <chrono>
#include <functional>
#include <initializer_list>
#include <memory>
#include <ratio>
#include <string>
#include <thread>
#include <utility>
#include <vector>
#include "oac_tree_gui/domain/sequencer_types_fwd.h"
#include "oac_tree_gui/jobsystem/domain_event_dispatcher_context.h"
#include "oac_tree_gui/jobsystem/local_domain_runner.h"
---


/home/pospelov/development/iter/projects/sequencer-gui/test/testoac-tree-gui-components-app/local_job_handler_tests.cpp should add these lines:
#include <mvvm/model/session_item.h>                           // for Sessio...
#include <mvvm/model/tagindex.h>                               // for TagIndex
#include <mvvm/signals/event_types.h>                          // for Proper...
#include <qtestsupport_core.h>                                 // for qWaitFor
#include <sup/dto/anytype.h>                                   // for Signed...
#include <sup/dto/anyvalue.h>                                  // for AnyValue
#include <functional>                                          // for function
#include <memory>                                              // for unique...
#include <string>                                              // for basic_...
#include <utility>                                             // for move
#include <vector>                                              // for vector
#include "gmock/gmock.h"                                       // for EXPECT...
#include "oac_tree_gui/jobsystem/job_log_severity.h"           // for Severity
#include "oac_tree_gui/jobsystem/log_event.h"                  // for LogEvent
#include "oac_tree_gui/model/instruction_item.h"               // for Instru...
#include "oac_tree_gui/model/instruction_status.h"             // for Instru...
#include "oac_tree_gui/model/runner_status.h"                  // for Runner...
#include "oac_tree_gui/model/variable_item.h"                  // for Variab...
#include "oac_tree_gui/operation/breakpoint_types.h"           // for Breakp...

/home/pospelov/development/iter/projects/sequencer-gui/test/testoac-tree-gui-components-app/local_job_handler_tests.cpp should remove these lines:
- #include <mvvm/standarditems/container_item.h>  // lines 41-41
- #include <oac_tree_gui/jobsystem/job_utils.h>  // lines 25-25
- #include <oac_tree_gui/model/standard_instruction_items.h>  // lines 35-35
- #include <oac_tree_gui/model/standard_variable_items.h>  // lines 37-37
- #include <sup/oac-tree/instruction.h>  // lines 45-45
- #include <QTest>  // lines 52-52

The full include-list for /home/pospelov/development/iter/projects/sequencer-gui/test/testoac-tree-gui-components-app/local_job_handler_tests.cpp:
#include <gtest/gtest.h>                                       // for Assert...
#include <mvvm/model/model_utils.h>                            // for FindItems
#include <mvvm/model/session_item.h>                           // for Sessio...
#include <mvvm/model/tagindex.h>                               // for TagIndex
#include <mvvm/signals/event_types.h>                          // for Proper...
#include <mvvm/test/mock_item_listener.h>                      // for MockIt...
#include <oac_tree_gui/core/exceptions.h>                      // for Runtim...
#include <oac_tree_gui/domain/domain_constants.h>              // for kMessa...
#include <oac_tree_gui/jobsystem/objects/job_log.h>            // for JobLog
#include <oac_tree_gui/jobsystem/request_types.h>              // for UserIn...
#include <oac_tree_gui/jobsystem/user_context.h>               // for UserCo...
#include <oac_tree_gui/model/application_models.h>             // for Applic...
#include <oac_tree_gui/model/instruction_container_item.h>     // for Instru...
#include <oac_tree_gui/model/item_constants.h>                 // for kProvi...
#include <oac_tree_gui/model/job_model.h>                      // for JobModel
#include <oac_tree_gui/model/procedure_item.h>                 // for Proced...
#include <oac_tree_gui/model/sequencer_model.h>                // for Sequen...
#include <oac_tree_gui/model/standard_job_items.h>             // for LocalJ...
#include <oac_tree_gui/operation/breakpoint_helper.h>          // for GetBre...
#include <qtestsupport_core.h>                                 // for qWaitFor
#include <sup/dto/anytype.h>                                   // for Signed...
#include <sup/dto/anyvalue.h>                                  // for AnyValue
#include <sup/oac-tree/exceptions.h>                           // for Proced...
#include <testutils/sequencer_test_utils.h>                    // for IsEqual
#include <testutils/standard_procedure_items.h>                // for Create...
#include <QSignalSpy>                                          // for QSigna...
#include <chrono>                                              // for millis...
#include <functional>                                          // for function
#include <memory>                                              // for unique...
#include <string>                                              // for basic_...
#include <utility>                                             // for move
#include <vector>                                              // for vector
#include "gmock/gmock.h"                                       // for EXPECT...
#include "oac_tree_gui/jobsystem/job_log_severity.h"           // for Severity
#include "oac_tree_gui/jobsystem/log_event.h"                  // for LogEvent
#include "oac_tree_gui/jobsystem/objects/local_job_handler.h"  // for LocalJ...
#include "oac_tree_gui/model/instruction_item.h"               // for Instru...
#include "oac_tree_gui/model/instruction_status.h"             // for Instru...
#include "oac_tree_gui/model/runner_status.h"                  // for Runner...
#include "oac_tree_gui/model/variable_item.h"                  // for Variab...
#include "oac_tree_gui/operation/breakpoint_types.h"           // for Breakp...
---


/home/pospelov/development/iter/projects/sequencer-gui/test/testoac-tree-gui-components-app/main.cpp should add these lines:
#include <gtest/gtest.h>            // for RUN_ALL_TESTS
#include <qtpreprocessorsupport.h>  // for Q_UNUSED

/home/pospelov/development/iter/projects/sequencer-gui/test/testoac-tree-gui-components-app/main.cpp should remove these lines:

The full include-list for /home/pospelov/development/iter/projects/sequencer-gui/test/testoac-tree-gui-components-app/main.cpp:
#include <gtest/gtest.h>            // for RUN_ALL_TESTS
#include <mvvm/core/platform.h>     // for SetHeadless
#include <qtpreprocessorsupport.h>  // for Q_UNUSED
#include <testutils/init_tests.h>   // for InitTests
#include <QApplication>             // for QApplication
---


/home/pospelov/development/iter/projects/sequencer-gui/test/testoac-tree-gui-components-app/node_graphics_scene_tests.cpp should add these lines:
#include <qbytearray.h>                                           // for QBy...
#include <qcoreapplication.h>                                     // for QCo...
#include <qcoreevent.h>                                           // for QEvent
#include <qlist.h>                                                // for QList
#include <qmetatype.h>                                            // for typ...
#include <qpoint.h>                                               // for QPo...
#include <qstring.h>                                              // for QSt...
#include <qtypeinfo.h>                                            // for QTy...
#include <qvariant.h>                                             // for QVa...
#include <memory>                                                 // for uni...
#include <string>                                                 // for bas...
#include "oac_tree_gui/model/instruction_item.h"                  // for Ins...

/home/pospelov/development/iter/projects/sequencer-gui/test/testoac-tree-gui-components-app/node_graphics_scene_tests.cpp should remove these lines:

The full include-list for /home/pospelov/development/iter/projects/sequencer-gui/test/testoac-tree-gui-components-app/node_graphics_scene_tests.cpp:
#include <gtest/gtest.h>                                          // for Mes...
#include <mvvm/nodeeditor/connectable_shape.h>                    // for Con...
#include <mvvm/nodeeditor/graphics_scene_helper.h>                // for Get...
#include <mvvm/nodeeditor/i_node_port.h>                          // for INo...
#include <mvvm/test/test_helper.h>                                // for Get...
#include <oac_tree_gui/components/drag_and_drop_helper.h>         // for Cre...
#include <oac_tree_gui/domain/domain_constants.h>                 // for kIn...
#include <oac_tree_gui/model/standard_instruction_items.h>        // for Seq...
#include <oac_tree_gui/nodeeditor/connectable_shape_factory.h>    // for Con...
#include <qbytearray.h>                                           // for QBy...
#include <qcoreapplication.h>                                     // for QCo...
#include <qcoreevent.h>                                           // for QEvent
#include <qlist.h>                                                // for QList
#include <qmetatype.h>                                            // for typ...
#include <qpoint.h>                                               // for QPo...
#include <qstring.h>                                              // for QSt...
#include <qtypeinfo.h>                                            // for QTy...
#include <qvariant.h>                                             // for QVa...
#include <testutils/test_node_editor_helper.h>                    // for Get...
#include <QApplication>                                           // for QAp...
#include <QGraphicsSceneDragDropEvent>                            // for QGr...
#include <QMimeData>                                              // for QMi...
#include <QSignalSpy>                                             // for QSi...
#include <memory>                                                 // for uni...
#include <string>                                                 // for bas...
#include "oac_tree_gui/model/instruction_item.h"                  // for Ins...
#include "oac_tree_gui/nodeeditor/objects/node_graphics_scene.h"  // for Nod...
---


/home/pospelov/development/iter/projects/sequencer-gui/test/testoac-tree-gui-components-app/operation_action_handler_extended_tests.cpp should add these lines:
#include <mvvm/utils/container_utils.h>
#include <qbytearray.h>
#include <qmetatype.h>
#include <qtestsupport_core.h>
#include <qtypeinfo.h>
#include <chrono>
#include <functional>
#include <memory>
#include <string>
#include <vector>
#include "gmock/gmock.h"
#include "oac_tree_gui/jobsystem/i_job_handler.h"
#include "oac_tree_gui/model/runner_status.h"
#include "oac_tree_gui/operation/operation_action_context.h"

/home/pospelov/development/iter/projects/sequencer-gui/test/testoac-tree-gui-components-app/operation_action_handler_extended_tests.cpp should remove these lines:
- #include <oac_tree_gui/jobsystem/job_utils.h>  // lines 24-24
- #include <oac_tree_gui/jobsystem/objects/local_job_handler.h>  // lines 26-26
- #include <QTest>  // lines 47-47

The full include-list for /home/pospelov/development/iter/projects/sequencer-gui/test/testoac-tree-gui-components-app/operation_action_handler_extended_tests.cpp:
#include <gtest/gtest.h>
#include <mvvm/model/model_utils.h>
#include <mvvm/standarditems/container_item.h>
#include <mvvm/test/test_helper.h>
#include <mvvm/utils/container_utils.h>
#include <oac_tree_gui/core/exceptions.h>
#include <oac_tree_gui/jobsystem/objects/job_manager.h>
#include <oac_tree_gui/jobsystem/user_context.h>
#include <oac_tree_gui/model/application_models.h>
#include <oac_tree_gui/model/job_item.h>
#include <oac_tree_gui/model/job_model.h>
#include <oac_tree_gui/model/procedure_item.h>
#include <oac_tree_gui/model/sequencer_model.h>
#include <oac_tree_gui/operation/operation_action_helper.h>
#include <qbytearray.h>
#include <qmetatype.h>
#include <qtestsupport_core.h>
#include <qtypeinfo.h>
#include <testutils/folder_test.h>
#include <testutils/mock_operation_action_context.h>
#include <testutils/mock_remote_connection_service.h>
#include <testutils/standard_procedure_items.h>
#include <testutils/test_utils.h>
#include <QSignalSpy>
#include <chrono>
#include <functional>
#include <memory>
#include <string>
#include <vector>
#include "gmock/gmock.h"
#include "oac_tree_gui/jobsystem/i_job_handler.h"
#include "oac_tree_gui/model/runner_status.h"
#include "oac_tree_gui/operation/objects/operation_action_handler.h"
#include "oac_tree_gui/operation/operation_action_context.h"
---


/home/pospelov/development/iter/projects/sequencer-gui/test/testoac-tree-gui-components-app/operation_action_handler_tests.cpp should add these lines:
#include <mvvm/model/tagindex.h>
#include <qbytearray.h>
#include <qmetatype.h>
#include <qtypeinfo.h>
#include <cstddef>
#include <memory>
#include <optional>
#include <set>
#include <string>
#include <vector>
#include "gmock/gmock.h"
#include "oac_tree_gui/jobsystem/remote_connection_info.h"
#include "oac_tree_gui/model/job_item.h"
#include "oac_tree_gui/model/runner_status.h"
#include "oac_tree_gui/operation/operation_action_context.h"

/home/pospelov/development/iter/projects/sequencer-gui/test/testoac-tree-gui-components-app/operation_action_handler_tests.cpp should remove these lines:
- #include <mvvm/model/model_utils.h>  // lines 29-29
- #include <oac_tree_gui/jobsystem/objects/abstract_job_handler.h>  // lines 24-24

The full include-list for /home/pospelov/development/iter/projects/sequencer-gui/test/testoac-tree-gui-components-app/operation_action_handler_tests.cpp:
#include <gtest/gtest.h>
#include <mvvm/model/application_model.h>
#include <mvvm/model/tagindex.h>
#include <mvvm/standarditems/container_item.h>
#include <mvvm/test/test_helper.h>
#include <oac_tree_gui/core/exceptions.h>
#include <oac_tree_gui/model/procedure_item.h>
#include <oac_tree_gui/model/standard_job_items.h>
#include <qbytearray.h>
#include <qmetatype.h>
#include <qtypeinfo.h>
#include <testutils/mock_job_manager.h>
#include <testutils/mock_operation_action_context.h>
#include <testutils/mock_remote_connection_service.h>
#include <QSignalSpy>
#include <cstddef>
#include <memory>
#include <optional>
#include <set>
#include <string>
#include <vector>
#include "gmock/gmock.h"
#include "oac_tree_gui/jobsystem/remote_connection_info.h"
#include "oac_tree_gui/model/job_item.h"
#include "oac_tree_gui/model/runner_status.h"
#include "oac_tree_gui/operation/objects/operation_action_handler.h"
#include "oac_tree_gui/operation/operation_action_context.h"
---


/home/pospelov/development/iter/projects/sequencer-gui/test/testoac-tree-gui-components-app/resource_folder_tests.cpp should add these lines:
#include <mvvm/model/session_item.h>                           // for Sessio...
#include <mvvm/model/tagindex.h>                               // for TagIndex
#include <qtestsupport_core.h>                                 // for qWaitFor
#include <functional>                                          // for function
#include <memory>                                              // for allocator
#include <string>                                              // for basic_...
#include <utility>                                             // for move
#include <vector>                                              // for vector
#include "oac_tree_gui/model/instruction_status.h"             // for Instru...
#include "oac_tree_gui/model/runner_status.h"                  // for Runner...
#include "testutils/cmake_info.h"                              // for Projec...

/home/pospelov/development/iter/projects/sequencer-gui/test/testoac-tree-gui-components-app/resource_folder_tests.cpp should remove these lines:
- #include <mvvm/model/application_model.h>  // lines 33-33
- #include <oac_tree_gui/jobsystem/job_utils.h>  // lines 22-22
- #include <testutils/folder_test.h>  // lines 38-38
- #include <testutils/test_utils.h>  // lines 39-39
- #include <QTest>  // lines 42-42

The full include-list for /home/pospelov/development/iter/projects/sequencer-gui/test/testoac-tree-gui-components-app/resource_folder_tests.cpp:
#include <gtest/gtest.h>                                       // for Assert...
#include <mvvm/model/model_utils.h>                            // for FindItems
#include <mvvm/model/session_item.h>                           // for Sessio...
#include <mvvm/model/tagindex.h>                               // for TagIndex
#include <mvvm/utils/file_utils.h>                             // for IsExists
#include <oac_tree_gui/domain/domain_helper.h>                 // for IsSequ...
#include <oac_tree_gui/jobsystem/objects/local_job_handler.h>  // for LocalJ...
#include <oac_tree_gui/jobsystem/user_context.h>               // for UserCo...
#include <oac_tree_gui/model/application_models.h>             // for Applic...
#include <oac_tree_gui/model/instruction_item.h>               // for Instru...
#include <oac_tree_gui/model/job_model.h>                      // for JobModel
#include <oac_tree_gui/model/procedure_item.h>                 // for Proced...
#include <oac_tree_gui/model/sequencer_model.h>                // for Sequen...
#include <oac_tree_gui/model/standard_job_items.h>             // for LocalJ...
#include <oac_tree_gui/model/xml_utils.h>                      // for Import...
#include <qtestsupport_core.h>                                 // for qWaitFor
#include <QSignalSpy>                                          // for QSigna...
#include <functional>                                          // for function
#include <memory>                                              // for allocator
#include <string>                                              // for basic_...
#include <utility>                                             // for move
#include <vector>                                              // for vector
#include "oac_tree_gui/model/instruction_status.h"             // for Instru...
#include "oac_tree_gui/model/runner_status.h"                  // for Runner...
#include "testutils/cmake_info.h"                              // for Projec...
---


/home/pospelov/development/iter/projects/sequencer-gui/test/testoac-tree-gui-components-app/sequencer_align_utils_tests.cpp should add these lines:
#include <mvvm/model/tagindex.h>                            // for TagIndex
#include <memory>                                           // for unique_ptr
#include <string>                                           // for basic_string
#include <vector>                                           // for vector

/home/pospelov/development/iter/projects/sequencer-gui/test/testoac-tree-gui-components-app/sequencer_align_utils_tests.cpp should remove these lines:

The full include-list for /home/pospelov/development/iter/projects/sequencer-gui/test/testoac-tree-gui-components-app/sequencer_align_utils_tests.cpp:
#include <gtest/gtest.h>                                    // for Message
#include <mvvm/model/tagindex.h>                            // for TagIndex
#include <mvvm/standarditems/container_item.h>              // for Container...
#include <oac_tree_gui/model/instruction_container_item.h>  // for Instructi...
#include <oac_tree_gui/model/procedure_item.h>              // for Procedure...
#include <oac_tree_gui/model/sequencer_model.h>             // for Sequencer...
#include <oac_tree_gui/model/standard_instruction_items.h>  // for SequenceItem
#include <oac_tree_gui/nodeeditor/align_node.h>             // for AlignNode
#include <oac_tree_gui/nodeeditor/scene_utils.h>            // for GetAlignm...
#include <QPointF>                                          // for QPointF
#include <memory>                                           // for unique_ptr
#include <string>                                           // for basic_string
#include <vector>                                           // for vector
#include "oac_tree_gui/nodeeditor/sequencer_align_utils.h"  // for CreateAli...
---


/home/pospelov/development/iter/projects/sequencer-gui/test/testoac-tree-gui-components-app/text_edit_controller_tests.cpp should add these lines:
#include <qnamespace.h>                                    // for CheckState
#include <qstring.h>                                       // for QString
#include <qtversionchecks.h>                               // for QT_VERSION
#include <initializer_list>                                // for initialize...
#include <memory>                                          // for unique_ptr
#include <string>                                          // for basic_string
#include <utility>                                         // for forward
#include <vector>                                          // for vector
#include "gmock/gmock.h"                                   // for AnythingMa...

/home/pospelov/development/iter/projects/sequencer-gui/test/testoac-tree-gui-components-app/text_edit_controller_tests.cpp should remove these lines:
- #include <mvvm/test/test_helper.h>  // lines 28-28

The full include-list for /home/pospelov/development/iter/projects/sequencer-gui/test/testoac-tree-gui-components-app/text_edit_controller_tests.cpp:
#include <gtest/gtest.h>                                   // for AssertionR...
#include <mvvm/model/application_model.h>                  // for Applicatio...
#include <mvvm/test/mock_item_listener.h>                  // for MockItemLi...
#include <oac_tree_gui/core/exceptions.h>                  // for RuntimeExc...
#include <oac_tree_gui/model/text_edit_item.h>             // for TextEditItem
#include <qnamespace.h>                                    // for CheckState
#include <qstring.h>                                       // for QString
#include <qtversionchecks.h>                               // for QT_VERSION
#include <QCheckBox>                                       // for QCheckBox
#include <QPlainTextEdit>                                  // for QPlainText...
#include <QSignalSpy>                                      // for QSignalSpy
#include <initializer_list>                                // for initialize...
#include <memory>                                          // for unique_ptr
#include <string>                                          // for basic_string
#include <utility>                                         // for forward
#include <vector>                                          // for vector
#include "gmock/gmock.h"                                   // for AnythingMa...
#include "oac_tree_gui/components/text_edit_controller.h"  // for TextEditCo...
---


/home/pospelov/development/iter/projects/sequencer-gui/test/testoac-tree-gui-components-app/tooltip_helper_tests.cpp should add these lines:
#include <qstring.h>                                   // for QString
#include <cstddef>                                     // for size_t
#include <string>                                      // for basic_string
#include <utility>                                     // for pair
#include <vector>                                      // for vector

/home/pospelov/development/iter/projects/sequencer-gui/test/testoac-tree-gui-components-app/tooltip_helper_tests.cpp should remove these lines:
- #include <oac_tree_gui/model/item_constants.h>  // lines 25-25

The full include-list for /home/pospelov/development/iter/projects/sequencer-gui/test/testoac-tree-gui-components-app/tooltip_helper_tests.cpp:
#include <gtest/gtest.h>                               // for AssertionResult
#include <oac_tree_gui/domain/domain_constants.h>      // for kTimeoutAttribute
#include <oac_tree_gui/model/instruction_info_item.h>  // for InstructionInf...
#include <qstring.h>                                   // for QString
#include <sup/oac-tree/instruction.h>                  // for Instruction
#include <sup/oac-tree/instruction_info.h>             // for InstructionInfo
#include <cstddef>                                     // for size_t
#include <string>                                      // for basic_string
#include <utility>                                     // for pair
#include <vector>                                      // for vector
#include "oac_tree_gui/operation/tooltip_helper.h"     // for CollectToolTip...
---


/home/pospelov/development/iter/projects/sequencer-gui/test/testoac-tree-gui-components-app/user_choice_provider_tests.cpp should add these lines:
#include <qtestsupport_core.h>                                    // for qWait
#include <sup/dto/anyvalue.h>                                     // for Any...
#include <algorithm>                                              // for sort
#include <string>                                                 // for bas...
#include <vector>                                                 // for vector
#include "oac_tree_gui/jobsystem/request_types.h"                 // for Use...

/home/pospelov/development/iter/projects/sequencer-gui/test/testoac-tree-gui-components-app/user_choice_provider_tests.cpp should remove these lines:
- #include <QTest>  // lines 25-25

The full include-list for /home/pospelov/development/iter/projects/sequencer-gui/test/testoac-tree-gui-components-app/user_choice_provider_tests.cpp:
#include <gtest/gtest.h>                                          // for Mes...
#include <qtestsupport_core.h>                                    // for qWait
#include <sup/dto/anyvalue.h>                                     // for Any...
#include <algorithm>                                              // for sort
#include <future>                                                 // for future
#include <string>                                                 // for bas...
#include <vector>                                                 // for vector
#include "oac_tree_gui/jobsystem/objects/user_choice_provider.h"  // for Use...
#include "oac_tree_gui/jobsystem/request_types.h"                 // for Use...
---


/home/pospelov/development/iter/projects/sequencer-gui/test/testoac-tree-gui-components-app/user_input_provider_tests.cpp should add these lines:
#include <qtestsupport_core.h>                                   // for qWait
#include <sup/dto/anytype.h>                                     // for Sign...
#include <string>                                                // for basi...
#include "oac_tree_gui/jobsystem/request_types.h"                // for User...

/home/pospelov/development/iter/projects/sequencer-gui/test/testoac-tree-gui-components-app/user_input_provider_tests.cpp should remove these lines:
- #include <QTest>  // lines 27-27

The full include-list for /home/pospelov/development/iter/projects/sequencer-gui/test/testoac-tree-gui-components-app/user_input_provider_tests.cpp:
#include <gtest/gtest.h>                                         // for Message
#include <qtestsupport_core.h>                                   // for qWait
#include <sup/dto/anytype.h>                                     // for Sign...
#include <sup/dto/anyvalue.h>                                    // for AnyV...
#include <future>                                                // for future
#include <string>                                                // for basi...
#include "oac_tree_gui/jobsystem/objects/user_input_provider.h"  // for User...
#include "oac_tree_gui/jobsystem/request_types.h"                // for User...
---


/home/pospelov/development/iter/projects/sequencer-gui/test/testoac-tree-gui-components-app/workspace_synchronizer_tests.cpp should add these lines:
#include <mvvm/core/mvvm_types.h>
#include <mvvm/model/session_item.h>
#include <mvvm/model/tagindex.h>
#include <mvvm/signals/event_types.h>
#include <qtestsupport_core.h>
#include <sup/dto/anytype.h>
#include <memory>
#include <string>
#include <utility>
#include "gmock/gmock.h"

/home/pospelov/development/iter/projects/sequencer-gui/test/testoac-tree-gui-components-app/workspace_synchronizer_tests.cpp should remove these lines:
- #include <oac_tree_gui/core/exceptions.h>  // lines 23-23
- #include <sup/gui/model/anyvalue_conversion_utils.h>  // lines 31-31
- #include <sup/gui/model/anyvalue_utils.h>  // lines 33-33
- #include <QTest>  // lines 43-43

The full include-list for /home/pospelov/development/iter/projects/sequencer-gui/test/testoac-tree-gui-components-app/workspace_synchronizer_tests.cpp:
#include <gtest/gtest.h>
#include <mvvm/core/mvvm_types.h>
#include <mvvm/model/session_item.h>
#include <mvvm/model/tagindex.h>
#include <mvvm/signals/event_types.h>
#include <mvvm/test/mock_model_listener.h>
#include <oac_tree_gui/model/sequencer_item_helper.h>
#include <oac_tree_gui/model/standard_variable_items.h>
#include <oac_tree_gui/model/workspace_item.h>
#include <oac_tree_gui/pvmonitor/monitor_model.h>
#include <oac_tree_gui/pvmonitor/workspace_monitor_helper.h>
#include <oac_tree_gui/transform/anyvalue_item_transform_helper.h>
#include <qtestsupport_core.h>
#include <sup/dto/anytype.h>
#include <sup/dto/anyvalue.h>
#include <sup/gui/model/anyvalue_item.h>
#include <sup/oac-tree/workspace.h>
#include <testutils/mock_domain_workspace_listener.h>
#include <memory>
#include <string>
#include <utility>
#include "gmock/gmock.h"
#include "oac_tree_gui/pvmonitor/workspace_synchronizer.h"
---


/home/pospelov/development/iter/projects/sequencer-gui/test/testoac-tree-gui-components-app/workspace_view_component_provider_tests.cpp should add these lines:
#include <mvvm/model/tagindex.h>
#include <mvvm/viewmodel/viewmodel.h>
#include <qabstractitemmodel.h>
#include <memory>
#include <string>
#include <utility>

/home/pospelov/development/iter/projects/sequencer-gui/test/testoac-tree-gui-components-app/workspace_view_component_provider_tests.cpp should remove these lines:
- #include <oac_tree_gui/domain/domain_helper.h>  // lines 23-23

The full include-list for /home/pospelov/development/iter/projects/sequencer-gui/test/testoac-tree-gui-components-app/workspace_view_component_provider_tests.cpp:
#include <gtest/gtest.h>
#include <mvvm/model/application_model.h>
#include <mvvm/model/tagindex.h>
#include <mvvm/viewmodel/all_items_viewmodel.h>
#include <mvvm/viewmodel/viewmodel.h>
#include <oac_tree_gui/model/standard_variable_items.h>
#include <oac_tree_gui/model/workspace_item.h>
#include <qabstractitemmodel.h>
#include <QTreeView>
#include <memory>
#include <string>
#include <utility>
#include "oac_tree_gui/operation/objects/workspace_view_component_provider.h"
---


(/home/pospelov/development/iter/projects/sequencer-gui/out/build/terminal/test/testoac-tree-gui-views/testoac-tree-gui-views_autogen/mocs_compilation.cpp has correct #includes/fwd-decls)


/home/pospelov/development/iter/projects/sequencer-gui/test/testoac-tree-gui-views/custom_celleditor_factory_tests.cpp should add these lines:
#include <qabstractitemmodel.h>
#include <qcontainerfwd.h>
#include <qlist.h>
#include <qstring.h>
#include <qwidget.h>
#include <functional>
#include <string>

/home/pospelov/development/iter/projects/sequencer-gui/test/testoac-tree-gui-views/custom_celleditor_factory_tests.cpp should remove these lines:
- #include <gmock/gmock.h>  // lines 33-33
- #include <mvvm/model/item_utils.h>  // lines 30-30
- #include <QDebug>  // lines 36-36
- #include <QLineEdit>  // lines 37-37

The full include-list for /home/pospelov/development/iter/projects/sequencer-gui/test/testoac-tree-gui-views/custom_celleditor_factory_tests.cpp:
#include <gtest/gtest.h>
#include <mvvm/editors/string_completer_combo_editor.h>
#include <mvvm/model/application_model.h>
#include <mvvm/viewmodel/property_viewmodel.h>
#include <oac_tree_gui/domain/domain_constants.h>
#include <oac_tree_gui/model/instruction_item.h>
#include <oac_tree_gui/model/item_constants.h>
#include <oac_tree_gui/model/universal_item_helper.h>
#include <qabstractitemmodel.h>
#include <qcontainerfwd.h>
#include <qlist.h>
#include <qstring.h>
#include <qwidget.h>
#include <functional>
#include <string>
#include "oac_tree_gui/views/composer/custom_celleditor_factory.h"
---


/home/pospelov/development/iter/projects/sequencer-gui/test/testoac-tree-gui-views/instruction_editor_actions_tests.cpp should add these lines:
#include <qlist.h>
#include <qminmax.h>
#include <qswap.h>
#include <qtypeinfo.h>
#include <cstddef>
#include <set>                                                       // for set
#include <string>
#include <vector>
class QAction;

/home/pospelov/development/iter/projects/sequencer-gui/test/testoac-tree-gui-views/instruction_editor_actions_tests.cpp should remove these lines:

The full include-list for /home/pospelov/development/iter/projects/sequencer-gui/test/testoac-tree-gui-views/instruction_editor_actions_tests.cpp:
#include <gtest/gtest.h>
#include <qlist.h>
#include <qminmax.h>
#include <qswap.h>
#include <qtypeinfo.h>
#include <cstddef>
#include <set>                                                       // for set
#include <string>
#include <vector>
#include "oac_tree_gui/views/composer/instruction_editor_actions.h"
class QAction;
---


/home/pospelov/development/iter/projects/sequencer-gui/test/testoac-tree-gui-views/instruction_task_area_widget_tests.cpp should add these lines:
#include <memory>
#include <string>
#include <utility>

/home/pospelov/development/iter/projects/sequencer-gui/test/testoac-tree-gui-views/instruction_task_area_widget_tests.cpp should remove these lines:

The full include-list for /home/pospelov/development/iter/projects/sequencer-gui/test/testoac-tree-gui-views/instruction_task_area_widget_tests.cpp:
#include <gtest/gtest.h>
#include <oac_tree_gui/views/operation/task_widget.h>
#include <QScrollArea>
#include <memory>
#include <string>
#include <utility>
#include "oac_tree_gui/views/operation/instruction_task_area_widget.h"
---


/home/pospelov/development/iter/projects/sequencer-gui/test/testoac-tree-gui-views/instruction_task_monitor_tests.cpp should add these lines:
#include <string>
#include "oac_tree_gui/model/instruction_status.h"

/home/pospelov/development/iter/projects/sequencer-gui/test/testoac-tree-gui-views/instruction_task_monitor_tests.cpp should remove these lines:

The full include-list for /home/pospelov/development/iter/projects/sequencer-gui/test/testoac-tree-gui-views/instruction_task_monitor_tests.cpp:
#include <gtest/gtest.h>
#include <mvvm/model/application_model.h>
#include <oac_tree_gui/model/instruction_container_item.h>
#include <oac_tree_gui/model/standard_instruction_items.h>
#include <oac_tree_gui/views/operation/instruction_task_widget_builder.h>
#include <oac_tree_gui/views/operation/task_widget.h>
#include <string>
#include "oac_tree_gui/model/instruction_status.h"
#include "oac_tree_gui/views/operation/instruction_task_monitor.h"
---


/home/pospelov/development/iter/projects/sequencer-gui/test/testoac-tree-gui-views/instruction_task_widget_builder_tests.cpp should add these lines:
#include <mvvm/model/tagindex.h>
#include <memory>
#include <string>
#include <vector>

/home/pospelov/development/iter/projects/sequencer-gui/test/testoac-tree-gui-views/instruction_task_widget_builder_tests.cpp should remove these lines:

The full include-list for /home/pospelov/development/iter/projects/sequencer-gui/test/testoac-tree-gui-views/instruction_task_widget_builder_tests.cpp:
#include <gtest/gtest.h>
#include <mvvm/model/tagindex.h>
#include <oac_tree_gui/model/standard_instruction_items.h>
#include <oac_tree_gui/views/operation/task_widget.h>
#include <memory>
#include <string>
#include <vector>
#include "oac_tree_gui/views/operation/instruction_task_widget_builder.h"
---


/home/pospelov/development/iter/projects/sequencer-gui/test/testoac-tree-gui-views/integration_scenario_tests.cpp should add these lines:
#include <mvvm/model/session_item.h>                         // for SessionItem
#include <mvvm/model/tagindex.h>                             // for TagIndex
#include <qtestsupport_core.h>                               // for qWait
#include <sup/dto/anytype.h>                                 // for SignedIn...
#include <memory>                                            // for allocator
#include <string>                                            // for basic_st...
#include <utility>                                           // for move
#include <vector>                                            // for vector
#include "oac_tree_gui/domain/domain_constants.h"            // for kWaitIns...
#include "oac_tree_gui/jobsystem/i_job_handler.h"            // for IJobHandler
#include "oac_tree_gui/model/variable_item.h"                // for Variable...

/home/pospelov/development/iter/projects/sequencer-gui/test/testoac-tree-gui-views/integration_scenario_tests.cpp should remove these lines:
- #include <oac_tree_gui/jobsystem/objects/local_job_handler.h>  // lines 22-22
- #include <oac_tree_gui/model/standard_instruction_items.h>  // lines 29-29
- #include <QSignalSpy>  // lines 50-50
- #include <QTest>  // lines 51-51

The full include-list for /home/pospelov/development/iter/projects/sequencer-gui/test/testoac-tree-gui-views/integration_scenario_tests.cpp:
#include <gtest/gtest.h>                                     // for Assertio...
#include <mvvm/model/model_utils.h>                          // for FindItems
#include <mvvm/model/session_item.h>                         // for SessionItem
#include <mvvm/model/tagindex.h>                             // for TagIndex
#include <mvvm/serialization/xml_document.h>                 // for XmlDocument
#include <mvvm/standarditems/container_item.h>               // for Containe...
#include <mvvm/test/test_helper.h>                           // for CreateTe...
#include <oac_tree_gui/jobsystem/objects/job_manager.h>      // for JobManager
#include <oac_tree_gui/jobsystem/user_context.h>             // for UserContext
#include <oac_tree_gui/model/application_models.h>           // for Applicat...
#include <oac_tree_gui/model/instruction_container_item.h>   // for Instruct...
#include <oac_tree_gui/model/job_model.h>                    // for JobModel
#include <oac_tree_gui/model/procedure_item.h>               // for Procedur...
#include <oac_tree_gui/model/sequencer_model.h>              // for Sequence...
#include <oac_tree_gui/model/standard_job_items.h>           // for LocalJob...
#include <oac_tree_gui/model/standard_variable_items.h>      // for LocalVar...
#include <oac_tree_gui/model/workspace_item.h>               // for Workspac...
#include <oac_tree_gui/model/xml_utils.h>                    // for ImportFr...
#include <oac_tree_gui/operation/operation_action_helper.h>  // for GetJobHa...
#include <qtestsupport_core.h>                               // for qWait
#include <sup/dto/anytype.h>                                 // for SignedIn...
#include <sup/dto/anyvalue.h>                                // for AnyValue
#include <testutils/folder_test.h>                           // for FolderTest
#include <testutils/mock_remote_connection_service.h>        // for MockRemo...
#include <testutils/sequencer_test_utils.h>                  // for IsEqual
#include <testutils/standard_procedure_items.h>              // for CreateCo...
#include <testutils/test_utils.h>                            // for CreatePr...
#include <memory>                                            // for allocator
#include <string>                                            // for basic_st...
#include <utility>                                           // for move
#include <vector>                                            // for vector
#include "oac_tree_gui/domain/domain_constants.h"            // for kWaitIns...
#include "oac_tree_gui/jobsystem/i_job_handler.h"            // for IJobHandler
#include "oac_tree_gui/model/variable_item.h"                // for Variable...
---


/home/pospelov/development/iter/projects/sequencer-gui/test/testoac-tree-gui-views/job_list_widget_tests.cpp should add these lines:
#include <qbytearray.h>                                    // for QByteArray
#include <qmetatype.h>                                     // for typenameHe...
#include <qtypeinfo.h>                                     // for QTypeInfo<...
#include <string>                                          // for basic_string
#include "oac_tree_gui/model/job_item.h"                   // for JobItem

/home/pospelov/development/iter/projects/sequencer-gui/test/testoac-tree-gui-views/job_list_widget_tests.cpp should remove these lines:

The full include-list for /home/pospelov/development/iter/projects/sequencer-gui/test/testoac-tree-gui-views/job_list_widget_tests.cpp:
#include <gtest/gtest.h>                                   // for Message
#include <mvvm/test/test_helper.h>                         // for GetSendItem
#include <mvvm/viewmodel/viewmodel.h>                      // for ViewModel
#include <oac_tree_gui/model/item_constants.h>             // for kStatus
#include <oac_tree_gui/model/job_model.h>                  // for JobModel
#include <oac_tree_gui/model/standard_job_items.h>         // for LocalJobItem
#include <qbytearray.h>                                    // for QByteArray
#include <qmetatype.h>                                     // for typenameHe...
#include <qtypeinfo.h>                                     // for QTypeInfo<...
#include <QSignalSpy>                                      // for QSignalSpy
#include <QTreeView>                                       // for QTreeView
#include <string>                                          // for basic_string
#include "oac_tree_gui/model/job_item.h"                   // for JobItem
#include "oac_tree_gui/views/operation/job_list_widget.h"  // for JobListWidget
---


/home/pospelov/development/iter/projects/sequencer-gui/test/testoac-tree-gui-views/main.cpp should add these lines:
#include <gtest/gtest.h>                                // for RUN_ALL_TESTS
#include <qtpreprocessorsupport.h>                      // for Q_UNUSED
#include "oac_tree_gui/components/custom_meta_types.h"  // for RegisterCusto...

/home/pospelov/development/iter/projects/sequencer-gui/test/testoac-tree-gui-views/main.cpp should remove these lines:
- #include <oac_tree_gui/components/load_resources.h>  // lines 21-21

The full include-list for /home/pospelov/development/iter/projects/sequencer-gui/test/testoac-tree-gui-views/main.cpp:
#include <gtest/gtest.h>                                // for RUN_ALL_TESTS
#include <mvvm/core/platform.h>                         // for SetHeadless
#include <qtpreprocessorsupport.h>                      // for Q_UNUSED
#include <testutils/init_tests.h>                       // for InitTests
#include <QApplication>                                 // for QApplication
#include "oac_tree_gui/components/custom_meta_types.h"  // for RegisterCusto...
---


/home/pospelov/development/iter/projects/sequencer-gui/test/testoac-tree-gui-views/main_window_helper_tests.cpp should add these lines:
#include <gtest/gtest.h>                                 // for AssertionResult
#include <string>                                        // for basic_string
#include <vector>                                        // for vector

/home/pospelov/development/iter/projects/sequencer-gui/test/testoac-tree-gui-views/main_window_helper_tests.cpp should remove these lines:

The full include-list for /home/pospelov/development/iter/projects/sequencer-gui/test/testoac-tree-gui-views/main_window_helper_tests.cpp:
#include <gtest/gtest.h>                                 // for AssertionResult
#include <mvvm/test/test_helper.h>                       // for CreateTextFile
#include <mvvm/utils/container_utils.h>                  // for Contains
#include <testutils/folder_test.h>                       // for FolderTest
#include <string>                                        // for basic_string
#include <vector>                                        // for vector
#include "mvvm/utils/file_utils.h"                       // for Join
#include "oac_tree_gui/mainwindow/main_window_helper.h"  // for GetProcedure...
---


/home/pospelov/development/iter/projects/sequencer-gui/test/testoac-tree-gui-views/monitor_widget_tests.cpp should add these lines:
#include <mvvm/model/tagindex.h>
#include <sup/dto/anytype.h>
#include <string>

/home/pospelov/development/iter/projects/sequencer-gui/test/testoac-tree-gui-views/monitor_widget_tests.cpp should remove these lines:
- #include <sup/gui/model/anyvalue_item.h>  // lines 29-29

The full include-list for /home/pospelov/development/iter/projects/sequencer-gui/test/testoac-tree-gui-views/monitor_widget_tests.cpp:
#include <gtest/gtest.h>
#include <mvvm/model/tagindex.h>
#include <oac_tree_gui/model/standard_variable_items.h>
#include <oac_tree_gui/model/workspace_item.h>
#include <oac_tree_gui/pvmonitor/monitor_model.h>
#include <oac_tree_gui/transform/anyvalue_item_transform_helper.h>
#include <sup/dto/anytype.h>
#include <sup/dto/anyvalue.h>
#include <sup/gui/app/null_command_service.h>
#include <string>
#include "oac_tree_gui/views/pvmonitor/monitor_widget.h"
---


/home/pospelov/development/iter/projects/sequencer-gui/test/testoac-tree-gui-views/procedure_composer_combo_panel_tests.cpp should add these lines:
#include <qbytearray.h>
#include <qlist.h>
#include <qmetatype.h>
#include <qstring.h>
#include <qtypeinfo.h>
#include <qvariant.h>
#include <cstdint>
#include <string>

/home/pospelov/development/iter/projects/sequencer-gui/test/testoac-tree-gui-views/procedure_composer_combo_panel_tests.cpp should remove these lines:
- #include <gmock/gmock.h>  // lines 31-31

The full include-list for /home/pospelov/development/iter/projects/sequencer-gui/test/testoac-tree-gui-views/procedure_composer_combo_panel_tests.cpp:
#include <gtest/gtest.h>
#include <mvvm/standarditems/container_item.h>
#include <oac_tree_gui/model/procedure_item.h>
#include <oac_tree_gui/model/sequencer_model.h>
#include <oac_tree_gui/views/composer/procedure_composer_combo_toolbar.h>
#include <qbytearray.h>
#include <qlist.h>
#include <qmetatype.h>
#include <qstring.h>
#include <qtypeinfo.h>
#include <qvariant.h>
#include <sup/gui/app/null_command_service.h>
#include <QSignalSpy>
#include <QStackedWidget>
#include <cstdint>
#include <string>
#include "oac_tree_gui/views/composer/procedure_composer_combo_panel.h"
---


/home/pospelov/development/iter/projects/sequencer-gui/src/lib/oac-tree-gui-views/oac_tree_gui/views/composer/procedure_list_actions.h should add these lines:
#include <qaction.h>                        // for QAction
#include <qlist.h>                          // for QList
#include <qtmetamacros.h>                   // for Q_OBJECT, signals
#include <cstdint>                          // for uint8_t
#include <vector>                           // for vector

/home/pospelov/development/iter/projects/sequencer-gui/src/lib/oac-tree-gui-views/oac_tree_gui/views/composer/procedure_list_actions.h should remove these lines:

The full include-list for /home/pospelov/development/iter/projects/sequencer-gui/src/lib/oac-tree-gui-views/oac_tree_gui/views/composer/procedure_list_actions.h:
#include <qaction.h>                        // for QAction
#include <qlist.h>                          // for QList
#include <qtmetamacros.h>                   // for Q_OBJECT, signals
#include <sup/gui/components/action_map.h>  // for ActionMap
#include <QObject>                          // for QObject
#include <cstdint>                          // for uint8_t
#include <vector>                           // for vector
class QMenu;  // lines 28-28
namespace oac_tree_gui { class ProcedureListActionHandler; }  // lines 39-39
namespace sup { namespace gui { class AppCommandContext; } }  // lines 32-32
namespace sup { namespace gui { class IAppCommandService; } }  // lines 33-33
---

/home/pospelov/development/iter/projects/sequencer-gui/test/testoac-tree-gui-views/procedure_list_actions_test.cpp should add these lines:
#include <qminmax.h>      // for qMax
#include <qswap.h>        // for qt_ptr_swap
#include <qtypeinfo.h>    // for QTypeInfo<>::isRelocatable
#include <cstddef>        // for size_t
#include <set>            // for set
#include <string>         // for basic_string

/home/pospelov/development/iter/projects/sequencer-gui/test/testoac-tree-gui-views/procedure_list_actions_test.cpp should remove these lines:

The full include-list for /home/pospelov/development/iter/projects/sequencer-gui/test/testoac-tree-gui-views/procedure_list_actions_test.cpp:
#include "oac_tree_gui/views/composer/procedure_list_actions.h"
#include <gtest/gtest.h>  // for Message, TestPartResult, CmpHelperEQ, CmpHe...
#include <qminmax.h>      // for qMax
#include <qswap.h>        // for qt_ptr_swap
#include <qtypeinfo.h>    // for QTypeInfo<>::isRelocatable
#include <cstddef>        // for size_t
#include <set>            // for set
#include <string>         // for basic_string
---


/home/pospelov/development/iter/projects/sequencer-gui/test/testoac-tree-gui-views/procedure_list_widget_tests.cpp should add these lines:
#include <qbytearray.h>                                         // for QByte...
#include <qmetatype.h>                                          // for typen...
#include <qtypeinfo.h>                                          // for QType...
#include <string>                                               // for basic...
#include <vector>                                               // for vector

/home/pospelov/development/iter/projects/sequencer-gui/test/testoac-tree-gui-views/procedure_list_widget_tests.cpp should remove these lines:
- #include <mvvm/serialization/xml_document.h>  // lines 28-28

The full include-list for /home/pospelov/development/iter/projects/sequencer-gui/test/testoac-tree-gui-views/procedure_list_widget_tests.cpp:
#include <gtest/gtest.h>                                        // for Message
#include <mvvm/standarditems/container_item.h>                  // for Conta...
#include <mvvm/test/test_helper.h>                              // for GetSe...
#include <mvvm/viewmodel/viewmodel.h>                           // for ViewM...
#include <oac_tree_gui/model/procedure_item.h>                  // for Proce...
#include <oac_tree_gui/model/sequencer_model.h>                 // for Seque...
#include <qbytearray.h>                                         // for QByte...
#include <qmetatype.h>                                          // for typen...
#include <qtypeinfo.h>                                          // for QType...
#include <sup/gui/app/null_command_service.h>                   // for NullC...
#include <testutils/folder_test.h>                              // for Folde...
#include <QSignalSpy>                                           // for QSign...
#include <QTreeView>                                            // for QTree...
#include <string>                                               // for basic...
#include <vector>                                               // for vector
#include "oac_tree_gui/views/composer/procedure_list_widget.h"  // for Proce...
---


/home/pospelov/development/iter/projects/sequencer-gui/test/testoac-tree-gui-views/procedure_splittable_editor_widget_tests.cpp should add these lines:
#include <qbytearray.h>
#include <qlist.h>
#include <qmetatype.h>
#include <qminmax.h>
#include <qstring.h>
#include <qswap.h>
#include <qtmetamacros.h>
#include <qtypeinfo.h>
#include <qvariant.h>
#include <qwidget.h>
#include <sup/gui/widgets/settings_callbacks.h>
#include <cstdint>
#include <string>
#include <utility>
#include <vector>
#include "oac_tree_gui/model/component_types.h"

/home/pospelov/development/iter/projects/sequencer-gui/test/testoac-tree-gui-views/procedure_splittable_editor_widget_tests.cpp should remove these lines:
- #include <oac_tree_gui/core/exceptions.h>  // lines 23-23
- #include <oac_tree_gui/views/composer/procedure_composer_combo_toolbar.h>  // lines 29-29
- #include <QApplication>  // lines 38-38
- #include <QStackedWidget>  // lines 41-41

The full include-list for /home/pospelov/development/iter/projects/sequencer-gui/test/testoac-tree-gui-views/procedure_splittable_editor_widget_tests.cpp:
#include <gmock/gmock.h>
#include <gtest/gtest.h>
#include <mvvm/standarditems/container_item.h>
#include <oac_tree_gui/domain/domain_constants.h>
#include <oac_tree_gui/model/instruction_container_item.h>
#include <oac_tree_gui/model/procedure_item.h>
#include <oac_tree_gui/model/sequencer_model.h>
#include <oac_tree_gui/views/composer/procedure_composer_combo_panel.h>
#include <qbytearray.h>
#include <qlist.h>
#include <qmetatype.h>
#include <qminmax.h>
#include <qstring.h>
#include <qswap.h>
#include <qtmetamacros.h>
#include <qtypeinfo.h>
#include <qvariant.h>
#include <qwidget.h>
#include <sup/gui/app/null_command_service.h>
#include <sup/gui/widgets/settings_callbacks.h>
#include <QSignalSpy>
#include <QSplitter>
#include <cstdint>
#include <string>
#include <utility>
#include <vector>
#include "oac_tree_gui/model/component_types.h"
#include "oac_tree_gui/views/composer/procedure_splittable_editor_widget.h"
---


/home/pospelov/development/iter/projects/sequencer-gui/test/testoac-tree-gui-views/sequencer_main_window_context_tests.cpp should add these lines:
#include <sup/gui/app/i_app_command_service.h>
#include <string>
#include <utility>                                                  // for pair
#include <vector>
#include "oac_tree_gui/domain/i_domain_plugin_service.h"
namespace oac_tree_gui { class SequencerSettingsModel; }

/home/pospelov/development/iter/projects/sequencer-gui/test/testoac-tree-gui-views/sequencer_main_window_context_tests.cpp should remove these lines:
- #include <oac_tree_gui/model/sequencer_settings_model.h>  // lines 24-24

The full include-list for /home/pospelov/development/iter/projects/sequencer-gui/test/testoac-tree-gui-views/sequencer_main_window_context_tests.cpp:
#include <gtest/gtest.h>
#include <oac_tree_gui/domain/domain_library_loader.h>
#include <sup/gui/app/app_command_service.h>
#include <sup/gui/app/i_app_command_service.h>
#include <string>
#include <utility>                                                  // for pair
#include <vector>
#include "oac_tree_gui/domain/i_domain_plugin_service.h"
#include "oac_tree_gui/mainwindow/sequencer_main_window_context.h"
namespace oac_tree_gui { class SequencerSettingsModel; }
---


/home/pospelov/development/iter/projects/sequencer-gui/test/testoac-tree-gui-views/task_widget_tests.cpp should add these lines:
#include <qstring.h>                                   // for QString
#include <string>                                      // for basic_string
#include <vector>                                      // for vector
#include "oac_tree_gui/model/instruction_status.h"     // for InstructionStatus

/home/pospelov/development/iter/projects/sequencer-gui/test/testoac-tree-gui-views/task_widget_tests.cpp should remove these lines:
- #include <QLabel>  // lines 26-26

The full include-list for /home/pospelov/development/iter/projects/sequencer-gui/test/testoac-tree-gui-views/task_widget_tests.cpp:
#include <gtest/gtest.h>                               // for Message, Asser...
#include <qstring.h>                                   // for QString
#include <QGroupBox>                                   // for QGroupBox
#include <string>                                      // for basic_string
#include <vector>                                      // for vector
#include "oac_tree_gui/model/instruction_status.h"     // for InstructionStatus
#include "oac_tree_gui/views/operation/task_widget.h"  // for TaskWidget
---


/home/pospelov/development/iter/projects/sequencer-gui/test/testoac-tree-gui-views/zoom_factor_converter_tests.cpp should add these lines:
#include <qstring.h>                                              // for QSt...
#include <stddef.h>                                               // for size_t
#include <string>                                                 // for bas...
#include <vector>                                                 // for vector

/home/pospelov/development/iter/projects/sequencer-gui/test/testoac-tree-gui-views/zoom_factor_converter_tests.cpp should remove these lines:

The full include-list for /home/pospelov/development/iter/projects/sequencer-gui/test/testoac-tree-gui-views/zoom_factor_converter_tests.cpp:
#include <gtest/gtest.h>                                          // for Mes...
#include <oac_tree_gui/core/exceptions.h>                         // for Run...
#include <qstring.h>                                              // for QSt...
#include <stddef.h>                                               // for size_t
#include <string>                                                 // for bas...
#include <vector>                                                 // for vector
#include "oac_tree_gui/views/nodeeditor/zoom_factor_converter.h"  // for Zoo...
---


(/home/pospelov/development/iter/projects/sequencer-gui/out/build/terminal/test/testoac-tree-gui-integration/testoac-tree-gui-integration_autogen/mocs_compilation.cpp has correct #includes/fwd-decls)


/home/pospelov/development/iter/projects/sequencer-gui/test/testoac-tree-gui-integration/domain_workspace_listener_softioc_tests.cpp should add these lines:
#include <qtestsupport_core.h>
#include <sup/dto/anytype.h>
#include <sup/oac-tree/variable.h>
#include <functional>
#include <string>
#include <utility>

/home/pospelov/development/iter/projects/sequencer-gui/test/testoac-tree-gui-integration/domain_workspace_listener_softioc_tests.cpp should remove these lines:
- #include <sup/dto/anyvalue_helper.h>  // lines 27-27
- #include <QTest>  // lines 35-35

The full include-list for /home/pospelov/development/iter/projects/sequencer-gui/test/testoac-tree-gui-integration/domain_workspace_listener_softioc_tests.cpp:
#include <gmock/gmock.h>
#include <gtest/gtest.h>
#include <oac_tree_gui/domain/domain_helper.h>
#include <oac_tree_gui/jobsystem/domain_events.h>
#include <qtestsupport_core.h>
#include <sup/dto/anytype.h>
#include <sup/dto/anyvalue.h>
#include <sup/epics-test/unit_test_helper.h>
#include <sup/oac-tree/variable.h>
#include <sup/oac-tree/workspace.h>
#include <testutils/sequencer_test_utils.h>
#include <functional>
#include <string>
#include <utility>
#include "oac_tree_gui/pvmonitor/objects/domain_workspace_listener.h"
---


/home/pospelov/development/iter/projects/sequencer-gui/test/testoac-tree-gui-integration/global_ioc_environment.cpp should add these lines:
#include <string>                               // for basic_string

/home/pospelov/development/iter/projects/sequencer-gui/test/testoac-tree-gui-integration/global_ioc_environment.cpp should remove these lines:

The full include-list for /home/pospelov/development/iter/projects/sequencer-gui/test/testoac-tree-gui-integration/global_ioc_environment.cpp:
#include <gtest/gtest.h>                        // for AddGlobalTestEnvironment
#include <oac_tree_gui/domain/domain_helper.h>  // for IsSequencerPluginEpic...
#include <sup/epics-test/softioc_runner.h>      // for SoftIocRunner
#include <testutils/sequencer_test_utils.h>     // for GetEpicsDBContentString
#include <chrono>                               // for milliseconds
#include <string>                               // for basic_string
#include <thread>                               // for sleep_for
---


/home/pospelov/development/iter/projects/sequencer-gui/test/testoac-tree-gui-integration/job_manager_remote_scenario_tests.cpp should add these lines:
#include <qtestsupport_core.h>                                 // for qWaitFor
#include <sup/dto/anytype.h>                                   // for Unsign...
#include <sup/dto/anyvalue.h>                                  // for AnyValue
#include <cstddef>                                             // for size_t
#include <functional>                                          // for function
#include <memory>                                              // for unique...
#include <string>                                              // for basic_...
#include <vector>                                              // for vector
#include "oac_tree_gui/jobsystem/user_context.h"               // for UserCo...
#include "oac_tree_gui/model/runner_status.h"                  // for Runner...
namespace oac_tree_gui { class JobItem; }

/home/pospelov/development/iter/projects/sequencer-gui/test/testoac-tree-gui-integration/job_manager_remote_scenario_tests.cpp should remove these lines:
- #include <oac_tree_gui/core/exceptions.h>  // lines 23-23
- #include <QTest>  // lines 38-38

The full include-list for /home/pospelov/development/iter/projects/sequencer-gui/test/testoac-tree-gui-integration/job_manager_remote_scenario_tests.cpp:
#include <gtest/gtest.h>                                       // for Assert...
#include <mvvm/model/application_model.h>                      // for Applic...
#include <oac_tree_gui/jobsystem/automation_client.h>          // for Automa...
#include <oac_tree_gui/jobsystem/i_job_handler.h>              // for IJobHa...
#include <oac_tree_gui/jobsystem/objects/job_manager.h>        // for JobMan...
#include <oac_tree_gui/jobsystem/remote_connection_service.h>  // for Remote...
#include <oac_tree_gui/model/procedure_item.h>                 // for Proced...
#include <oac_tree_gui/model/standard_job_items.h>             // for Remote...
#include <oac_tree_gui/model/workspace_item.h>                 // for Worksp...
#include <oac_tree_gui/operation/operation_action_helper.h>    // for GetJob...
#include <qtestsupport_core.h>                                 // for qWaitFor
#include <sup/dto/anytype.h>                                   // for Unsign...
#include <sup/dto/anyvalue.h>                                  // for AnyValue
#include <testutils/sequencer_test_utils.h>                    // for IsEqual
#include <chrono>                                              // for millis...
#include <cstddef>                                             // for size_t
#include <functional>                                          // for function
#include <memory>                                              // for unique...
#include <string>                                              // for basic_...
#include <thread>                                              // for sleep_for
#include <vector>                                              // for vector
#include "oac_tree_gui/jobsystem/user_context.h"               // for UserCo...
#include "oac_tree_gui/model/runner_status.h"                  // for Runner...
#include "test_automation_server.h"                            // for TestAu...
namespace oac_tree_gui { class JobItem; }
---


/home/pospelov/development/iter/projects/sequencer-gui/test/testoac-tree-gui-integration/main.cpp should add these lines:
#include <gtest/gtest.h>            // for RUN_ALL_TESTS
#include <qtpreprocessorsupport.h>  // for Q_UNUSED

/home/pospelov/development/iter/projects/sequencer-gui/test/testoac-tree-gui-integration/main.cpp should remove these lines:

The full include-list for /home/pospelov/development/iter/projects/sequencer-gui/test/testoac-tree-gui-integration/main.cpp:
#include <gtest/gtest.h>            // for RUN_ALL_TESTS
#include <mvvm/core/platform.h>     // for SetHeadless
#include <qtpreprocessorsupport.h>  // for Q_UNUSED
#include <testutils/init_tests.h>   // for InitTests
#include <QApplication>             // for QApplication
---


/home/pospelov/development/iter/projects/sequencer-gui/test/testoac-tree-gui-integration/operation_action_handler_remote_scenario_tests.cpp should add these lines:
#include <mvvm/model/tagindex.h>
#include <qtestsupport_core.h>
#include <sup/dto/anytype.h>
#include <sup/dto/anyvalue.h>
#include <cstddef>
#include <memory>
#include <optional>
#include <set>
#include <string>
#include <vector>
#include "gmock/gmock.h"
#include "oac_tree_gui/jobsystem/remote_connection_info.h"
#include "oac_tree_gui/jobsystem/user_context.h"
#include "oac_tree_gui/model/runner_status.h"
#include "oac_tree_gui/operation/operation_action_context.h"
namespace oac_tree_gui { class JobItem; }

/home/pospelov/development/iter/projects/sequencer-gui/test/testoac-tree-gui-integration/operation_action_handler_remote_scenario_tests.cpp should remove these lines:
- #include <oac_tree_gui/core/exceptions.h>  // lines 24-24
- #include <QTest>  // lines 43-43

The full include-list for /home/pospelov/development/iter/projects/sequencer-gui/test/testoac-tree-gui-integration/operation_action_handler_remote_scenario_tests.cpp:
#include <gtest/gtest.h>
#include <mvvm/model/tagindex.h>
#include <mvvm/standarditems/container_item.h>
#include <oac_tree_gui/jobsystem/automation_client.h>
#include <oac_tree_gui/jobsystem/i_job_handler.h>
#include <oac_tree_gui/jobsystem/objects/job_manager.h>
#include <oac_tree_gui/jobsystem/remote_connection_service.h>
#include <oac_tree_gui/model/application_models.h>
#include <oac_tree_gui/model/job_model.h>
#include <oac_tree_gui/model/procedure_item.h>
#include <oac_tree_gui/model/sequencer_model.h>
#include <oac_tree_gui/model/standard_job_items.h>
#include <oac_tree_gui/model/workspace_item.h>
#include <oac_tree_gui/operation/operation_action_helper.h>
#include <qtestsupport_core.h>
#include <sup/dto/anytype.h>
#include <sup/dto/anyvalue.h>
#include <testutils/mock_operation_action_context.h>
#include <testutils/sequencer_test_utils.h>
#include <chrono>
#include <cstddef>
#include <memory>
#include <optional>
#include <set>
#include <string>
#include <thread>
#include <vector>
#include "gmock/gmock.h"
#include "oac_tree_gui/jobsystem/remote_connection_info.h"
#include "oac_tree_gui/jobsystem/user_context.h"
#include "oac_tree_gui/model/runner_status.h"
#include "oac_tree_gui/operation/objects/operation_action_handler.h"
#include "oac_tree_gui/operation/operation_action_context.h"
#include "test_automation_server.h"
namespace oac_tree_gui { class JobItem; }
---


/home/pospelov/development/iter/projects/sequencer-gui/test/testoac-tree-gui-integration/remote_job_handler_tests.cpp should add these lines:
#include <qtestsupport_core.h>                                  // for qWait
#include <sup/dto/anytype.h>                                    // for Unsig...
#include <sup/dto/anyvalue.h>                                   // for AnyValue
#include <sup/oac-tree-server/i_job_manager.h>                  // for IJobM...
#include <chrono>                                               // for milli...
#include <functional>                                           // for function
#include <memory>                                               // for uniqu...
#include <string>                                               // for basic...
#include <vector>                                               // for vector
#include "oac_tree_gui/model/runner_status.h"                   // for Runne...

/home/pospelov/development/iter/projects/sequencer-gui/test/testoac-tree-gui-integration/remote_job_handler_tests.cpp should remove these lines:
- #include <oac_tree_gui/model/variable_item.h>  // lines 27-27
- #include <QTest>  // lines 35-35

The full include-list for /home/pospelov/development/iter/projects/sequencer-gui/test/testoac-tree-gui-integration/remote_job_handler_tests.cpp:
#include <gtest/gtest.h>                                        // for Asser...
#include <oac_tree_gui/model/job_model.h>                       // for JobModel
#include <oac_tree_gui/model/procedure_item.h>                  // for Proce...
#include <oac_tree_gui/model/standard_job_items.h>              // for Remot...
#include <oac_tree_gui/model/workspace_item.h>                  // for Works...
#include <qtestsupport_core.h>                                  // for qWait
#include <sup/dto/anytype.h>                                    // for Unsig...
#include <sup/dto/anyvalue.h>                                   // for AnyValue
#include <sup/oac-tree-server/epics_config_utils.h>             // for Creat...
#include <sup/oac-tree-server/i_job_manager.h>                  // for IJobM...
#include <testutils/sequencer_test_utils.h>                     // for IsEqual
#include <chrono>                                               // for milli...
#include <functional>                                           // for function
#include <memory>                                               // for uniqu...
#include <string>                                               // for basic...
#include <thread>                                               // for sleep...
#include <vector>                                               // for vector
#include "oac_tree_gui/jobsystem/objects/remote_job_handler.h"  // for Remot...
#include "oac_tree_gui/model/runner_status.h"                   // for Runne...
#include "test_automation_server.h"                             // for TestA...
---


(/home/pospelov/development/iter/projects/sequencer-gui/test/testoac-tree-gui-integration/test_automation_server.h has correct #includes/fwd-decls)

/home/pospelov/development/iter/projects/sequencer-gui/test/testoac-tree-gui-integration/test_automation_server.cpp should add these lines:
#include <sup/epics/pv_access_rpc_server_config.h>            // for PvAcces...
#include <sup/oac-tree-server/i_anyvalue_manager_registry.h>  // for IAnyVal...
#include <sup/oac-tree/procedure.h>                           // for Procedure
#include <sup/protocol/protocol.h>                            // for Protocol
#include <sup/protocol/protocol_factory.h>                    // for RPCServ...
#include <sup/protocol/protocol_rpc_server_config.h>          // for Protoco...
#include <chrono>                                             // for millise...
#include <memory>                                             // for unique_ptr
#include <utility>                                            // for move

/home/pospelov/development/iter/projects/sequencer-gui/test/testoac-tree-gui-integration/test_automation_server.cpp should remove these lines:

The full include-list for /home/pospelov/development/iter/projects/sequencer-gui/test/testoac-tree-gui-integration/test_automation_server.cpp:
#include "test_automation_server.h"
#include <sup/epics/epics_protocol_factory.h>                 // for CreateE...
#include <sup/epics/pv_access_rpc_server_config.h>            // for PvAcces...
#include <sup/oac-tree-server/automation_server.h>            // for Automat...
#include <sup/oac-tree-server/control_protocol_server.h>      // for Control...
#include <sup/oac-tree-server/epics_config_utils.h>           // for CreateE...
#include <sup/oac-tree-server/i_anyvalue_manager_registry.h>  // for IAnyVal...
#include <sup/oac-tree-server/info_protocol_server.h>         // for InfoPro...
#include <sup/oac-tree-server/oac_tree_protocol.h>            // for GetCont...
#include <sup/oac-tree/procedure.h>                           // for Procedure
#include <sup/oac-tree/sequence_parser.h>                     // for ParsePr...
#include <sup/protocol/protocol.h>                            // for Protocol
#include <sup/protocol/protocol_factory.h>                    // for RPCServ...
#include <sup/protocol/protocol_rpc_server_config.h>          // for Protoco...
#include <testutils/test_utils.h>                             // for CreateP...
#include <chrono>                                             // for millise...
#include <memory>                                             // for unique_ptr
#include <thread>                                             // for sleep_for
#include <utility>                                            // for move
---


/home/pospelov/development/iter/projects/sequencer-gui/test/testoac-tree-gui-integration/workspace_synchronizer_pvaccess_tests.cpp should add these lines:
#include <mvvm/core/mvvm_types.h>
#include <mvvm/model/tagindex.h>
#include <mvvm/signals/event_types.h>
#include <qtestsupport_core.h>
#include <sup/dto/anytype.h>
#include <memory>
#include <string>
#include <utility>                                                  // for pair
#include <vector>
#include "gmock/gmock.h"

/home/pospelov/development/iter/projects/sequencer-gui/test/testoac-tree-gui-integration/workspace_synchronizer_pvaccess_tests.cpp should remove these lines:
- #include <sup/gui/core/sup_gui_core_exceptions.h>  // lines 32-32
- #include <sup/gui/model/anyvalue_utils.h>  // lines 34-34
- #include <testutils/test_utils.h>  // lines 44-44
- #include <QTest>  // lines 46-46

The full include-list for /home/pospelov/development/iter/projects/sequencer-gui/test/testoac-tree-gui-integration/workspace_synchronizer_pvaccess_tests.cpp:
#include <gtest/gtest.h>
#include <mvvm/core/mvvm_types.h>
#include <mvvm/model/tagindex.h>
#include <mvvm/signals/event_types.h>
#include <mvvm/test/mock_model_listener.h>
#include <oac_tree_gui/domain/domain_helper.h>
#include <oac_tree_gui/model/item_constants.h>
#include <oac_tree_gui/model/sequencer_item_helper.h>
#include <oac_tree_gui/model/standard_variable_items.h>
#include <oac_tree_gui/model/workspace_item.h>
#include <oac_tree_gui/pvmonitor/monitor_model.h>
#include <oac_tree_gui/pvmonitor/workspace_monitor_helper.h>
#include <oac_tree_gui/transform/anyvalue_item_transform_helper.h>
#include <qtestsupport_core.h>
#include <sup/dto/anytype.h>
#include <sup/dto/anyvalue.h>
#include <sup/gui/model/anyvalue_item.h>
#include <sup/oac-tree/workspace.h>
#include <testutils/mock_domain_workspace_listener.h>
#include <testutils/sequencer_test_utils.h>
#include <memory>
#include <string>
#include <utility>                                                  // for pair
#include <vector>
#include "gmock/gmock.h"
#include "oac_tree_gui/pvmonitor/workspace_synchronizer.h"
---


/home/pospelov/development/iter/projects/sequencer-gui/test/testoac-tree-gui-integration/workspace_synchronizer_softioc_tests.cpp should add these lines:
#include <mvvm/core/mvvm_types.h>
#include <mvvm/model/tagindex.h>
#include <mvvm/signals/event_types.h>
#include <qtestsupport_core.h>
#include <sup/dto/anytype.h>
#include <sup/dto/anyvalue.h>
#include <sup/oac-tree/workspace.h>
#include <memory>
#include <string>
#include <utility>                                                  // for pair
#include <variant>                                                  // for get
#include <vector>
#include "gmock/gmock.h"

/home/pospelov/development/iter/projects/sequencer-gui/test/testoac-tree-gui-integration/workspace_synchronizer_softioc_tests.cpp should remove these lines:
- #include <testutils/mock_domain_workspace_listener.h>  // lines 39-39
- #include <testutils/test_utils.h>  // lines 40-40
- #include <QTest>  // lines 42-42

The full include-list for /home/pospelov/development/iter/projects/sequencer-gui/test/testoac-tree-gui-integration/workspace_synchronizer_softioc_tests.cpp:
#include <gtest/gtest.h>
#include <mvvm/core/mvvm_types.h>
#include <mvvm/model/tagindex.h>
#include <mvvm/signals/event_types.h>
#include <mvvm/test/mock_model_listener.h>
#include <oac_tree_gui/domain/domain_helper.h>
#include <oac_tree_gui/model/sequencer_item_helper.h>
#include <oac_tree_gui/model/standard_variable_items.h>
#include <oac_tree_gui/model/workspace_item.h>
#include <oac_tree_gui/pvmonitor/monitor_model.h>
#include <oac_tree_gui/pvmonitor/workspace_monitor_helper.h>
#include <oac_tree_gui/transform/anyvalue_item_transform_helper.h>
#include <qtestsupport_core.h>
#include <sup/dto/anytype.h>
#include <sup/dto/anyvalue.h>
#include <sup/epics-test/softioc_runner.h>
#include <sup/gui/model/anyvalue_conversion_utils.h>
#include <sup/gui/model/anyvalue_item.h>
#include <sup/oac-tree/workspace.h>
#include <memory>
#include <string>
#include <utility>                                                  // for pair
#include <variant>                                                  // for get
#include <vector>
#include "gmock/gmock.h"
#include "oac_tree_gui/pvmonitor/workspace_synchronizer.h"
---

